t,x,y,psi,u,v,r
0.000000,0.000000000e+00,0.000000000e+00,0.000000000e+00,0.000000000e+00,0.000000000e+00,0.000000000e+00
0.010000,0.000000000e+00,3.737531250e-06,0.000000000e+00,0.000000000e+00,7.462624688e-04,0.000000000e+00
0.020000,0.000000000e+00,1.490049813e-05,0.000000000e+00,0.000000000e+00,1.485099502e-03,0.000000000e+00
0.030000,0.000000000e+00,3.341501632e-05,0.000000000e+00,0.000000000e+00,2.216584984e-03,0.000000000e+00
0.040000,0.000000000e+00,5.920793667e-05,0.000000000e+00,0.000000000e+00,2.940792063e-03,0.000000000e+00
0.050000,0.000000000e+00,9.220683785e-05,0.000000000e+00,0.000000000e+00,3.657793162e-03,0.000000000e+00
0.060000,0.000000000e+00,1.323400192e-04,0.000000000e+00,0.000000000e+00,4.367659981e-03,0.000000000e+00
0.070000,0.000000000e+00,1.795364934e-04,0.000000000e+00,0.000000000e+00,5.070463507e-03,0.000000000e+00
0.080000,0.000000000e+00,2.337259795e-04,0.000000000e+00,0.000000000e+00,5.766274021e-03,0.000000000e+00
0.090000,0.000000000e+00,2.948388959e-04,0.000000000e+00,0.000000000e+00,6.455161104e-03,0.000000000e+00
0.100000,0.000000000e+00,3.628063533e-04,0.000000000e+00,0.000000000e+00,7.137193647e-03,0.000000000e+00
0.110000,0.000000000e+00,4.375601479e-04,0.000000000e+00,0.000000000e+00,7.812439852e-03,0.000000000e+00
0.120000,0.000000000e+00,5.190327545e-04,0.000000000e+00,0.000000000e+00,8.480967246e-03,0.000000000e+00
0.130000,0.000000000e+00,6.071573198e-04,0.000000000e+00,0.000000000e+00,9.142842680e-03,0.000000000e+00
0.140000,0.000000000e+00,7.018676557e-04,0.000000000e+00,0.000000000e+00,9.798132344e-03,0.000000000e+00
0.150000,0.000000000e+00,8.030982327e-04,0.000000000e+00,0.000000000e+00,1.044690177e-02,0.000000000e+00
0.160000,0.000000000e+00,9.107841733e-04,0.000000000e+00,0.000000000e+00,1.108921583e-02,0.000000000e+00
0.170000,0.000000000e+00,1.024861246e-03,0.000000000e+00,0.000000000e+00,1.172513875e-02,0.000000000e+00
0.180000,0.000000000e+00,1.145265857e-03,0.000000000e+00,0.000000000e+00,1.235473414e-02,0.000000000e+00
0.190000,0.000000000e+00,1.271935047e-03,0.000000000e+00,0.000000000e+00,1.297806495e-02,0.000000000e+00
0.200000,0.000000000e+00,1.404806482e-03,0.000000000e+00,0.000000000e+00,1.359519352e-02,0.000000000e+00
0.210000,0.000000000e+00,1.543818449e-03,0.000000000e+00,0.000000000e+00,1.420618155e-02,0.000000000e+00
0.220000,0.000000000e+00,1.688909848e-03,0.000000000e+00,0.000000000e+00,1.481109015e-02,0.000000000e+00
0.230000,0.000000000e+00,1.840020189e-03,0.000000000e+00,0.000000000e+00,1.540997981e-02,0.000000000e+00
0.240000,0.000000000e+00,1.997089581e-03,0.000000000e+00,0.000000000e+00,1.600291042e-02,0.000000000e+00
0.250000,0.000000000e+00,2.160058732e-03,0.000000000e+00,0.000000000e+00,1.658994127e-02,0.000000000e+00
0.260000,0.000000000e+00,2.328868937e-03,0.000000000e+00,0.000000000e+00,1.717113106e-02,0.000000000e+00
0.270000,0.000000000e+00,2.503462077e-03,0.000000000e+00,0.000000000e+00,1.774653792e-02,0.000000000e+00
0.280000,0.000000000e+00,2.683780611e-03,0.000000000e+00,0.000000000e+00,1.831621939e-02,0.000000000e+00
0.290000,0.000000000e+00,2.869767570e-03,0.000000000e+00,0.000000000e+00,1.888023243e-02,0.000000000e+00
0.300000,0.000000000e+00,3.061366553e-03,0.000000000e+00,0.000000000e+00,1.943863345e-02,0.000000000e+00
0.310000,0.000000000e+00,3.258521718e-03,0.000000000e+00,0.000000000e+00,1.999147828e-02,0.000000000e+00
0.320000,0.000000000e+00,3.461177782e-03,0.000000000e+00,0.000000000e+00,2.053882222e-02,0.000000000e+00
0.330000,0.000000000e+00,3.669280009e-03,0.000000000e+00,0.000000000e+00,2.108071999e-02,0.000000000e+00
0.340000,0.000000000e+00,3.882774209e-03,0.000000000e+00,0.000000000e+00,2.161722579e-02,0.000000000e+00
0.350000,0.000000000e+00,4.101606730e-03,0.000000000e+00,0.000000000e+00,2.214839327e-02,0.000000000e+00
0.360000,0.000000000e+00,4.325724457e-03,0.000000000e+00,0.000000000e+00,2.267427554e-02,0.000000000e+00
0.370000,0.000000000e+00,4.555074799e-03,0.000000000e+00,0.000000000e+00,2.319492520e-02,0.000000000e+00
0.380000,0.000000000e+00,4.789605693e-03,0.000000000e+00,0.000000000e+00,2.371039431e-02,0.000000000e+00
0.390000,0.000000000e+00,5.029265589e-03,0.000000000e+00,0.000000000e+00,2.422073441e-02,0.000000000e+00
0.400000,0.000000000e+00,5.274003454e-03,0.000000000e+00,0.000000000e+00,2.472599655e-02,0.000000000e+00
0.410000,0.000000000e+00,5.523768762e-03,0.000000000e+00,0.000000000e+00,2.522623124e-02,0.000000000e+00
0.420000,0.000000000e+00,5.778511488e-03,0.000000000e+00,0.000000000e+00,2.572148851e-02,0.000000000e+00
0.430000,0.000000000e+00,6.038182106e-03,0.000000000e+00,0.000000000e+00,2.621181789e-02,0.000000000e+00
0.440000,0.000000000e+00,6.302731583e-03,0.000000000e+00,0.000000000e+00,2.669726842e-02,0.000000000e+00
0.450000,0.000000000e+00,6.572111373e-03,0.000000000e+00,0.000000000e+00,2.717788863e-02,0.000000000e+00
0.460000,0.000000000e+00,6.846273415e-03,0.000000000e+00,0.000000000e+00,2.765372659e-02,0.000000000e+00
0.470000,0.000000000e+00,7.125170123e-03,0.000000000e+00,0.000000000e+00,2.812482988e-02,0.000000000e+00
0.480000,0.000000000e+00,7.408754387e-03,0.000000000e+00,0.000000000e+00,2.859124561e-02,0.000000000e+00
0.490000,0.000000000e+00,7.696979566e-03,0.000000000e+00,0.000000000e+00,2.905302043e-02,0.000000000e+00
0.500000,0.000000000e+00,7.989799480e-03,0.000000000e+00,0.000000000e+00,2.951020052e-02,0.000000000e+00
0.510000,0.000000000e+00,8.287168413e-03,0.000000000e+00,0.000000000e+00,2.996283159e-02,0.000000000e+00
0.520000,0.000000000e+00,8.589041100e-03,0.000000000e+00,0.000000000e+00,3.041095890e-02,0.000000000e+00
0.530000,0.000000000e+00,8.895372728e-03,0.000000000e+00,0.000000000e+00,3.085462727e-02,0.000000000e+00
0.540000,0.000000000e+00,9.206118930e-03,0.000000000e+00,0.000000000e+00,3.129388107e-02,0.000000000e+00
0.550000,0.000000000e+00,9.521235781e-03,0.000000000e+00,0.000000000e+00,3.172876422e-02,0.000000000e+00
0.560000,0.000000000e+00,9.840679791e-03,0.000000000e+00,0.000000000e+00,3.215932021e-02,0.000000000e+00
0.570000,0.000000000e+00,1.016440790e-02,0.000000000e+00,0.000000000e+00,3.258559210e-02,0.000000000e+00
0.580000,0.000000000e+00,1.049237749e-02,0.000000000e+00,0.000000000e+00,3.300762251e-02,0.000000000e+00
0.590000,0.000000000e+00,1.082454636e-02,0.000000000e+00,0.000000000e+00,3.342545364e-02,0.000000000e+00
0.600000,0.000000000e+00,1.116087271e-02,0.000000000e+00,0.000000000e+00,3.383912729e-02,0.000000000e+00
0.610000,0.000000000e+00,1.150131518e-02,0.000000000e+00,0.000000000e+00,3.424868482e-02,0.000000000e+00
0.620000,0.000000000e+00,1.184583282e-02,0.000000000e+00,0.000000000e+00,3.465416718e-02,0.000000000e+00
0.630000,0.000000000e+00,1.219438508e-02,0.000000000e+00,0.000000000e+00,3.505561492e-02,0.000000000e+00
0.640000,0.000000000e+00,1.254693181e-02,0.000000000e+00,0.000000000e+00,3.545306819e-02,0.000000000e+00
0.650000,0.000000000e+00,1.290343326e-02,0.000000000e+00,0.000000000e+00,3.584656674e-02,0.000000000e+00
0.660000,0.000000000e+00,1.326385009e-02,0.000000000e+00,0.000000000e+00,3.623614991e-02,0.000000000e+00
0.670000,0.000000000e+00,1.362814334e-02,0.000000000e+00,0.000000000e+00,3.662185666e-02,0.000000000e+00
0.680000,0.000000000e+00,1.399627443e-02,0.000000000e+00,0.000000000e+00,3.700372557e-02,0.000000000e+00
0.690000,0.000000000e+00,1.436820518e-02,0.000000000e+00,0.000000000e+00,3.738179482e-02,0.000000000e+00
0.700000,0.000000000e+00,1.474389779e-02,0.000000000e+00,0.000000000e+00,3.775610221e-02,0.000000000e+00
0.710000,0.000000000e+00,1.512331481e-02,0.000000000e+00,0.000000000e+00,3.812668519e-02,0.000000000e+00
0.720000,0.000000000e+00,1.550641920e-02,0.000000000e+00,0.000000000e+00,3.849358080e-02,0.000000000e+00
0.730000,0.000000000e+00,1.589317426e-02,0.000000000e+00,0.000000000e+00,3.885682574e-02,0.000000000e+00
0.740000,0.000000000e+00,1.628354367e-02,0.000000000e+00,0.000000000e+00,3.921645633e-02,0.000000000e+00
0.750000,0.000000000e+00,1.667749146e-02,0.000000000e+00,0.000000000e+00,3.957250854e-02,0.000000000e+00
0.760000,0.000000000e+00,1.707498203e-02,0.000000000e+00,0.000000000e+00,3.992501797e-02,0.000000000e+00
0.770000,0.000000000e+00,1.747598013e-02,0.000000000e+00,0.000000000e+00,4.027401987e-02,0.000000000e+00
0.780000,0.000000000e+00,1.788045085e-02,0.000000000e+00,0.000000000e+00,4.061954915e-02,0.000000000e+00
0.790000,0.000000000e+00,1.828835965e-02,0.000000000e+00,0.000000000e+00,4.096164035e-02,0.000000000e+00
0.800000,0.000000000e+00,1.869967231e-02,0.000000000e+00,0.000000000e+00,4.130032769e-02,0.000000000e+00
0.810000,0.000000000e+00,1.911435497e-02,0.000000000e+00,0.000000000e+00,4.163564503e-02,0.000000000e+00
0.820000,0.000000000e+00,1.953237409e-02,0.000000000e+00,0.000000000e+00,4.196762591e-02,0.000000000e+00
0.830000,0.000000000e+00,1.995369648e-02,0.000000000e+00,0.000000000e+00,4.229630352e-02,0.000000000e+00
0.840000,0.000000000e+00,2.037828926e-02,0.000000000e+00,0.000000000e+00,4.262171074e-02,0.000000000e+00
0.850000,0.000000000e+00,2.080611990e-02,0.000000000e+00,0.000000000e+00,4.294388010e-02,0.000000000e+00
0.860000,0.000000000e+00,2.123715618e-02,0.000000000e+00,0.000000000e+00,4.326284382e-02,0.000000000e+00
0.870000,0.000000000e+00,2.167136620e-02,0.000000000e+00,0.000000000e+00,4.357863380e-02,0.000000000e+00
0.880000,0.000000000e+00,2.210871838e-02,0.000000000e+00,0.000000000e+00,4.389128162e-02,0.000000000e+00
0.890000,0.000000000e+00,2.254918146e-02,0.000000000e+00,0.000000000e+00,4.420081854e-02,0.000000000e+00
0.900000,0.000000000e+00,2.299272448e-02,0.000000000e+00,0.000000000e+00,4.450727552e-02,0.000000000e+00
0.910000,0.000000000e+00,2.343931680e-02,0.000000000e+00,0.000000000e+00,4.481068320e-02,0.000000000e+00
0.920000,0.000000000e+00,2.388892808e-02,0.000000000e+00,0.000000000e+00,4.511107192e-02,0.000000000e+00
0.930000,0.000000000e+00,2.434152828e-02,0.000000000e+00,0.000000000e+00,4.540847172e-02,0.000000000e+00
0.940000,0.000000000e+00,2.479708765e-02,0.000000000e+00,0.000000000e+00,4.570291235e-02,0.000000000e+00
0.950000,0.000000000e+00,2.525557676e-02,0.000000000e+00,0.000000000e+00,4.599442324e-02,0.000000000e+00
0.960000,0.000000000e+00,2.571696645e-02,0.000000000e+00,0.000000000e+00,4.628303355e-02,0.000000000e+00
0.970000,0.000000000e+00,2.618122786e-02,0.000000000e+00,0.000000000e+00,4.656877214e-02,0.000000000e+00
0.980000,0.000000000e+00,2.664833242e-02,0.000000000e+00,0.000000000e+00,4.685166758e-02,0.000000000e+00
0.990000,0.000000000e+00,2.711825183e-02,0.000000000e+00,0.000000000e+00,4.713174817e-02,0.000000000e+00
1.000000,0.000000000e+00,2.759095809e-02,0.000000000e+00,0.000000000e+00,4.740904191e-02,0.000000000e+00
1.010000,0.000000000e+00,2.806642347e-02,0.000000000e+00,0.000000000e+00,4.768357653e-02,0.000000000e+00
1.020000,0.000000000e+00,2.854462052e-02,0.000000000e+00,0.000000000e+00,4.795537948e-02,0.000000000e+00
1.030000,0.000000000e+00,2.902552205e-02,0.000000000e+00,0.000000000e+00,4.822447795e-02,0.000000000e+00
1.040000,0.000000000e+00,2.950910115e-02,0.000000000e+00,0.000000000e+00,4.849089885e-02,0.000000000e+00
1.050000,0.000000000e+00,2.999533119e-02,0.000000000e+00,0.000000000e+00,4.875466881e-02,0.000000000e+00
1.060000,0.000000000e+00,3.048418578e-02,0.000000000e+00,0.000000000e+00,4.901581422e-02,0.000000000e+00
1.070000,0.000000000e+00,3.097563881e-02,0.000000000e+00,0.000000000e+00,4.927436119e-02,0.000000000e+00
1.080000,0.000000000e+00,3.146966443e-02,0.000000000e+00,0.000000000e+00,4.953033557e-02,0.000000000e+00
1.090000,0.000000000e+00,3.196623703e-02,0.000000000e+00,0.000000000e+00,4.978376297e-02,0.000000000e+00
1.100000,0.000000000e+00,3.246533128e-02,0.000000000e+00,0.000000000e+00,5.003466872e-02,0.000000000e+00
1.110000,0.000000000e+00,3.296692208e-02,0.000000000e+00,0.000000000e+00,5.028307792e-02,0.000000000e+00
1.120000,0.000000000e+00,3.347098460e-02,0.000000000e+00,0.000000000e+00,5.052901540e-02,0.000000000e+00
1.130000,0.000000000e+00,3.397749423e-02,0.000000000e+00,0.000000000e+00,5.077250577e-02,0.000000000e+00
1.140000,0.000000000e+00,3.448642664e-02,0.000000000e+00,0.000000000e+00,5.101357336e-02,0.000000000e+00
1.150000,0.000000000e+00,3.499775771e-02,0.000000000e+00,0.000000000e+00,5.125224229e-02,0.000000000e+00
1.160000,0.000000000e+00,3.551146357e-02,0.000000000e+00,0.000000000e+00,5.148853643e-02,0.000000000e+00
1.170000,0.000000000e+00,3.602752060e-02,0.000000000e+00,0.000000000e+00,5.172247940e-02,0.000000000e+00
1.180000,0.000000000e+00,3.654590540e-02,0.000000000e+00,0.000000000e+00,5.195409460e-02,0.000000000e+00
1.190000,0.000000000e+00,3.706659481e-02,0.000000000e+00,0.000000000e+00,5.218340519e-02,0.000000000e+00
1.200000,0.000000000e+00,3.758956590e-02,0.000000000e+00,0.000000000e+00,5.241043410e-02,0.000000000e+00
1.210000,0.000000000e+00,3.811479596e-02,0.000000000e+00,0.000000000e+00,5.263520404e-02,0.000000000e+00
1.220000,0.000000000e+00,3.864226252e-02,0.000000000e+00,0.000000000e+00,5.285773748e-02,0.000000000e+00
1.230000,0.000000000e+00,3.917194333e-02,0.000000000e+00,0.000000000e+00,5.307805667e-02,0.000000000e+00
1.240000,0.000000000e+00,3.970381635e-02,0.000000000e+00,0.000000000e+00,5.329618365e-02,0.000000000e+00
1.250000,0.000000000e+00,4.023785977e-02,0.000000000e+00,0.000000000e+00,5.351214023e-02,0.000000000e+00
1.260000,0.000000000e+00,4.077405199e-02,0.000000000e+00,0.000000000e+00,5.372594801e-02,0.000000000e+00
1.270000,0.000000000e+00,4.131237164e-02,0.000000000e+00,0.000000000e+00,5.393762836e-02,0.000000000e+00
1.280000,0.000000000e+00,4.185279754e-02,0.000000000e+00,0.000000000e+00,5.414720246e-02,0.000000000e+00
1.290000,0.000000000e+00,4.239530873e-02,0.000000000e+00,0.000000000e+00,5.435469127e-02,0.000000000e+00
1.300000,0.000000000e+00,4.293988448e-02,0.000000000e+00,0.000000000e+00,5.456011552e-02,0.000000000e+00
1.310000,0.000000000e+00,4.348650423e-02,0.000000000e+00,0.000000000e+00,5.476349577e-02,0.000000000e+00
1.320000,0.000000000e+00,4.403514765e-02,0.000000000e+00,0.000000000e+00,5.496485235e-02,0.000000000e+00
1.330000,0.000000000e+00,4.458579460e-02,0.000000000e+00,0.000000000e+00,5.516420540e-02,0.000000000e+00
1.340000,0.000000000e+00,4.513842515e-02,0.000000000e+00,0.000000000e+00,5.536157485e-02,0.000000000e+00
1.350000,0.000000000e+00,4.569301955e-02,0.000000000e+00,0.000000000e+00,5.555698045e-02,0.000000000e+00
1.360000,0.000000000e+00,4.624955827e-02,0.000000000e+00,0.000000000e+00,5.575044173e-02,0.000000000e+00
1.370000,0.000000000e+00,4.680802197e-02,0.000000000e+00,0.000000000e+00,5.594197803e-02,0.000000000e+00
1.380000,0.000000000e+00,4.736839148e-02,0.000000000e+00,0.000000000e+00,5.613160852e-02,0.000000000e+00
1.390000,0.000000000e+00,4.793064785e-02,0.000000000e+00,0.000000000e+00,5.631935215e-02,0.000000000e+00
1.400000,0.000000000e+00,4.849477230e-02,0.000000000e+00,0.000000000e+00,5.650522770e-02,0.000000000e+00
1.410000,0.000000000e+00,4.906074624e-02,0.000000000e+00,0.000000000e+00,5.668925376e-02,0.000000000e+00
1.420000,0.000000000e+00,4.962855127e-02,0.000000000e+00,0.000000000e+00,5.687144873e-02,0.000000000e+00
1.430000,0.000000000e+00,5.019816917e-02,0.000000000e+00,0.000000000e+00,5.705183083e-02,0.000000000e+00
1.440000,0.000000000e+00,5.076958190e-02,0.000000000e+00,0.000000000e+00,5.723041810e-02,0.000000000e+00
1.450000,0.000000000e+00,5.134277161e-02,0.000000000e+00,0.000000000e+00,5.740722839e-02,0.000000000e+00
1.460000,0.000000000e+00,5.191772061e-02,0.000000000e+00,0.000000000e+00,5.758227939e-02,0.000000000e+00
1.470000,0.000000000e+00,5.249441139e-02,0.000000000e+00,0.000000000e+00,5.775558861e-02,0.000000000e+00
1.480000,0.000000000e+00,5.307282663e-02,0.000000000e+00,0.000000000e+00,5.792717337e-02,0.000000000e+00
1.490000,0.000000000e+00,5.365294917e-02,0.000000000e+00,0.000000000e+00,5.809705083e-02,0.000000000e+00
1.500000,0.000000000e+00,5.423476201e-02,0.000000000e+00,0.000000000e+00,5.826523799e-02,0.000000000e+00
1.510000,0.000000000e+00,5.481824835e-02,0.000000000e+00,0.000000000e+00,5.843175165e-02,0.000000000e+00
1.520000,0.000000000e+00,5.540339152e-02,0.000000000e+00,0.000000000e+00,5.859660848e-02,0.000000000e+00
1.530000,0.000000000e+00,5.599017505e-02,0.000000000e+00,0.000000000e+00,5.875982495e-02,0.000000000e+00
1.540000,0.000000000e+00,5.657858261e-02,0.000000000e+00,0.000000000e+00,5.892141739e-02,0.000000000e+00
1.550000,0.000000000e+00,5.716859804e-02,0.000000000e+00,0.000000000e+00,5.908140196e-02,0.000000000e+00
1.560000,0.000000000e+00,5.776020534e-02,0.000000000e+00,0.000000000e+00,5.923979466e-02,0.000000000e+00
1.570000,0.000000000e+00,5.835338868e-02,0.000000000e+00,0.000000000e+00,5.939661132e-02,0.000000000e+00
1.580000,0.000000000e+00,5.894813237e-02,0.000000000e+00,0.000000000e+00,5.955186763e-02,0.000000000e+00
1.590000,0.000000000e+00,5.954442088e-02,0.000000000e+00,0.000000000e+00,5.970557912e-02,0.000000000e+00
1.600000,0.000000000e+00,6.014223885e-02,0.000000000e+00,0.000000000e+00,5.985776115e-02,0.000000000e+00
1.610000,0.000000000e+00,6.074157106e-02,0.000000000e+00,0.000000000e+00,6.000842894e-02,0.000000000e+00
1.620000,0.000000000e+00,6.134240243e-02,0.000000000e+00,0.000000000e+00,6.015759757e-02,0.000000000e+00
1.630000,0.000000000e+00,6.194471806e-02,0.000000000e+00,0.000000000e+00,6.030528194e-02,0.000000000e+00
1.640000,0.000000000e+00,6.254850317e-02,0.000000000e+00,0.000000000e+00,6.045149683e-02,0.000000000e+00
1.650000,0.000000000e+00,6.315374315e-02,0.000000000e+00,0.000000000e+00,6.059625685e-02,0.000000000e+00
1.660000,0.000000000e+00,6.376042351e-02,0.000000000e+00,0.000000000e+00,6.073957649e-02,0.000000000e+00
1.670000,0.000000000e+00,6.436852992e-02,0.000000000e+00,0.000000000e+00,6.088147008e-02,0.000000000e+00
1.680000,0.000000000e+00,6.497804820e-02,0.000000000e+00,0.000000000e+00,6.102195180e-02,0.000000000e+00
1.690000,0.000000000e+00,6.558896430e-02,0.000000000e+00,0.000000000e+00,6.116103570e-02,0.000000000e+00
1.700000,0.000000000e+00,6.620126431e-02,0.000000000e+00,0.000000000e+00,6.129873569e-02,0.000000000e+00
1.710000,0.000000000e+00,6.681493445e-02,0.000000000e+00,0.000000000e+00,6.143506555e-02,0.000000000e+00
1.720000,0.000000000e+00,6.742996110e-02,0.000000000e+00,0.000000000e+00,6.157003890e-02,0.000000000e+00
1.730000,0.000000000e+00,6.804633075e-02,0.000000000e+00,0.000000000e+00,6.170366925e-02,0.000000000e+00
1.740000,0.000000000e+00,6.866403005e-02,0.000000000e+00,0.000000000e+00,6.183596995e-02,0.000000000e+00
1.750000,0.000000000e+00,6.928304576e-02,0.000000000e+00,0.000000000e+00,6.196695424e-02,0.000000000e+00
1.760000,0.000000000e+00,6.990336479e-02,0.000000000e+00,0.000000000e+00,6.209663521e-02,0.000000000e+00
1.770000,0.000000000e+00,7.052497416e-02,0.000000000e+00,0.000000000e+00,6.222502584e-02,0.000000000e+00
1.780000,0.000000000e+00,7.114786105e-02,0.000000000e+00,0.000000000e+00,6.235213895e-02,0.000000000e+00
1.790000,0.000000000e+00,7.177201273e-02,0.000000000e+00,0.000000000e+00,6.247798727e-02,0.000000000e+00
1.800000,0.000000000e+00,7.239741662e-02,0.000000000e+00,0.000000000e+00,6.260258338e-02,0.000000000e+00
1.810000,0.000000000e+00,7.302406026e-02,0.000000000e+00,0.000000000e+00,6.272593974e-02,0.000000000e+00
1.820000,0.000000000e+00,7.365193132e-02,0.000000000e+00,0.000000000e+00,6.284806868e-02,0.000000000e+00
1.830000,0.000000000e+00,7.428101758e-02,0.000000000e+00,0.000000000e+00,6.296898242e-02,0.000000000e+00
1.840000,0.000000000e+00,7.491130696e-02,0.000000000e+00,0.000000000e+00,6.308869304e-02,0.000000000e+00
1.850000,0.000000000e+00,7.554278748e-02,0.000000000e+00,0.000000000e+00,6.320721252e-02,0.000000000e+00
1.860000,0.000000000e+00,7.617544728e-02,0.000000000e+00,0.000000000e+00,6.332455272e-02,0.000000000e+00
1.870000,0.000000000e+00,7.680927464e-02,0.000000000e+00,0.000000000e+00,6.344072536e-02,0.000000000e+00
1.880000,0.000000000e+00,7.744425793e-02,0.000000000e+00,0.000000000e+00,6.355574207e-02,0.000000000e+00
1.890000,0.000000000e+00,7.808038566e-02,0.000000000e+00,0.000000000e+00,6.366961434e-02,0.000000000e+00
1.900000,0.000000000e+00,7.871764644e-02,0.000000000e+00,0.000000000e+00,6.378235356e-02,0.000000000e+00
1.910000,0.000000000e+00,7.935602900e-02,0.000000000e+00,0.000000000e+00,6.389397100e-02,0.000000000e+00
1.920000,0.000000000e+00,7.999552216e-02,0.000000000e+00,0.000000000e+00,6.400447784e-02,0.000000000e+00
1.930000,0.000000000e+00,8.063611489e-02,0.000000000e+00,0.000000000e+00,6.411388511e-02,0.000000000e+00
1.940000,0.000000000e+00,8.127779624e-02,0.000000000e+00,0.000000000e+00,6.422220376e-02,0.000000000e+00
1.950000,0.000000000e+00,8.192055537e-02,0.000000000e+00,0.000000000e+00,6.432944463e-02,0.000000000e+00
1.960000,0.000000000e+00,8.256438157e-02,0.000000000e+00,0.000000000e+00,6.443561843e-02,0.000000000e+00
1.970000,0.000000000e+00,8.320926422e-02,0.000000000e+00,0.000000000e+00,6.454073578e-02,0.000000000e+00
1.980000,0.000000000e+00,8.385519280e-02,0.000000000e+00,0.000000000e+00,6.464480720e-02,0.000000000e+00
1.990000,0.000000000e+00,8.450215691e-02,0.000000000e+00,0.000000000e+00,6.474784309e-02,0.000000000e+00
2.000000,0.000000000e+00,8.515014624e-02,0.000000000e+00,0.000000000e+00,6.484985376e-02,0.000000000e+00
2.010000,0.000000000e+00,8.579915060e-02,0.000000000e+00,0.000000000e+00,6.495084940e-02,0.000000000e+00
2.020000,0.000000000e+00,8.644915988e-02,0.000000000e+00,0.000000000e+00,6.505084012e-02,0.000000000e+00
2.030000,0.000000000e+00,8.710016409e-02,0.000000000e+00,0.000000000e+00,6.514983591e-02,0.000000000e+00
2.040000,0.000000000e+00,8.775215332e-02,0.000000000e+00,0.000000000e+00,6.524784668e-02,0.000000000e+00
2.050000,0.000000000e+00,8.840511777e-02,0.000000000e+00,0.000000000e+00,6.534488223e-02,0.000000000e+00
2.060000,0.000000000e+00,8.905904774e-02,0.000000000e+00,0.000000000e+00,6.544095226e-02,0.000000000e+00
2.070000,0.000000000e+00,8.971393363e-02,0.000000000e+00,0.000000000e+00,6.553606637e-02,0.000000000e+00
2.080000,0.000000000e+00,9.036976592e-02,0.000000000e+00,0.000000000e+00,6.563023408e-02,0.000000000e+00
2.090000,0.000000000e+00,9.102653519e-02,0.000000000e+00,0.000000000e+00,6.572346481e-02,0.000000000e+00
2.100000,0.000000000e+00,9.168423212e-02,0.000000000e+00,0.000000000e+00,6.581576788e-02,0.000000000e+00
2.110000,0.000000000e+00,9.234284748e-02,0.000000000e+00,0.000000000e+00,6.590715252e-02,0.000000000e+00
2.120000,0.000000000e+00,9.300237214e-02,0.000000000e+00,0.000000000e+00,6.599762786e-02,0.000000000e+00
2.130000,0.000000000e+00,9.366279704e-02,0.000000000e+00,0.000000000e+00,6.608720296e-02,0.000000000e+00
2.140000,0.000000000e+00,9.432411323e-02,0.000000000e+00,0.000000000e+00,6.617588677e-02,0.000000000e+00
2.150000,0.000000000e+00,9.498631183e-02,0.000000000e+00,0.000000000e+00,6.626368817e-02,0.000000000e+00
2.160000,0.000000000e+00,9.564938408e-02,0.000000000e+00,0.000000000e+00,6.635061592e-02,0.000000000e+00
2.170000,0.000000000e+00,9.631332127e-02,0.000000000e+00,0.000000000e+00,6.643667873e-02,0.000000000e+00
2.180000,0.000000000e+00,9.697811480e-02,0.000000000e+00,0.000000000e+00,6.652188520e-02,0.000000000e+00
2.190000,0.000000000e+00,9.764375615e-02,0.000000000e+00,0.000000000e+00,6.660624385e-02,0.000000000e+00
2.200000,0.000000000e+00,9.831023688e-02,0.000000000e+00,0.000000000e+00,6.668976312e-02,0.000000000e+00
2.210000,0.000000000e+00,9.897754864e-02,0.000000000e+00,0.000000000e+00,6.677245136e-02,0.000000000e+00
2.220000,0.000000000e+00,9.964568316e-02,0.000000000e+00,0.000000000e+00,6.685431684e-02,0.000000000e+00
2.230000,0.000000000e+00,1.003146323e-01,0.000000000e+00,0.000000000e+00,6.693536774e-02,0.000000000e+00
2.240000,0.000000000e+00,1.009843878e-01,0.000000000e+00,0.000000000e+00,6.701561217e-02,0.000000000e+00
2.250000,0.000000000e+00,1.016549418e-01,0.000000000e+00,0.000000000e+00,6.709505816e-02,0.000000000e+00
2.260000,0.000000000e+00,1.023262864e-01,0.000000000e+00,0.000000000e+00,6.717371364e-02,0.000000000e+00
2.270000,0.000000000e+00,1.029984135e-01,0.000000000e+00,0.000000000e+00,6.725158649e-02,0.000000000e+00
2.280000,0.000000000e+00,1.036713155e-01,0.000000000e+00,0.000000000e+00,6.732868449e-02,0.000000000e+00
2.290000,0.000000000e+00,1.043449846e-01,0.000000000e+00,0.000000000e+00,6.740501536e-02,0.000000000e+00
2.300000,0.000000000e+00,1.050194133e-01,0.000000000e+00,0.000000000e+00,6.748058672e-02,0.000000000e+00
2.310000,0.000000000e+00,1.056945939e-01,0.000000000e+00,0.000000000e+00,6.755540613e-02,0.000000000e+00
2.320000,0.000000000e+00,1.063705189e-01,0.000000000e+00,0.000000000e+00,6.762948108e-02,0.000000000e+00
2.330000,0.000000000e+00,1.070471810e-01,0.000000000e+00,0.000000000e+00,6.770281897e-02,0.000000000e+00
2.340000,0.000000000e+00,1.077245729e-01,0.000000000e+00,0.000000000e+00,6.777542713e-02,0.000000000e+00
2.350000,0.000000000e+00,1.084026872e-01,0.000000000e+00,0.000000000e+00,6.784731283e-02,0.000000000e+00
2.360000,0.000000000e+00,1.090815167e-01,0.000000000e+00,0.000000000e+00,6.791848326e-02,0.000000000e+00
2.370000,0.000000000e+00,1.097610545e-01,0.000000000e+00,0.000000000e+00,6.798894553e-02,0.000000000e+00
2.380000,0.000000000e+00,1.104412933e-01,0.000000000e+00,0.000000000e+00,6.805870669e-02,0.000000000e+00
2.390000,0.000000000e+00,1.111222263e-01,0.000000000e+00,0.000000000e+00,6.812777371e-02,0.000000000e+00
2.400000,0.000000000e+00,1.118038465e-01,0.000000000e+00,0.000000000e+00,6.819615350e-02,0.000000000e+00
2.410000,0.000000000e+00,1.124861471e-01,0.000000000e+00,0.000000000e+00,6.826385291e-02,0.000000000e+00
2.420000,0.000000000e+00,1.131691213e-01,0.000000000e+00,0.000000000e+00,6.833087869e-02,0.000000000e+00
2.430000,0.000000000e+00,1.138527624e-01,0.000000000e+00,0.000000000e+00,6.839723755e-02,0.000000000e+00
2.440000,0.000000000e+00,1.145370639e-01,0.000000000e+00,0.000000000e+00,6.846293614e-02,0.000000000e+00
2.450000,0.000000000e+00,1.152220190e-01,0.000000000e+00,0.000000000e+00,6.852798101e-02,0.000000000e+00
2.460000,0.000000000e+00,1.159076213e-01,0.000000000e+00,0.000000000e+00,6.859237868e-02,0.000000000e+00
2.470000,0.000000000e+00,1.165938644e-01,0.000000000e+00,0.000000000e+00,6.865613557e-02,0.000000000e+00
2.480000,0.000000000e+00,1.172807419e-01,0.000000000e+00,0.000000000e+00,6.871925808e-02,0.000000000e+00
2.490000,0.000000000e+00,1.179682475e-01,0.000000000e+00,0.000000000e+00,6.878175251e-02,0.000000000e+00
2.500000,0.000000000e+00,1.186563749e-01,0.000000000e+00,0.000000000e+00,6.884362510e-02,0.000000000e+00
2.510000,0.000000000e+00,1.193451179e-01,0.000000000e+00,0.000000000e+00,6.890488206e-02,0.000000000e+00
2.520000,0.000000000e+00,1.200344705e-01,0.000000000e+00,0.000000000e+00,6.896552949e-02,0.000000000e+00
2.530000,0.000000000e+00,1.207244265e-01,0.000000000e+00,0.000000000e+00,6.902557348e-02,0.000000000e+00
2.540000,0.000000000e+00,1.214149800e-01,0.000000000e+00,0.000000000e+00,6.908502001e-02,0.000000000e+00
2.550000,0.000000000e+00,1.221061250e-01,0.000000000e+00,0.000000000e+00,6.914387505e-02,0.000000000e+00
2.560000,0.000000000e+00,1.227978555e-01,0.000000000e+00,0.000000000e+00,6.920214447e-02,0.000000000e+00
2.570000,0.000000000e+00,1.234901659e-01,0.000000000e+00,0.000000000e+00,6.925983409e-02,0.000000000e+00
2.580000,0.000000000e+00,1.241830503e-01,0.000000000e+00,0.000000000e+00,6.931694970e-02,0.000000000e+00
2.590000,0.000000000e+00,1.248765030e-01,0.000000000e+00,0.000000000e+00,6.937349699e-02,0.000000000e+00
2.600000,0.000000000e+00,1.255705184e-01,0.000000000e+00,0.000000000e+00,6.942948163e-02,0.000000000e+00
2.610000,0.000000000e+00,1.262650908e-01,0.000000000e+00,0.000000000e+00,6.948490922e-02,0.000000000e+00
2.620000,0.000000000e+00,1.269602147e-01,0.000000000e+00,0.000000000e+00,6.953978529e-02,0.000000000e+00
2.630000,0.000000000e+00,1.276558847e-01,0.000000000e+00,0.000000000e+00,6.959411533e-02,0.000000000e+00
2.640000,0.000000000e+00,1.283520952e-01,0.000000000e+00,0.000000000e+00,6.964790478e-02,0.000000000e+00
2.650000,0.000000000e+00,1.290488410e-01,0.000000000e+00,0.000000000e+00,6.970115902e-02,0.000000000e+00
2.660000,0.000000000e+00,1.297461166e-01,0.000000000e+00,0.000000000e+00,6.975388337e-02,0.000000000e+00
2.670000,0.000000000e+00,1.304439169e-01,0.000000000e+00,0.000000000e+00,6.980608310e-02,0.000000000e+00
2.680000,0.000000000e+00,1.311422366e-01,0.000000000e+00,0.000000000e+00,6.985776344e-02,0.000000000e+00
2.690000,0.000000000e+00,1.318410705e-01,0.000000000e+00,0.000000000e+00,6.990892955e-02,0.000000000e+00
2.700000,0.000000000e+00,1.325404135e-01,0.000000000e+00,0.000000000e+00,6.995958654e-02,0.000000000e+00
2.710000,0.000000000e+00,1.332402605e-01,0.000000000e+00,0.000000000e+00,7.000973950e-02,0.000000000e+00
2.720000,0.000000000e+00,1.339406066e-01,0.000000000e+00,0.000000000e+00,7.005939342e-02,0.000000000e+00
2.730000,0.000000000e+00,1.346414467e-01,0.000000000e+00,0.000000000e+00,7.010855327e-02,0.000000000e+00
2.740000,0.000000000e+00,1.353427760e-01,0.000000000e+00,0.000000000e+00,7.015722398e-02,0.000000000e+00
2.750000,0.000000000e+00,1.360445896e-01,0.000000000e+00,0.000000000e+00,7.020541041e-02,0.000000000e+00
2.760000,0.000000000e+00,1.367468826e-01,0.000000000e+00,0.000000000e+00,7.025311737e-02,0.000000000e+00
2.770000,0.000000000e+00,1.374496504e-01,0.000000000e+00,0.000000000e+00,7.030034964e-02,0.000000000e+00
2.780000,0.000000000e+00,1.381528881e-01,0.000000000e+00,0.000000000e+00,7.034711195e-02,0.000000000e+00
2.790000,0.000000000e+00,1.388565910e-01,0.000000000e+00,0.000000000e+00,7.039340896e-02,0.000000000e+00
2.800000,0.000000000e+00,1.395607547e-01,0.000000000e+00,0.000000000e+00,7.043924530e-02,0.000000000e+00
2.810000,0.000000000e+00,1.402653744e-01,0.000000000e+00,0.000000000e+00,7.048462557e-02,0.000000000e+00
2.820000,0.000000000e+00,1.409704457e-01,0.000000000e+00,0.000000000e+00,7.052955430e-02,0.000000000e+00
2.830000,0.000000000e+00,1.416759640e-01,0.000000000e+00,0.000000000e+00,7.057403597e-02,0.000000000e+00
2.840000,0.000000000e+00,1.423819249e-01,0.000000000e+00,0.000000000e+00,7.061807505e-02,0.000000000e+00
2.850000,0.000000000e+00,1.430883241e-01,0.000000000e+00,0.000000000e+00,7.066167593e-02,0.000000000e+00
2.860000,0.000000000e+00,1.437951570e-01,0.000000000e+00,0.000000000e+00,7.070484298e-02,0.000000000e+00
2.870000,0.000000000e+00,1.445024195e-01,0.000000000e+00,0.000000000e+00,7.074758051e-02,0.000000000e+00
2.880000,0.000000000e+00,1.452101072e-01,0.000000000e+00,0.000000000e+00,7.078989279e-02,0.000000000e+00
2.890000,0.000000000e+00,1.459182159e-01,0.000000000e+00,0.000000000e+00,7.083178405e-02,0.000000000e+00
2.900000,0.000000000e+00,1.466267415e-01,0.000000000e+00,0.000000000e+00,7.087325849e-02,0.000000000e+00
2.910000,0.000000000e+00,1.473356797e-01,0.000000000e+00,0.000000000e+00,7.091432026e-02,0.000000000e+00
2.920000,0.000000000e+00,1.480450265e-01,0.000000000e+00,0.000000000e+00,7.095497345e-02,0.000000000e+00
2.930000,0.000000000e+00,1.487547779e-01,0.000000000e+00,0.000000000e+00,7.099522214e-02,0.000000000e+00
2.940000,0.000000000e+00,1.494649297e-01,0.000000000e+00,0.000000000e+00,7.103507034e-02,0.000000000e+00
2.950000,0.000000000e+00,1.501754779e-01,0.000000000e+00,0.000000000e+00,7.107452205e-02,0.000000000e+00
2.960000,0.000000000e+00,1.508864188e-01,0.000000000e+00,0.000000000e+00,7.111358121e-02,0.000000000e+00
2.970000,0.000000000e+00,1.515977483e-01,0.000000000e+00,0.000000000e+00,7.115225172e-02,0.000000000e+00
2.980000,0.000000000e+00,1.523094625e-01,0.000000000e+00,0.000000000e+00,7.119053746e-02,0.000000000e+00
2.990000,0.000000000e+00,1.530215578e-01,0.000000000e+00,0.000000000e+00,7.122844224e-02,0.000000000e+00
3.000000,0.000000000e+00,1.537340301e-01,0.000000000e+00,0.000000000e+00,7.126596987e-02,0.000000000e+00
3.010000,0.000000000e+00,1.544468759e-01,0.000000000e+00,0.000000000e+00,7.130312409e-02,0.000000000e+00
3.020000,0.000000000e+00,1.551600914e-01,0.000000000e+00,0.000000000e+00,7.133990862e-02,0.000000000e+00
3.030000,0.000000000e+00,1.558736729e-01,0.000000000e+00,0.000000000e+00,7.137632714e-02,0.000000000e+00
3.040000,0.000000000e+00,1.565876167e-01,0.000000000e+00,0.000000000e+00,7.141238329e-02,0.000000000e+00
3.050000,0.000000000e+00,1.573019193e-01,0.000000000e+00,0.000000000e+00,7.144808067e-02,0.000000000e+00
3.060000,0.000000000e+00,1.580165771e-01,0.000000000e+00,0.000000000e+00,7.148342286e-02,0.000000000e+00
3.070000,0.000000000e+00,1.587315866e-01,0.000000000e+00,0.000000000e+00,7.151841338e-02,0.000000000e+00
3.080000,0.000000000e+00,1.594469442e-01,0.000000000e+00,0.000000000e+00,7.155305575e-02,0.000000000e+00
3.090000,0.000000000e+00,1.601626466e-01,0.000000000e+00,0.000000000e+00,7.158735342e-02,0.000000000e+00
3.100000,0.000000000e+00,1.608786902e-01,0.000000000e+00,0.000000000e+00,7.162130982e-02,0.000000000e+00
3.110000,0.000000000e+00,1.615950717e-01,0.000000000e+00,0.000000000e+00,7.165492835e-02,0.000000000e+00
3.120000,0.000000000e+00,1.623117876e-01,0.000000000e+00,0.000000000e+00,7.168821237e-02,0.000000000e+00
3.130000,0.000000000e+00,1.630288348e-01,0.000000000e+00,0.000000000e+00,7.172116521e-02,0.000000000e+00
3.140000,0.000000000e+00,1.637462098e-01,0.000000000e+00,0.000000000e+00,7.175379016e-02,0.000000000e+00
3.150000,0.000000000e+00,1.644639095e-01,0.000000000e+00,0.000000000e+00,7.178609048e-02,0.000000000e+00
3.160000,0.000000000e+00,1.651819306e-01,0.000000000e+00,0.000000000e+00,7.181806942e-02,0.000000000e+00
3.170000,0.000000000e+00,1.659002698e-01,0.000000000e+00,0.000000000e+00,7.184973016e-02,0.000000000e+00
3.180000,0.000000000e+00,1.666189241e-01,0.000000000e+00,0.000000000e+00,7.188107587e-02,0.000000000e+00
3.190000,0.000000000e+00,1.673378903e-01,0.000000000e+00,0.000000000e+00,7.191210968e-02,0.000000000e+00
3.200000,0.000000000e+00,1.680571653e-01,0.000000000e+00,0.000000000e+00,7.194283470e-02,0.000000000e+00
3.210000,0.000000000e+00,1.687767460e-01,0.000000000e+00,0.000000000e+00,7.197325400e-02,0.000000000e+00
3.220000,0.000000000e+00,1.694966294e-01,0.000000000e+00,0.000000000e+00,7.200337063e-02,0.000000000e+00
3.230000,0.000000000e+00,1.702168124e-01,0.000000000e+00,0.000000000e+00,7.203318759e-02,0.000000000e+00
3.240000,0.000000000e+00,1.709372921e-01,0.000000000e+00,0.000000000e+00,7.206270787e-02,0.000000000e+00
3.250000,0.000000000e+00,1.716580656e-01,0.000000000e+00,0.000000000e+00,7.209193441e-02,0.000000000e+00
3.260000,0.000000000e+00,1.723791299e-01,0.000000000e+00,0.000000000e+00,7.212087015e-02,0.000000000e+00
3.270000,0.000000000e+00,1.731004820e-01,0.000000000e+00,0.000000000e+00,7.214951797e-02,0.000000000e+00
3.280000,0.000000000e+00,1.738221193e-01,0.000000000e+00,0.000000000e+00,7.217788074e-02,0.000000000e+00
3.290000,0.000000000e+00,1.745440387e-01,0.000000000e+00,0.000000000e+00,7.220596129e-02,0.000000000e+00
3.300000,0.000000000e+00,1.752662376e-01,0.000000000e+00,0.000000000e+00,7.223376244e-02,0.000000000e+00
3.310000,0.000000000e+00,1.759887130e-01,0.000000000e+00,0.000000000e+00,7.226128697e-02,0.000000000e+00
3.320000,0.000000000e+00,1.767114624e-01,0.000000000e+00,0.000000000e+00,7.228853762e-02,0.000000000e+00
3.330000,0.000000000e+00,1.774344829e-01,0.000000000e+00,0.000000000e+00,7.231551712e-02,0.000000000e+00
3.340000,0.000000000e+00,1.781577718e-01,0.000000000e+00,0.000000000e+00,7.234222817e-02,0.000000000e+00
3.350000,0.000000000e+00,1.788813266e-01,0.000000000e+00,0.000000000e+00,7.236867344e-02,0.000000000e+00
3.360000,0.000000000e+00,1.796051444e-01,0.000000000e+00,0.000000000e+00,7.239485558e-02,0.000000000e+00
3.370000,0.000000000e+00,1.803292228e-01,0.000000000e+00,0.000000000e+00,7.242077720e-02,0.000000000e+00
3.380000,0.000000000e+00,1.810535591e-01,0.000000000e+00,0.000000000e+00,7.244644089e-02,0.000000000e+00
3.390000,0.000000000e+00,1.817781508e-01,0.000000000e+00,0.000000000e+00,7.247184923e-02,0.000000000e+00
3.400000,0.000000000e+00,1.825029952e-01,0.000000000e+00,0.000000000e+00,7.249700475e-02,0.000000000e+00
3.410000,0.000000000e+00,1.832280900e-01,0.000000000e+00,0.000000000e+00,7.252190997e-02,0.000000000e+00
3.420000,0.000000000e+00,1.839534326e-01,0.000000000e+00,0.000000000e+00,7.254656738e-02,0.000000000e+00
3.430000,0.000000000e+00,1.846790206e-01,0.000000000e+00,0.000000000e+00,7.257097944e-02,0.000000000e+00
3.440000,0.000000000e+00,1.854048514e-01,0.000000000e+00,0.000000000e+00,7.259514860e-02,0.000000000e+00
3.450000,0.000000000e+00,1.861309227e-01,0.000000000e+00,0.000000000e+00,7.261907727e-02,0.000000000e+00
3.460000,0.000000000e+00,1.868572322e-01,0.000000000e+00,0.000000000e+00,7.264276785e-02,0.000000000e+00
3.470000,0.000000000e+00,1.875837773e-01,0.000000000e+00,0.000000000e+00,7.266622270e-02,0.000000000e+00
3.480000,0.000000000e+00,1.883105558e-01,0.000000000e+00,0.000000000e+00,7.268944417e-02,0.000000000e+00
3.490000,0.000000000e+00,1.890375654e-01,0.000000000e+00,0.000000000e+00,7.271243459e-02,0.000000000e+00
3.500000,0.000000000e+00,1.897648038e-01,0.000000000e+00,0.000000000e+00,7.273519624e-02,0.000000000e+00
3.510000,0.000000000e+00,1.904922686e-01,0.000000000e+00,0.000000000e+00,7.275773142e-02,0.000000000e+00
3.520000,0.000000000e+00,1.912199576e-01,0.000000000e+00,0.000000000e+00,7.278004236e-02,0.000000000e+00
3.530000,0.000000000e+00,1.919478687e-01,0.000000000e+00,0.000000000e+00,7.280213131e-02,0.000000000e+00
3.540000,0.000000000e+00,1.926759995e-01,0.000000000e+00,0.000000000e+00,7.282400047e-02,0.000000000e+00
3.550000,0.000000000e+00,1.934043480e-01,0.000000000e+00,0.000000000e+00,7.284565203e-02,0.000000000e+00
3.560000,0.000000000e+00,1.941329119e-01,0.000000000e+00,0.000000000e+00,7.286708815e-02,0.000000000e+00
3.570000,0.000000000e+00,1.948616890e-01,0.000000000e+00,0.000000000e+00,7.288831097e-02,0.000000000e+00
3.580000,0.000000000e+00,1.955906774e-01,0.000000000e+00,0.000000000e+00,7.290932263e-02,0.000000000e+00
3.590000,0.000000000e+00,1.963198748e-01,0.000000000e+00,0.000000000e+00,7.293012522e-02,0.000000000e+00
3.600000,0.000000000e+00,1.970492792e-01,0.000000000e+00,0.000000000e+00,7.295072082e-02,0.000000000e+00
3.610000,0.000000000e+00,1.977788885e-01,0.000000000e+00,0.000000000e+00,7.297111148e-02,0.000000000e+00
3.620000,0.000000000e+00,1.985087007e-01,0.000000000e+00,0.000000000e+00,7.299129926e-02,0.000000000e+00
3.630000,0.000000000e+00,1.992387138e-01,0.000000000e+00,0.000000000e+00,7.301128617e-02,0.000000000e+00
3.640000,0.000000000e+00,1.999689258e-01,0.000000000e+00,0.000000000e+00,7.303107420e-02,0.000000000e+00
3.650000,0.000000000e+00,2.006993347e-01,0.000000000e+00,0.000000000e+00,7.305066534e-02,0.000000000e+00
3.660000,0.000000000e+00,2.014299385e-01,0.000000000e+00,0.000000000e+00,7.307006154e-02,0.000000000e+00
3.670000,0.000000000e+00,2.021607352e-01,0.000000000e+00,0.000000000e+00,7.308926475e-02,0.000000000e+00
3.680000,0.000000000e+00,2.028917231e-01,0.000000000e+00,0.000000000e+00,7.310827689e-02,0.000000000e+00
3.690000,0.000000000e+00,2.036229002e-01,0.000000000e+00,0.000000000e+00,7.312709985e-02,0.000000000e+00
3.700000,0.000000000e+00,2.043542645e-01,0.000000000e+00,0.000000000e+00,7.314573551e-02,0.000000000e+00
3.710000,0.000000000e+00,2.050858142e-01,0.000000000e+00,0.000000000e+00,7.316418575e-02,0.000000000e+00
3.720000,0.000000000e+00,2.058175476e-01,0.000000000e+00,0.000000000e+00,7.318245241e-02,0.000000000e+00
3.730000,0.000000000e+00,2.065494627e-01,0.000000000e+00,0.000000000e+00,7.320053731e-02,0.000000000e+00
3.740000,0.000000000e+00,2.072815577e-01,0.000000000e+00,0.000000000e+00,7.321844226e-02,0.000000000e+00
3.750000,0.000000000e+00,2.080138309e-01,0.000000000e+00,0.000000000e+00,7.323616906e-02,0.000000000e+00
3.760000,0.000000000e+00,2.087462805e-01,0.000000000e+00,0.000000000e+00,7.325371947e-02,0.000000000e+00
3.770000,0.000000000e+00,2.094789047e-01,0.000000000e+00,0.000000000e+00,7.327109525e-02,0.000000000e+00
3.780000,0.000000000e+00,2.102117019e-01,0.000000000e+00,0.000000000e+00,7.328829814e-02,0.000000000e+00
3.790000,0.000000000e+00,2.109446701e-01,0.000000000e+00,0.000000000e+00,7.330532986e-02,0.000000000e+00
3.800000,0.000000000e+00,2.116778079e-01,0.000000000e+00,0.000000000e+00,7.332219211e-02,0.000000000e+00
3.810000,0.000000000e+00,2.124111134e-01,0.000000000e+00,0.000000000e+00,7.333888658e-02,0.000000000e+00
3.820000,0.000000000e+00,2.131445851e-01,0.000000000e+00,0.000000000e+00,7.335541493e-02,0.000000000e+00
3.830000,0.000000000e+00,2.138782212e-01,0.000000000e+00,0.000000000e+00,7.337177883e-02,0.000000000e+00
3.840000,0.000000000e+00,2.146120201e-01,0.000000000e+00,0.000000000e+00,7.338797990e-02,0.000000000e+00
3.850000,0.000000000e+00,2.153459802e-01,0.000000000e+00,0.000000000e+00,7.340401977e-02,0.000000000e+00
3.860000,0.000000000e+00,2.160801000e-01,0.000000000e+00,0.000000000e+00,7.341990004e-02,0.000000000e+00
3.870000,0.000000000e+00,2.168143777e-01,0.000000000e+00,0.000000000e+00,7.343562229e-02,0.000000000e+00
3.880000,0.000000000e+00,2.175488119e-01,0.000000000e+00,0.000000000e+00,7.345118811e-02,0.000000000e+00
3.890000,0.000000000e+00,2.182834010e-01,0.000000000e+00,0.000000000e+00,7.346659905e-02,0.000000000e+00
3.900000,0.000000000e+00,2.190181434e-01,0.000000000e+00,0.000000000e+00,7.348185664e-02,0.000000000e+00
3.910000,0.000000000e+00,2.197530376e-01,0.000000000e+00,0.000000000e+00,7.349696242e-02,0.000000000e+00
3.920000,0.000000000e+00,2.204880821e-01,0.000000000e+00,0.000000000e+00,7.351191789e-02,0.000000000e+00
3.930000,0.000000000e+00,2.212232754e-01,0.000000000e+00,0.000000000e+00,7.352672456e-02,0.000000000e+00
3.940000,0.000000000e+00,2.219586161e-01,0.000000000e+00,0.000000000e+00,7.354138389e-02,0.000000000e+00
3.950000,0.000000000e+00,2.226941026e-01,0.000000000e+00,0.000000000e+00,7.355589737e-02,0.000000000e+00
3.960000,0.000000000e+00,2.234297336e-01,0.000000000e+00,0.000000000e+00,7.357026643e-02,0.000000000e+00
3.970000,0.000000000e+00,2.241655075e-01,0.000000000e+00,0.000000000e+00,7.358449251e-02,0.000000000e+00
3.980000,0.000000000e+00,2.249014230e-01,0.000000000e+00,0.000000000e+00,7.359857705e-02,0.000000000e+00
3.990000,0.000000000e+00,2.256374786e-01,0.000000000e+00,0.000000000e+00,7.361252144e-02,0.000000000e+00
4.000000,0.000000000e+00,2.263736729e-01,0.000000000e+00,0.000000000e+00,7.362632708e-02,0.000000000e+00
4.010000,0.000000000e+00,2.271100046e-01,0.000000000e+00,0.000000000e+00,7.363999536e-02,0.000000000e+00
4.020000,0.000000000e+00,2.278464724e-01,0.000000000e+00,0.000000000e+00,7.365352763e-02,0.000000000e+00
4.030000,0.000000000e+00,2.285830747e-01,0.000000000e+00,0.000000000e+00,7.366692525e-02,0.000000000e+00
4.040000,0.000000000e+00,2.293198104e-01,0.000000000e+00,0.000000000e+00,7.368018957e-02,0.000000000e+00
4.050000,0.000000000e+00,2.300566781e-01,0.000000000e+00,0.000000000e+00,7.369332190e-02,0.000000000e+00
4.060000,0.000000000e+00,2.307936764e-01,0.000000000e+00,0.000000000e+00,7.370632357e-02,0.000000000e+00
4.070000,0.000000000e+00,2.315308041e-01,0.000000000e+00,0.000000000e+00,7.371919586e-02,0.000000000e+00
4.080000,0.000000000e+00,2.322680599e-01,0.000000000e+00,0.000000000e+00,7.373194008e-02,0.000000000e+00
4.090000,0.000000000e+00,2.330054425e-01,0.000000000e+00,0.000000000e+00,7.374455748e-02,0.000000000e+00
4.100000,0.000000000e+00,2.337429507e-01,0.000000000e+00,0.000000000e+00,7.375704934e-02,0.000000000e+00
4.110000,0.000000000e+00,2.344805831e-01,0.000000000e+00,0.000000000e+00,7.376941691e-02,0.000000000e+00
4.120000,0.000000000e+00,2.352183386e-01,0.000000000e+00,0.000000000e+00,7.378166142e-02,0.000000000e+00
4.130000,0.000000000e+00,2.359562159e-01,0.000000000e+00,0.000000000e+00,7.379378409e-02,0.000000000e+00
4.140000,0.000000000e+00,2.366942139e-01,0.000000000e+00,0.000000000e+00,7.380578614e-02,0.000000000e+00
4.150000,0.000000000e+00,2.374323312e-01,0.000000000e+00,0.000000000e+00,7.381766876e-02,0.000000000e+00
4.160000,0.000000000e+00,2.381705668e-01,0.000000000e+00,0.000000000e+00,7.382943316e-02,0.000000000e+00
4.170000,0.000000000e+00,2.389089195e-01,0.000000000e+00,0.000000000e+00,7.384108049e-02,0.000000000e+00
4.180000,0.000000000e+00,2.396473881e-01,0.000000000e+00,0.000000000e+00,7.385261193e-02,0.000000000e+00
4.190000,0.000000000e+00,2.403859714e-01,0.000000000e+00,0.000000000e+00,7.386402863e-02,0.000000000e+00
4.200000,0.000000000e+00,2.411246683e-01,0.000000000e+00,0.000000000e+00,7.387533174e-02,0.000000000e+00
4.210000,0.000000000e+00,2.418634776e-01,0.000000000e+00,0.000000000e+00,7.388652237e-02,0.000000000e+00
4.220000,0.000000000e+00,2.426023983e-01,0.000000000e+00,0.000000000e+00,7.389760166e-02,0.000000000e+00
4.230000,0.000000000e+00,2.433414293e-01,0.000000000e+00,0.000000000e+00,7.390857071e-02,0.000000000e+00
4.240000,0.000000000e+00,2.440805694e-01,0.000000000e+00,0.000000000e+00,7.391943061e-02,0.000000000e+00
4.250000,0.000000000e+00,2.448198175e-01,0.000000000e+00,0.000000000e+00,7.393018246e-02,0.000000000e+00
4.260000,0.000000000e+00,2.455591727e-01,0.000000000e+00,0.000000000e+00,7.394082732e-02,0.000000000e+00
4.270000,0.000000000e+00,2.462986337e-01,0.000000000e+00,0.000000000e+00,7.395136626e-02,0.000000000e+00
4.280000,0.000000000e+00,2.470381997e-01,0.000000000e+00,0.000000000e+00,7.396180034e-02,0.000000000e+00
4.290000,0.000000000e+00,2.477778694e-01,0.000000000e+00,0.000000000e+00,7.397213060e-02,0.000000000e+00
4.300000,0.000000000e+00,2.485176419e-01,0.000000000e+00,0.000000000e+00,7.398235807e-02,0.000000000e+00
4.310000,0.000000000e+00,2.492575162e-01,0.000000000e+00,0.000000000e+00,7.399248378e-02,0.000000000e+00
4.320000,0.000000000e+00,2.499974913e-01,0.000000000e+00,0.000000000e+00,7.400250873e-02,0.000000000e+00
4.330000,0.000000000e+00,2.507375661e-01,0.000000000e+00,0.000000000e+00,7.401243394e-02,0.000000000e+00
4.340000,0.000000000e+00,2.514777396e-01,0.000000000e+00,0.000000000e+00,7.402226038e-02,0.000000000e+00
4.350000,0.000000000e+00,2.522180109e-01,0.000000000e+00,0.000000000e+00,7.403198906e-02,0.000000000e+00
4.360000,0.000000000e+00,2.529583791e-01,0.000000000e+00,0.000000000e+00,7.404162093e-02,0.000000000e+00
4.370000,0.000000000e+00,2.536988430e-01,0.000000000e+00,0.000000000e+00,7.405115696e-02,0.000000000e+00
4.380000,0.000000000e+00,2.544394019e-01,0.000000000e+00,0.000000000e+00,7.406059810e-02,0.000000000e+00
4.390000,0.000000000e+00,2.551800547e-01,0.000000000e+00,0.000000000e+00,7.406994531e-02,0.000000000e+00
4.400000,0.000000000e+00,2.559208005e-01,0.000000000e+00,0.000000000e+00,7.407919951e-02,0.000000000e+00
4.410000,0.000000000e+00,2.566616384e-01,0.000000000e+00,0.000000000e+00,7.408836162e-02,0.000000000e+00
4.420000,0.000000000e+00,2.574025674e-01,0.000000000e+00,0.000000000e+00,7.409743258e-02,0.000000000e+00
4.430000,0.000000000e+00,2.581435867e-01,0.000000000e+00,0.000000000e+00,7.410641327e-02,0.000000000e+00
4.440000,0.000000000e+00,2.588846954e-01,0.000000000e+00,0.000000000e+00,7.411530461e-02,0.000000000e+00
4.450000,0.000000000e+00,2.596258925e-01,0.000000000e+00,0.000000000e+00,7.412410748e-02,0.000000000e+00
4.460000,0.000000000e+00,2.603671772e-01,0.000000000e+00,0.000000000e+00,7.413282275e-02,0.000000000e+00
4.470000,0.000000000e+00,2.611085487e-01,0.000000000e+00,0.000000000e+00,7.414145131e-02,0.000000000e+00
4.480000,0.000000000e+00,2.618500060e-01,0.000000000e+00,0.000000000e+00,7.414999401e-02,0.000000000e+00
4.490000,0.000000000e+00,2.625915483e-01,0.000000000e+00,0.000000000e+00,7.415845171e-02,0.000000000e+00
4.500000,0.000000000e+00,2.633331747e-01,0.000000000e+00,0.000000000e+00,7.416682526e-02,0.000000000e+00
4.510000,0.000000000e+00,2.640748845e-01,0.000000000e+00,0.000000000e+00,7.417511549e-02,0.000000000e+00
4.520000,0.000000000e+00,2.648166768e-01,0.000000000e+00,0.000000000e+00,7.418332322e-02,0.000000000e+00
4.530000,0.000000000e+00,2.655585507e-01,0.000000000e+00,0.000000000e+00,7.419144929e-02,0.000000000e+00
4.540000,0.000000000e+00,2.663005055e-01,0.000000000e+00,0.000000000e+00,7.419949451e-02,0.000000000e+00
4.550000,0.000000000e+00,2.670425403e-01,0.000000000e+00,0.000000000e+00,7.420745967e-02,0.000000000e+00
4.560000,0.000000000e+00,2.677846544e-01,0.000000000e+00,0.000000000e+00,7.421534558e-02,0.000000000e+00
4.570000,0.000000000e+00,2.685268470e-01,0.000000000e+00,0.000000000e+00,7.422315302e-02,0.000000000e+00
4.580000,0.000000000e+00,2.692691172e-01,0.000000000e+00,0.000000000e+00,7.423088278e-02,0.000000000e+00
4.590000,0.000000000e+00,2.700114644e-01,0.000000000e+00,0.000000000e+00,7.423853562e-02,0.000000000e+00
4.600000,0.000000000e+00,2.707538877e-01,0.000000000e+00,0.000000000e+00,7.424611232e-02,0.000000000e+00
4.610000,0.000000000e+00,2.714963864e-01,0.000000000e+00,0.000000000e+00,7.425361363e-02,0.000000000e+00
4.620000,0.000000000e+00,2.722389597e-01,0.000000000e+00,0.000000000e+00,7.426104030e-02,0.000000000e+00
4.630000,0.000000000e+00,2.729816069e-01,0.000000000e+00,0.000000000e+00,7.426839307e-02,0.000000000e+00
4.640000,0.000000000e+00,2.737243273e-01,0.000000000e+00,0.000000000e+00,7.427567268e-02,0.000000000e+00
4.650000,0.000000000e+00,2.744671201e-01,0.000000000e+00,0.000000000e+00,7.428287985e-02,0.000000000e+00
4.660000,0.000000000e+00,2.752099847e-01,0.000000000e+00,0.000000000e+00,7.429001532e-02,0.000000000e+00
4.670000,0.000000000e+00,2.759529202e-01,0.000000000e+00,0.000000000e+00,7.429707979e-02,0.000000000e+00
4.680000,0.000000000e+00,2.766959260e-01,0.000000000e+00,0.000000000e+00,7.430407396e-02,0.000000000e+00
4.690000,0.000000000e+00,2.774390015e-01,0.000000000e+00,0.000000000e+00,7.431099854e-02,0.000000000e+00
4.700000,0.000000000e+00,2.781821458e-01,0.000000000e+00,0.000000000e+00,7.431785422e-02,0.000000000e+00
4.710000,0.000000000e+00,2.789253583e-01,0.000000000e+00,0.000000000e+00,7.432464168e-02,0.000000000e+00
4.720000,0.000000000e+00,2.796686384e-01,0.000000000e+00,0.000000000e+00,7.433136161e-02,0.000000000e+00
4.730000,0.000000000e+00,2.804119853e-01,0.000000000e+00,0.000000000e+00,7.433801467e-02,0.000000000e+00
4.740000,0.000000000e+00,2.811553985e-01,0.000000000e+00,0.000000000e+00,7.434460154e-02,0.000000000e+00
4.750000,0.000000000e+00,2.818988771e-01,0.000000000e+00,0.000000000e+00,7.435112286e-02,0.000000000e+00
4.760000,0.000000000e+00,2.826424207e-01,0.000000000e+00,0.000000000e+00,7.435757929e-02,0.000000000e+00
4.770000,0.000000000e+00,2.833860285e-01,0.000000000e+00,0.000000000e+00,7.436397149e-02,0.000000000e+00
4.780000,0.000000000e+00,2.841296999e-01,0.000000000e+00,0.000000000e+00,7.437030008e-02,0.000000000e+00
4.790000,0.000000000e+00,2.848734343e-01,0.000000000e+00,0.000000000e+00,7.437656570e-02,0.000000000e+00
4.800000,0.000000000e+00,2.856172310e-01,0.000000000e+00,0.000000000e+00,7.438276897e-02,0.000000000e+00
4.810000,0.000000000e+00,2.863610895e-01,0.000000000e+00,0.000000000e+00,7.438891052e-02,0.000000000e+00
4.820000,0.000000000e+00,2.871050090e-01,0.000000000e+00,0.000000000e+00,7.439499096e-02,0.000000000e+00
4.830000,0.000000000e+00,2.878489891e-01,0.000000000e+00,0.000000000e+00,7.440101090e-02,0.000000000e+00
4.840000,0.000000000e+00,2.885930291e-01,0.000000000e+00,0.000000000e+00,7.440697095e-02,0.000000000e+00
4.850000,0.000000000e+00,2.893371283e-01,0.000000000e+00,0.000000000e+00,7.441287168e-02,0.000000000e+00
4.860000,0.000000000e+00,2.900812863e-01,0.000000000e+00,0.000000000e+00,7.441871371e-02,0.000000000e+00
4.870000,0.000000000e+00,2.908255024e-01,0.000000000e+00,0.000000000e+00,7.442449760e-02,0.000000000e+00
4.880000,0.000000000e+00,2.915697761e-01,0.000000000e+00,0.000000000e+00,7.443022395e-02,0.000000000e+00
4.890000,0.000000000e+00,2.923141067e-01,0.000000000e+00,0.000000000e+00,7.443589331e-02,0.000000000e+00
4.900000,0.000000000e+00,2.930584937e-01,0.000000000e+00,0.000000000e+00,7.444150627e-02,0.000000000e+00
4.910000,0.000000000e+00,2.938029366e-01,0.000000000e+00,0.000000000e+00,7.444706337e-02,0.000000000e+00
4.920000,0.000000000e+00,2.945474348e-01,0.000000000e+00,0.000000000e+00,7.445256519e-02,0.000000000e+00
4.930000,0.000000000e+00,2.952919877e-01,0.000000000e+00,0.000000000e+00,7.445801225e-02,0.000000000e+00
4.940000,0.000000000e+00,2.960365949e-01,0.000000000e+00,0.000000000e+00,7.446340512e-02,0.000000000e+00
4.950000,0.000000000e+00,2.967812557e-01,0.000000000e+00,0.000000000e+00,7.446874433e-02,0.000000000e+00
4.960000,0.000000000e+00,2.975259696e-01,0.000000000e+00,0.000000000e+00,7.447403041e-02,0.000000000e+00
4.970000,0.000000000e+00,2.982707361e-01,0.000000000e+00,0.000000000e+00,7.447926390e-02,0.000000000e+00
4.980000,0.000000000e+00,2.990155547e-01,0.000000000e+00,0.000000000e+00,7.448444531e-02,0.000000000e+00
4.990000,0.000000000e+00,2.997604248e-01,0.000000000e+00,0.000000000e+00,7.448957516e-02,0.000000000e+00
5.000000,0.000000000e+00,3.005053460e-01,0.000000000e+00,0.000000000e+00,7.436965397e-02,0.000000000e+00
5.010000,0.000000000e+00,3.012453364e-01,0.000000000e+00,0.000000000e+00,7.362966355e-02,0.000000000e+00
5.020000,0.000000000e+00,3.019779638e-01,0.000000000e+00,0.000000000e+00,7.289703616e-02,0.000000000e+00
5.030000,0.000000000e+00,3.027033015e-01,0.000000000e+00,0.000000000e+00,7.217169853e-02,0.000000000e+00
5.040000,0.000000000e+00,3.034214219e-01,0.000000000e+00,0.000000000e+00,7.145357813e-02,0.000000000e+00
5.050000,0.000000000e+00,3.041323968e-01,0.000000000e+00,0.000000000e+00,7.074260315e-02,0.000000000e+00
5.060000,0.000000000e+00,3.048362975e-01,0.000000000e+00,0.000000000e+00,7.003870249e-02,0.000000000e+00
5.070000,0.000000000e+00,3.055331942e-01,0.000000000e+00,0.000000000e+00,6.934180576e-02,0.000000000e+00
5.080000,0.000000000e+00,3.062231567e-01,0.000000000e+00,0.000000000e+00,6.865184326e-02,0.000000000e+00
5.090000,0.000000000e+00,3.069062540e-01,0.000000000e+00,0.000000000e+00,6.796874601e-02,0.000000000e+00
5.100000,0.000000000e+00,3.075825543e-01,0.000000000e+00,0.000000000e+00,6.729244568e-02,0.000000000e+00
5.110000,0.000000000e+00,3.082521253e-01,0.000000000e+00,0.000000000e+00,6.662287466e-02,0.000000000e+00
5.120000,0.000000000e+00,3.089150340e-01,0.000000000e+00,0.000000000e+00,6.595996598e-02,0.000000000e+00
5.130000,0.000000000e+00,3.095713466e-01,0.000000000e+00,0.000000000e+00,6.530365336e-02,0.000000000e+00
5.140000,0.000000000e+00,3.102211289e-01,0.000000000e+00,0.000000000e+00,6.465387115e-02,0.000000000e+00
5.150000,0.000000000e+00,3.108644456e-01,0.000000000e+00,0.000000000e+00,6.401055438e-02,0.000000000e+00
5.160000,0.000000000e+00,3.115013613e-01,0.000000000e+00,0.000000000e+00,6.337363872e-02,0.000000000e+00
5.170000,0.000000000e+00,3.121319395e-01,0.000000000e+00,0.000000000e+00,6.274306048e-02,0.000000000e+00
5.180000,0.000000000e+00,3.127562434e-01,0.000000000e+00,0.000000000e+00,6.211875660e-02,0.000000000e+00
5.190000,0.000000000e+00,3.133743354e-01,0.000000000e+00,0.000000000e+00,6.150066464e-02,0.000000000e+00
5.200000,0.000000000e+00,3.139862772e-01,0.000000000e+00,0.000000000e+00,6.088872281e-02,0.000000000e+00
5.210000,0.000000000e+00,3.145921301e-01,0.000000000e+00,0.000000000e+00,6.028286989e-02,0.000000000e+00
5.220000,0.000000000e+00,3.151919547e-01,0.000000000e+00,0.000000000e+00,5.968304531e-02,0.000000000e+00
5.230000,0.000000000e+00,3.157858109e-01,0.000000000e+00,0.000000000e+00,5.908918909e-02,0.000000000e+00
5.240000,0.000000000e+00,3.163737582e-01,0.000000000e+00,0.000000000e+00,5.850124184e-02,0.000000000e+00
5.250000,0.000000000e+00,3.169558552e-01,0.000000000e+00,0.000000000e+00,5.791914475e-02,0.000000000e+00
5.260000,0.000000000e+00,3.175321604e-01,0.000000000e+00,0.000000000e+00,5.734283963e-02,0.000000000e+00
5.270000,0.000000000e+00,3.181027312e-01,0.000000000e+00,0.000000000e+00,5.677226885e-02,0.000000000e+00
5.280000,0.000000000e+00,3.186676247e-01,0.000000000e+00,0.000000000e+00,5.620737533e-02,0.000000000e+00
5.290000,0.000000000e+00,3.192268974e-01,0.000000000e+00,0.000000000e+00,5.564810260e-02,0.000000000e+00
5.300000,0.000000000e+00,3.197806053e-01,0.000000000e+00,0.000000000e+00,5.509439473e-02,0.000000000e+00
5.310000,0.000000000e+00,3.203288037e-01,0.000000000e+00,0.000000000e+00,5.454619634e-02,0.000000000e+00
5.320000,0.000000000e+00,3.208715474e-01,0.000000000e+00,0.000000000e+00,5.400345262e-02,0.000000000e+00
5.330000,0.000000000e+00,3.214088907e-01,0.000000000e+00,0.000000000e+00,5.346610929e-02,0.000000000e+00
5.340000,0.000000000e+00,3.219408874e-01,0.000000000e+00,0.000000000e+00,5.293411261e-02,0.000000000e+00
5.350000,0.000000000e+00,3.224675906e-01,0.000000000e+00,0.000000000e+00,5.240740939e-02,0.000000000e+00
5.360000,0.000000000e+00,3.229890530e-01,0.000000000e+00,0.000000000e+00,5.188594696e-02,0.000000000e+00
5.370000,0.000000000e+00,3.235053268e-01,0.000000000e+00,0.000000000e+00,5.136967316e-02,0.000000000e+00
5.380000,0.000000000e+00,3.240164636e-01,0.000000000e+00,0.000000000e+00,5.085853637e-02,0.000000000e+00
5.390000,0.000000000e+00,3.245225145e-01,0.000000000e+00,0.000000000e+00,5.035248548e-02,0.000000000e+00
5.400000,0.000000000e+00,3.250235301e-01,0.000000000e+00,0.000000000e+00,4.985146988e-02,0.000000000e+00
5.410000,0.000000000e+00,3.255195605e-01,0.000000000e+00,0.000000000e+00,4.935543946e-02,0.000000000e+00
5.420000,0.000000000e+00,3.260106554e-01,0.000000000e+00,0.000000000e+00,4.886434464e-02,0.000000000e+00
5.430000,0.000000000e+00,3.264968637e-01,0.000000000e+00,0.000000000e+00,4.837813628e-02,0.000000000e+00
5.440000,0.000000000e+00,3.269782342e-01,0.000000000e+00,0.000000000e+00,4.789676578e-02,0.000000000e+00
5.450000,0.000000000e+00,3.274548150e-01,0.000000000e+00,0.000000000e+00,4.742018500e-02,0.000000000e+00
5.460000,0.000000000e+00,3.279266537e-01,0.000000000e+00,0.000000000e+00,4.694834628e-02,0.000000000e+00
5.470000,0.000000000e+00,3.283937976e-01,0.000000000e+00,0.000000000e+00,4.648120243e-02,0.000000000e+00
5.480000,0.000000000e+00,3.288562933e-01,0.000000000e+00,0.000000000e+00,4.601870674e-02,0.000000000e+00
5.490000,0.000000000e+00,3.293141870e-01,0.000000000e+00,0.000000000e+00,4.556081295e-02,0.000000000e+00
5.500000,0.000000000e+00,3.297675247e-01,0.000000000e+00,0.000000000e+00,4.510747529e-02,0.000000000e+00
5.510000,0.000000000e+00,3.302163516e-01,0.000000000e+00,0.000000000e+00,4.465864841e-02,0.000000000e+00
5.520000,0.000000000e+00,3.306607126e-01,0.000000000e+00,0.000000000e+00,4.421428744e-02,0.000000000e+00
5.530000,0.000000000e+00,3.311006521e-01,0.000000000e+00,0.000000000e+00,4.377434792e-02,0.000000000e+00
5.540000,0.000000000e+00,3.315362141e-01,0.000000000e+00,0.000000000e+00,4.333878589e-02,0.000000000e+00
5.550000,0.000000000e+00,3.319674422e-01,0.000000000e+00,0.000000000e+00,4.290755776e-02,0.000000000e+00
5.560000,0.000000000e+00,3.323943796e-01,0.000000000e+00,0.000000000e+00,4.248062043e-02,0.000000000e+00
5.570000,0.000000000e+00,3.328170688e-01,0.000000000e+00,0.000000000e+00,4.205793119e-02,0.000000000e+00
5.580000,0.000000000e+00,3.332355522e-01,0.000000000e+00,0.000000000e+00,4.163944778e-02,0.000000000e+00
5.590000,0.000000000e+00,3.336498716e-01,0.000000000e+00,0.000000000e+00,4.122512836e-02,0.000000000e+00
5.600000,0.000000000e+00,3.340600685e-01,0.000000000e+00,0.000000000e+00,4.081493148e-02,0.000000000e+00
5.610000,0.000000000e+00,3.344661839e-01,0.000000000e+00,0.000000000e+00,4.040881612e-02,0.000000000e+00
5.620000,0.000000000e+00,3.348682583e-01,0.000000000e+00,0.000000000e+00,4.000674168e-02,0.000000000e+00
5.630000,0.000000000e+00,3.352663320e-01,0.000000000e+00,0.000000000e+00,3.960866795e-02,0.000000000e+00
5.640000,0.000000000e+00,3.356604449e-01,0.000000000e+00,0.000000000e+00,3.921455512e-02,0.000000000e+00
5.650000,0.000000000e+00,3.360506362e-01,0.000000000e+00,0.000000000e+00,3.882436378e-02,0.000000000e+00
5.660000,0.000000000e+00,3.364369451e-01,0.000000000e+00,0.000000000e+00,3.843805490e-02,0.000000000e+00
5.670000,0.000000000e+00,3.368194101e-01,0.000000000e+00,0.000000000e+00,3.805558987e-02,0.000000000e+00
5.680000,0.000000000e+00,3.371980696e-01,0.000000000e+00,0.000000000e+00,3.767693042e-02,0.000000000e+00
5.690000,0.000000000e+00,3.375729613e-01,0.000000000e+00,0.000000000e+00,3.730203870e-02,0.000000000e+00
5.700000,0.000000000e+00,3.379441228e-01,0.000000000e+00,0.000000000e+00,3.693087721e-02,0.000000000e+00
5.710000,0.000000000e+00,3.383115912e-01,0.000000000e+00,0.000000000e+00,3.656340885e-02,0.000000000e+00
5.720000,0.000000000e+00,3.386754032e-01,0.000000000e+00,0.000000000e+00,3.619959685e-02,0.000000000e+00
5.730000,0.000000000e+00,3.390355952e-01,0.000000000e+00,0.000000000e+00,3.583940484e-02,0.000000000e+00
5.740000,0.000000000e+00,3.393922032e-01,0.000000000e+00,0.000000000e+00,3.548279681e-02,0.000000000e+00
5.750000,0.000000000e+00,3.397452629e-01,0.000000000e+00,0.000000000e+00,3.512973708e-02,0.000000000e+00
5.760000,0.000000000e+00,3.400948096e-01,0.000000000e+00,0.000000000e+00,3.478019035e-02,0.000000000e+00
5.770000,0.000000000e+00,3.404408783e-01,0.000000000e+00,0.000000000e+00,3.443412168e-02,0.000000000e+00
5.780000,0.000000000e+00,3.407835036e-01,0.000000000e+00,0.000000000e+00,3.409149644e-02,0.000000000e+00
5.790000,0.000000000e+00,3.411227196e-01,0.000000000e+00,0.000000000e+00,3.375228039e-02,0.000000000e+00
5.800000,0.000000000e+00,3.414585604e-01,0.000000000e+00,0.000000000e+00,3.341643958e-02,0.000000000e+00
5.810000,0.000000000e+00,3.417910595e-01,0.000000000e+00,0.000000000e+00,3.308394046e-02,0.000000000e+00
5.820000,0.000000000e+00,3.421202503e-01,0.000000000e+00,0.000000000e+00,3.275474975e-02,0.000000000e+00
5.830000,0.000000000e+00,3.424461655e-01,0.000000000e+00,0.000000000e+00,3.242883454e-02,0.000000000e+00
5.840000,0.000000000e+00,3.427688378e-01,0.000000000e+00,0.000000000e+00,3.210616225e-02,0.000000000e+00
5.850000,0.000000000e+00,3.430882994e-01,0.000000000e+00,0.000000000e+00,3.178670059e-02,0.000000000e+00
5.860000,0.000000000e+00,3.434045824e-01,0.000000000e+00,0.000000000e+00,3.147041764e-02,0.000000000e+00
5.870000,0.000000000e+00,3.437177182e-01,0.000000000e+00,0.000000000e+00,3.115728175e-02,0.000000000e+00
5.880000,0.000000000e+00,3.440277384e-01,0.000000000e+00,0.000000000e+00,3.084726162e-02,0.000000000e+00
5.890000,0.000000000e+00,3.443346738e-01,0.000000000e+00,0.000000000e+00,3.054032624e-02,0.000000000e+00
5.900000,0.000000000e+00,3.446385551e-01,0.000000000e+00,0.000000000e+00,3.023644491e-02,0.000000000e+00
5.910000,0.000000000e+00,3.449394127e-01,0.000000000e+00,0.000000000e+00,2.993558726e-02,0.000000000e+00
5.920000,0.000000000e+00,3.452372768e-01,0.000000000e+00,0.000000000e+00,2.963772319e-02,0.000000000e+00
5.930000,0.000000000e+00,3.455321771e-01,0.000000000e+00,0.000000000e+00,2.934282292e-02,0.000000000e+00
5.940000,0.000000000e+00,3.458241430e-01,0.000000000e+00,0.000000000e+00,2.905085695e-02,0.000000000e+00
5.950000,0.000000000e+00,3.461132039e-01,0.000000000e+00,0.000000000e+00,2.876179609e-02,0.000000000e+00
5.960000,0.000000000e+00,3.463993886e-01,0.000000000e+00,0.000000000e+00,2.847561144e-02,0.000000000e+00
5.970000,0.000000000e+00,3.466827256e-01,0.000000000e+00,0.000000000e+00,2.819227437e-02,0.000000000e+00
5.980000,0.000000000e+00,3.469632434e-01,0.000000000e+00,0.000000000e+00,2.791175656e-02,0.000000000e+00
5.990000,0.000000000e+00,3.472409701e-01,0.000000000e+00,0.000000000e+00,2.763402994e-02,0.000000000e+00
6.000000,0.000000000e+00,3.475159333e-01,0.000000000e+00,0.000000000e+00,2.735906675e-02,0.000000000e+00
6.010000,0.000000000e+00,3.477881605e-01,0.000000000e+00,0.000000000e+00,2.708683948e-02,0.000000000e+00
6.020000,0.000000000e+00,3.480576791e-01,0.000000000e+00,0.000000000e+00,2.681732093e-02,0.000000000e+00
6.030000,0.000000000e+00,3.483245159e-01,0.000000000e+00,0.000000000e+00,2.655048413e-02,0.000000000e+00
6.040000,0.000000000e+00,3.485886976e-01,0.000000000e+00,0.000000000e+00,2.628630240e-02,0.000000000e+00
6.050000,0.000000000e+00,3.488502507e-01,0.000000000e+00,0.000000000e+00,2.602474932e-02,0.000000000e+00
6.060000,0.000000000e+00,3.491092013e-01,0.000000000e+00,0.000000000e+00,2.576579873e-02,0.000000000e+00
6.070000,0.000000000e+00,3.493655752e-01,0.000000000e+00,0.000000000e+00,2.550942475e-02,0.000000000e+00
6.080000,0.000000000e+00,3.496193983e-01,0.000000000e+00,0.000000000e+00,2.525560174e-02,0.000000000e+00
6.090000,0.000000000e+00,3.498706957e-01,0.000000000e+00,0.000000000e+00,2.500430430e-02,0.000000000e+00
6.100000,0.000000000e+00,3.501194927e-01,0.000000000e+00,0.000000000e+00,2.475550732e-02,0.000000000e+00
6.110000,0.000000000e+00,3.503658141e-01,0.000000000e+00,0.000000000e+00,2.450918590e-02,0.000000000e+00
6.120000,0.000000000e+00,3.506096846e-01,0.000000000e+00,0.000000000e+00,2.426531543e-02,0.000000000e+00
6.130000,0.000000000e+00,3.508511285e-01,0.000000000e+00,0.000000000e+00,2.402387150e-02,0.000000000e+00
6.140000,0.000000000e+00,3.510901700e-01,0.000000000e+00,0.000000000e+00,2.378482999e-02,0.000000000e+00
6.150000,0.000000000e+00,3.513268330e-01,0.000000000e+00,0.000000000e+00,2.354816698e-02,0.000000000e+00
6.160000,0.000000000e+00,3.515611412e-01,0.000000000e+00,0.000000000e+00,2.331385880e-02,0.000000000e+00
6.170000,0.000000000e+00,3.517931180e-01,0.000000000e+00,0.000000000e+00,2.308188203e-02,0.000000000e+00
6.180000,0.000000000e+00,3.520227865e-01,0.000000000e+00,0.000000000e+00,2.285221347e-02,0.000000000e+00
6.190000,0.000000000e+00,3.522501699e-01,0.000000000e+00,0.000000000e+00,2.262483014e-02,0.000000000e+00
6.200000,0.000000000e+00,3.524752907e-01,0.000000000e+00,0.000000000e+00,2.239970932e-02,0.000000000e+00
6.210000,0.000000000e+00,3.526981715e-01,0.000000000e+00,0.000000000e+00,2.217682849e-02,0.000000000e+00
6.220000,0.000000000e+00,3.529188346e-01,0.000000000e+00,0.000000000e+00,2.195616536e-02,0.000000000e+00
6.230000,0.000000000e+00,3.531373021e-01,0.000000000e+00,0.000000000e+00,2.173769786e-02,0.000000000e+00
6.240000,0.000000000e+00,3.533535958e-01,0.000000000e+00,0.000000000e+00,2.152140416e-02,0.000000000e+00
6.250000,0.000000000e+00,3.535677374e-01,0.000000000e+00,0.000000000e+00,2.130726261e-02,0.000000000e+00
6.260000,0.000000000e+00,3.537797482e-01,0.000000000e+00,0.000000000e+00,2.109525180e-02,0.000000000e+00
6.270000,0.000000000e+00,3.539896495e-01,0.000000000e+00,0.000000000e+00,2.088535054e-02,0.000000000e+00
6.280000,0.000000000e+00,3.541974622e-01,0.000000000e+00,0.000000000e+00,2.067753783e-02,0.000000000e+00
6.290000,0.000000000e+00,3.544032071e-01,0.000000000e+00,0.000000000e+00,2.047179289e-02,0.000000000e+00
6.300000,0.000000000e+00,3.546069049e-01,0.000000000e+00,0.000000000e+00,2.026809515e-02,0.000000000e+00
6.310000,0.000000000e+00,3.548085758e-01,0.000000000e+00,0.000000000e+00,2.006642423e-02,0.000000000e+00
6.320000,0.000000000e+00,3.550082400e-01,0.000000000e+00,0.000000000e+00,1.986675997e-02,0.000000000e+00
6.330000,0.000000000e+00,3.552059176e-01,0.000000000e+00,0.000000000e+00,1.966908241e-02,0.000000000e+00
6.340000,0.000000000e+00,3.554016282e-01,0.000000000e+00,0.000000000e+00,1.947337177e-02,0.000000000e+00
6.350000,0.000000000e+00,3.555953915e-01,0.000000000e+00,0.000000000e+00,1.927960848e-02,0.000000000e+00
6.360000,0.000000000e+00,3.557872268e-01,0.000000000e+00,0.000000000e+00,1.908777317e-02,0.000000000e+00
6.370000,0.000000000e+00,3.559771533e-01,0.000000000e+00,0.000000000e+00,1.889784666e-02,0.000000000e+00
6.380000,0.000000000e+00,3.561651901e-01,0.000000000e+00,0.000000000e+00,1.870980994e-02,0.000000000e+00
6.390000,0.000000000e+00,3.563513558e-01,0.000000000e+00,0.000000000e+00,1.852364422e-02,0.000000000e+00
6.400000,0.000000000e+00,3.565356691e-01,0.000000000e+00,0.000000000e+00,1.833933088e-02,0.000000000e+00
6.410000,0.000000000e+00,3.567181485e-01,0.000000000e+00,0.000000000e+00,1.815685149e-02,0.000000000e+00
6.420000,0.000000000e+00,3.568988122e-01,0.000000000e+00,0.000000000e+00,1.797618780e-02,0.000000000e+00
6.430000,0.000000000e+00,3.570776783e-01,0.000000000e+00,0.000000000e+00,1.779732174e-02,0.000000000e+00
6.440000,0.000000000e+00,3.572547646e-01,0.000000000e+00,0.000000000e+00,1.762023543e-02,0.000000000e+00
6.450000,0.000000000e+00,3.574300888e-01,0.000000000e+00,0.000000000e+00,1.744491116e-02,0.000000000e+00
6.460000,0.000000000e+00,3.576036686e-01,0.000000000e+00,0.000000000e+00,1.727133139e-02,0.000000000e+00
6.470000,0.000000000e+00,3.577755212e-01,0.000000000e+00,0.000000000e+00,1.709947878e-02,0.000000000e+00
6.480000,0.000000000e+00,3.579456639e-01,0.000000000e+00,0.000000000e+00,1.692933612e-02,0.000000000e+00
6.490000,0.000000000e+00,3.581141136e-01,0.000000000e+00,0.000000000e+00,1.676088641e-02,0.000000000e+00
6.500000,0.000000000e+00,3.582808872e-01,0.000000000e+00,0.000000000e+00,1.659411280e-02,0.000000000e+00
6.510000,0.000000000e+00,3.584460014e-01,0.000000000e+00,0.000000000e+00,1.642899862e-02,0.000000000e+00
6.520000,0.000000000e+00,3.586094726e-01,0.000000000e+00,0.000000000e+00,1.626552735e-02,0.000000000e+00
6.530000,0.000000000e+00,3.587713173e-01,0.000000000e+00,0.000000000e+00,1.610368265e-02,0.000000000e+00
6.540000,0.000000000e+00,3.589315517e-01,0.000000000e+00,0.000000000e+00,1.594344833e-02,0.000000000e+00
6.550000,0.000000000e+00,3.590901916e-01,0.000000000e+00,0.000000000e+00,1.578480837e-02,0.000000000e+00
6.560000,0.000000000e+00,3.592472531e-01,0.000000000e+00,0.000000000e+00,1.562774690e-02,0.000000000e+00
6.570000,0.000000000e+00,3.594027518e-01,0.000000000e+00,0.000000000e+00,1.547224823e-02,0.000000000e+00
6.580000,0.000000000e+00,3.595567032e-01,0.000000000e+00,0.000000000e+00,1.531829678e-02,0.000000000e+00
6.590000,0.000000000e+00,3.597091228e-01,0.000000000e+00,0.000000000e+00,1.516587718e-02,0.000000000e+00
6.600000,0.000000000e+00,3.598600258e-01,0.000000000e+00,0.000000000e+00,1.501497418e-02,0.000000000e+00
6.610000,0.000000000e+00,3.600094273e-01,0.000000000e+00,0.000000000e+00,1.486557269e-02,0.000000000e+00
6.620000,0.000000000e+00,3.601573422e-01,0.000000000e+00,0.000000000e+00,1.471765777e-02,0.000000000e+00
6.630000,0.000000000e+00,3.603037854e-01,0.000000000e+00,0.000000000e+00,1.457121463e-02,0.000000000e+00
6.640000,0.000000000e+00,3.604487714e-01,0.000000000e+00,0.000000000e+00,1.442622863e-02,0.000000000e+00
6.650000,0.000000000e+00,3.605923147e-01,0.000000000e+00,0.000000000e+00,1.428268525e-02,0.000000000e+00
6.660000,0.000000000e+00,3.607344298e-01,0.000000000e+00,0.000000000e+00,1.414057016e-02,0.000000000e+00
6.670000,0.000000000e+00,3.608751309e-01,0.000000000e+00,0.000000000e+00,1.399986914e-02,0.000000000e+00
6.680000,0.000000000e+00,3.610144319e-01,0.000000000e+00,0.000000000e+00,1.386056811e-02,0.000000000e+00
6.690000,0.000000000e+00,3.611523468e-01,0.000000000e+00,0.000000000e+00,1.372265315e-02,0.000000000e+00
6.700000,0.000000000e+00,3.612888895e-01,0.000000000e+00,0.000000000e+00,1.358611047e-02,0.000000000e+00
6.710000,0.000000000e+00,3.614240736e-01,0.000000000e+00,0.000000000e+00,1.345092641e-02,0.000000000e+00
6.720000,0.000000000e+00,3.615579125e-01,0.000000000e+00,0.000000000e+00,1.331708746e-02,0.000000000e+00
6.730000,0.000000000e+00,3.616904198e-01,0.000000000e+00,0.000000000e+00,1.318458023e-02,0.000000000e+00
6.740000,0.000000000e+00,3.618216085e-01,0.000000000e+00,0.000000000e+00,1.305339146e-02,0.000000000e+00
6.750000,0.000000000e+00,3.619514920e-01,0.000000000e+00,0.000000000e+00,1.292350805e-02,0.000000000e+00
6.760000,0.000000000e+00,3.620800830e-01,0.000000000e+00,0.000000000e+00,1.279491699e-02,0.000000000e+00
6.770000,0.000000000e+00,3.622073946e-01,0.000000000e+00,0.000000000e+00,1.266760544e-02,0.000000000e+00
6.780000,0.000000000e+00,3.623334393e-01,0.000000000e+00,0.000000000e+00,1.254156066e-02,0.000000000e+00
6.790000,0.000000000e+00,3.624582300e-01,0.000000000e+00,0.000000000e+00,1.241677005e-02,0.000000000e+00
6.800000,0.000000000e+00,3.625817789e-01,0.000000000e+00,0.000000000e+00,1.229322112e-02,0.000000000e+00
6.810000,0.000000000e+00,3.627040985e-01,0.000000000e+00,0.000000000e+00,1.217090153e-02,0.000000000e+00
6.820000,0.000000000e+00,3.628252010e-01,0.000000000e+00,0.000000000e+00,1.204979903e-02,0.000000000e+00
6.830000,0.000000000e+00,3.629450985e-01,0.000000000e+00,0.000000000e+00,1.192990153e-02,0.000000000e+00
6.840000,0.000000000e+00,3.630638030e-01,0.000000000e+00,0.000000000e+00,1.181119703e-02,0.000000000e+00
6.850000,0.000000000e+00,3.631813263e-01,0.000000000e+00,0.000000000e+00,1.169367365e-02,0.000000000e+00
6.860000,0.000000000e+00,3.632976803e-01,0.000000000e+00,0.000000000e+00,1.157731966e-02,0.000000000e+00
6.870000,0.000000000e+00,3.634128766e-01,0.000000000e+00,0.000000000e+00,1.146212340e-02,0.000000000e+00
6.880000,0.000000000e+00,3.635269266e-01,0.000000000e+00,0.000000000e+00,1.134807337e-02,0.000000000e+00
6.890000,0.000000000e+00,3.636398418e-01,0.000000000e+00,0.000000000e+00,1.123515815e-02,0.000000000e+00
6.900000,0.000000000e+00,3.637516335e-01,0.000000000e+00,0.000000000e+00,1.112336646e-02,0.000000000e+00
6.910000,0.000000000e+00,3.638623129e-01,0.000000000e+00,0.000000000e+00,1.101268711e-02,0.000000000e+00
6.920000,0.000000000e+00,3.639718910e-01,0.000000000e+00,0.000000000e+00,1.090310905e-02,0.000000000e+00
6.930000,0.000000000e+00,3.640803787e-01,0.000000000e+00,0.000000000e+00,1.079462130e-02,0.000000000e+00
6.940000,0.000000000e+00,3.641877870e-01,0.000000000e+00,0.000000000e+00,1.068721302e-02,0.000000000e+00
6.950000,0.000000000e+00,3.642941265e-01,0.000000000e+00,0.000000000e+00,1.058087348e-02,0.000000000e+00
6.960000,0.000000000e+00,3.643994080e-01,0.000000000e+00,0.000000000e+00,1.047559203e-02,0.000000000e+00
6.970000,0.000000000e+00,3.645036419e-01,0.000000000e+00,0.000000000e+00,1.037135814e-02,0.000000000e+00
6.980000,0.000000000e+00,3.646068386e-01,0.000000000e+00,0.000000000e+00,1.026816141e-02,0.000000000e+00
6.990000,0.000000000e+00,3.647090085e-01,0.000000000e+00,0.000000000e+00,1.016599149e-02,0.000000000e+00
7.000000,0.000000000e+00,3.648101618e-01,0.000000000e+00,0.000000000e+00,1.006483819e-02,0.000000000e+00
7.010000,0.000000000e+00,3.649103086e-01,0.000000000e+00,0.000000000e+00,9.964691373e-03,0.000000000e+00
7.020000,0.000000000e+00,3.650094590e-01,0.000000000e+00,0.000000000e+00,9.865541038e-03,0.000000000e+00
7.030000,0.000000000e+00,3.651076227e-01,0.000000000e+00,0.000000000e+00,9.767377264e-03,0.000000000e+00
7.040000,0.000000000e+00,3.652048098e-01,0.000000000e+00,0.000000000e+00,9.670190236e-03,0.000000000e+00
7.050000,0.000000000e+00,3.653010298e-01,0.000000000e+00,0.000000000e+00,9.573970236e-03,0.000000000e+00
7.060000,0.000000000e+00,3.653962924e-01,0.000000000e+00,0.000000000e+00,9.478707640e-03,0.000000000e+00
7.070000,0.000000000e+00,3.654906071e-01,0.000000000e+00,0.000000000e+00,9.384392924e-03,0.000000000e+00
7.080000,0.000000000e+00,3.655839833e-01,0.000000000e+00,0.000000000e+00,9.291016654e-03,0.000000000e+00
7.090000,0.000000000e+00,3.656764305e-01,0.000000000e+00,0.000000000e+00,9.198569494e-03,0.000000000e+00
7.100000,0.000000000e+00,3.657679578e-01,0.000000000e+00,0.000000000e+00,9.107042198e-03,0.000000000e+00
7.110000,0.000000000e+00,3.658585744e-01,0.000000000e+00,0.000000000e+00,9.016425614e-03,0.000000000e+00
7.120000,0.000000000e+00,3.659482893e-01,0.000000000e+00,0.000000000e+00,8.926710680e-03,0.000000000e+00
7.130000,0.000000000e+00,3.660371116e-01,0.000000000e+00,0.000000000e+00,8.837888425e-03,0.000000000e+00
7.140000,0.000000000e+00,3.661250500e-01,0.000000000e+00,0.000000000e+00,8.749949966e-03,0.000000000e+00
7.150000,0.000000000e+00,3.662121135e-01,0.000000000e+00,0.000000000e+00,8.662886509e-03,0.000000000e+00
7.160000,0.000000000e+00,3.662983107e-01,0.000000000e+00,0.000000000e+00,8.576689348e-03,0.000000000e+00
7.170000,0.000000000e+00,3.663836501e-01,0.000000000e+00,0.000000000e+00,8.491349863e-03,0.000000000e+00
7.180000,0.000000000e+00,3.664681405e-01,0.000000000e+00,0.000000000e+00,8.406859520e-03,0.000000000e+00
7.190000,0.000000000e+00,3.665517901e-01,0.000000000e+00,0.000000000e+00,8.323209870e-03,0.000000000e+00
7.200000,0.000000000e+00,3.666346075e-01,0.000000000e+00,0.000000000e+00,8.240392548e-03,0.000000000e+00
7.210000,0.000000000e+00,3.667166007e-01,0.000000000e+00,0.000000000e+00,8.158399272e-03,0.000000000e+00
7.220000,0.000000000e+00,3.667977782e-01,0.000000000e+00,0.000000000e+00,8.077221843e-03,0.000000000e+00
7.230000,0.000000000e+00,3.668781479e-01,0.000000000e+00,0.000000000e+00,7.996852143e-03,0.000000000e+00
7.240000,0.000000000e+00,3.669577179e-01,0.000000000e+00,0.000000000e+00,7.917282135e-03,0.000000000e+00
7.250000,0.000000000e+00,3.670364961e-01,0.000000000e+00,0.000000000e+00,7.838503861e-03,0.000000000e+00
7.260000,0.000000000e+00,3.671144906e-01,0.000000000e+00,0.000000000e+00,7.760509445e-03,0.000000000e+00
7.270000,0.000000000e+00,3.671917089e-01,0.000000000e+00,0.000000000e+00,7.683291086e-03,0.000000000e+00
7.280000,0.000000000e+00,3.672681589e-01,0.000000000e+00,0.000000000e+00,7.606841062e-03,0.000000000e+00
7.290000,0.000000000e+00,3.673438483e-01,0.000000000e+00,0.000000000e+00,7.531151729e-03,0.000000000e+00
7.300000,0.000000000e+00,3.674187845e-01,0.000000000e+00,0.000000000e+00,7.456215517e-03,0.000000000e+00
7.310000,0.000000000e+00,3.674929751e-01,0.000000000e+00,0.000000000e+00,7.382024933e-03,0.000000000e+00
7.320000,0.000000000e+00,3.675664274e-01,0.000000000e+00,0.000000000e+00,7.308572558e-03,0.000000000e+00
7.330000,0.000000000e+00,3.676391490e-01,0.000000000e+00,0.000000000e+00,7.235851046e-03,0.000000000e+00
7.340000,0.000000000e+00,3.677111469e-01,0.000000000e+00,0.000000000e+00,7.163853125e-03,0.000000000e+00
7.350000,0.000000000e+00,3.677824284e-01,0.000000000e+00,0.000000000e+00,7.092571595e-03,0.000000000e+00
7.360000,0.000000000e+00,3.678530007e-01,0.000000000e+00,0.000000000e+00,7.021999329e-03,0.000000000e+00
7.370000,0.000000000e+00,3.679228707e-01,0.000000000e+00,0.000000000e+00,6.952129268e-03,0.000000000e+00
7.380000,0.000000000e+00,3.679920456e-01,0.000000000e+00,0.000000000e+00,6.882954426e-03,0.000000000e+00
7.390000,0.000000000e+00,3.680605321e-01,0.000000000e+00,0.000000000e+00,6.814467885e-03,0.000000000e+00
7.400000,0.000000000e+00,3.681283372e-01,0.000000000e+00,0.000000000e+00,6.746662797e-03,0.000000000e+00
7.410000,0.000000000e+00,3.681954676e-01,0.000000000e+00,0.000000000e+00,6.679532380e-03,0.000000000e+00
7.420000,0.000000000e+00,3.682619301e-01,0.000000000e+00,0.000000000e+00,6.613069923e-03,0.000000000e+00
7.430000,0.000000000e+00,3.683277312e-01,0.000000000e+00,0.000000000e+00,6.547268778e-03,0.000000000e+00
7.440000,0.000000000e+00,3.683928776e-01,0.000000000e+00,0.000000000e+00,6.482122365e-03,0.000000000e+00
7.450000,0.000000000e+00,3.684573758e-01,0.000000000e+00,0.000000000e+00,6.417624170e-03,0.000000000e+00
7.460000,0.000000000e+00,3.685212323e-01,0.000000000e+00,0.000000000e+00,6.353767742e-03,0.000000000e+00
7.470000,0.000000000e+00,3.685844533e-01,0.000000000e+00,0.000000000e+00,6.290546697e-03,0.000000000e+00
7.480000,0.000000000e+00,3.686470453e-01,0.000000000e+00,0.000000000e+00,6.227954711e-03,0.000000000e+00
7.490000,0.000000000e+00,3.687090145e-01,0.000000000e+00,0.000000000e+00,6.165985527e-03,0.000000000e+00
7.500000,0.000000000e+00,3.687703671e-01,0.000000000e+00,0.000000000e+00,6.104632945e-03,0.000000000e+00
7.510000,0.000000000e+00,3.688311092e-01,0.000000000e+00,0.000000000e+00,6.043890833e-03,0.000000000e+00
7.520000,0.000000000e+00,3.688912469e-01,0.000000000e+00,0.000000000e+00,5.983753114e-03,0.000000000e+00
7.530000,0.000000000e+00,3.689507862e-01,0.000000000e+00,0.000000000e+00,5.924213776e-03,0.000000000e+00
7.540000,0.000000000e+00,3.690097331e-01,0.000000000e+00,0.000000000e+00,5.865266864e-03,0.000000000e+00
7.550000,0.000000000e+00,3.690680935e-01,0.000000000e+00,0.000000000e+00,5.806906484e-03,0.000000000e+00
7.560000,0.000000000e+00,3.691258732e-01,0.000000000e+00,0.000000000e+00,5.749126799e-03,0.000000000e+00
7.570000,0.000000000e+00,3.691830780e-01,0.000000000e+00,0.000000000e+00,5.691922031e-03,0.000000000e+00
7.580000,0.000000000e+00,3.692397135e-01,0.000000000e+00,0.000000000e+00,5.635286461e-03,0.000000000e+00
7.590000,0.000000000e+00,3.692957856e-01,0.000000000e+00,0.000000000e+00,5.579214424e-03,0.000000000e+00
7.600000,0.000000000e+00,3.693512997e-01,0.000000000e+00,0.000000000e+00,5.523700312e-03,0.000000000e+00
7.610000,0.000000000e+00,3.694062614e-01,0.000000000e+00,0.000000000e+00,5.468738576e-03,0.000000000e+00
7.620000,0.000000000e+00,3.694606763e-01,0.000000000e+00,0.000000000e+00,5.414323718e-03,0.000000000e+00
7.630000,0.000000000e+00,3.695145497e-01,0.000000000e+00,0.000000000e+00,5.360450297e-03,0.000000000e+00
7.640000,0.000000000e+00,3.695678871e-01,0.000000000e+00,0.000000000e+00,5.307112925e-03,0.000000000e+00
7.650000,0.000000000e+00,3.696206937e-01,0.000000000e+00,0.000000000e+00,5.254306269e-03,0.000000000e+00
7.660000,0.000000000e+00,3.696729750e-01,0.000000000e+00,0.000000000e+00,5.202025048e-03,0.000000000e+00
7.670000,0.000000000e+00,3.697247360e-01,0.000000000e+00,0.000000000e+00,5.150264034e-03,0.000000000e+00
7.680000,0.000000000e+00,3.697759819e-01,0.000000000e+00,0.000000000e+00,5.099018051e-03,0.000000000e+00
7.690000,0.000000000e+00,3.698267180e-01,0.000000000e+00,0.000000000e+00,5.048281974e-03,0.000000000e+00
7.700000,0.000000000e+00,3.698769493e-01,0.000000000e+00,0.000000000e+00,4.998050729e-03,0.000000000e+00
7.710000,0.000000000e+00,3.699266807e-01,0.000000000e+00,0.000000000e+00,4.948319293e-03,0.000000000e+00
7.720000,0.000000000e+00,3.699759173e-01,0.000000000e+00,0.000000000e+00,4.899082693e-03,0.000000000e+00
7.730000,0.000000000e+00,3.700246640e-01,0.000000000e+00,0.000000000e+00,4.850336006e-03,0.000000000e+00
7.740000,0.000000000e+00,3.700729256e-01,0.000000000e+00,0.000000000e+00,4.802074357e-03,0.000000000e+00
7.750000,0.000000000e+00,3.701207071e-01,0.000000000e+00,0.000000000e+00,4.754292918e-03,0.000000000e+00
7.760000,0.000000000e+00,3.701680131e-01,0.000000000e+00,0.000000000e+00,4.706986913e-03,0.000000000e+00
7.770000,0.000000000e+00,3.702148484e-01,0.000000000e+00,0.000000000e+00,4.660151611e-03,0.000000000e+00
7.780000,0.000000000e+00,3.702612177e-01,0.000000000e+00,0.000000000e+00,4.613782328e-03,0.000000000e+00
7.790000,0.000000000e+00,3.703071256e-01,0.000000000e+00,0.000000000e+00,4.567874427e-03,0.000000000e+00
7.800000,0.000000000e+00,3.703525767e-01,0.000000000e+00,0.000000000e+00,4.522423317e-03,0.000000000e+00
7.810000,0.000000000e+00,3.703975755e-01,0.000000000e+00,0.000000000e+00,4.477424453e-03,0.000000000e+00
7.820000,0.000000000e+00,3.704421267e-01,0.000000000e+00,0.000000000e+00,4.432873335e-03,0.000000000e+00
7.830000,0.000000000e+00,3.704862345e-01,0.000000000e+00,0.000000000e+00,4.388765509e-03,0.000000000e+00
7.840000,0.000000000e+00,3.705299034e-01,0.000000000e+00,0.000000000e+00,4.345096562e-03,0.000000000e+00
7.850000,0.000000000e+00,3.705731379e-01,0.000000000e+00,0.000000000e+00,4.301862129e-03,0.000000000e+00
7.860000,0.000000000e+00,3.706159421e-01,0.000000000e+00,0.000000000e+00,4.259057886e-03,0.000000000e+00
7.870000,0.000000000e+00,3.706583204e-01,0.000000000e+00,0.000000000e+00,4.216679552e-03,0.000000000e+00
7.880000,0.000000000e+00,3.707002771e-01,0.000000000e+00,0.000000000e+00,4.174722889e-03,0.000000000e+00
7.890000,0.000000000e+00,3.707418163e-01,0.000000000e+00,0.000000000e+00,4.133183702e-03,0.000000000e+00
7.900000,0.000000000e+00,3.707829422e-01,0.000000000e+00,0.000000000e+00,4.092057837e-03,0.000000000e+00
7.910000,0.000000000e+00,3.708236588e-01,0.000000000e+00,0.000000000e+00,4.051341181e-03,0.000000000e+00
7.920000,0.000000000e+00,3.708639703e-01,0.000000000e+00,0.000000000e+00,4.011029663e-03,0.000000000e+00
7.930000,0.000000000e+00,3.709038807e-01,0.000000000e+00,0.000000000e+00,3.971119251e-03,0.000000000e+00
7.940000,0.000000000e+00,3.709433940e-01,0.000000000e+00,0.000000000e+00,3.931605954e-03,0.000000000e+00
7.950000,0.000000000e+00,3.709825142e-01,0.000000000e+00,0.000000000e+00,3.892485821e-03,0.000000000e+00
7.960000,0.000000000e+00,3.710212451e-01,0.000000000e+00,0.000000000e+00,3.853754940e-03,0.000000000e+00
7.970000,0.000000000e+00,3.710595906e-01,0.000000000e+00,0.000000000e+00,3.815409438e-03,0.000000000e+00
7.980000,0.000000000e+00,3.710975545e-01,0.000000000e+00,0.000000000e+00,3.777445480e-03,0.000000000e+00
7.990000,0.000000000e+00,3.711351407e-01,0.000000000e+00,0.000000000e+00,3.739859269e-03,0.000000000e+00
8.000000,0.000000000e+00,3.711723530e-01,0.000000000e+00,0.000000000e+00,3.702647048e-03,0.000000000e+00
8.010000,0.000000000e+00,3.712091949e-01,0.000000000e+00,0.000000000e+00,3.665805094e-03,0.000000000e+00
8.020000,0.000000000e+00,3.712456703e-01,0.000000000e+00,0.000000000e+00,3.629329724e-03,0.000000000e+00
8.030000,0.000000000e+00,3.712817827e-01,0.000000000e+00,0.000000000e+00,3.593217290e-03,0.000000000e+00
8.040000,0.000000000e+00,3.713175358e-01,0.000000000e+00,0.000000000e+00,3.557464181e-03,0.000000000e+00
8.050000,0.000000000e+00,3.713529332e-01,0.000000000e+00,0.000000000e+00,3.522066820e-03,0.000000000e+00
8.060000,0.000000000e+00,3.713879783e-01,0.000000000e+00,0.000000000e+00,3.487021670e-03,0.000000000e+00
8.070000,0.000000000e+00,3.714226748e-01,0.000000000e+00,0.000000000e+00,3.452325225e-03,0.000000000e+00
8.080000,0.000000000e+00,3.714570260e-01,0.000000000e+00,0.000000000e+00,3.417974015e-03,0.000000000e+00
8.090000,0.000000000e+00,3.714910354e-01,0.000000000e+00,0.000000000e+00,3.383964605e-03,0.000000000e+00
8.100000,0.000000000e+00,3.715247064e-01,0.000000000e+00,0.000000000e+00,3.350293595e-03,0.000000000e+00
8.110000,0.000000000e+00,3.715580424e-01,0.000000000e+00,0.000000000e+00,3.316957616e-03,0.000000000e+00
8.120000,0.000000000e+00,3.715910467e-01,0.000000000e+00,0.000000000e+00,3.283953337e-03,0.000000000e+00
8.130000,0.000000000e+00,3.716237225e-01,0.000000000e+00,0.000000000e+00,3.251277455e-03,0.000000000e+00
8.140000,0.000000000e+00,3.716560733e-01,0.000000000e+00,0.000000000e+00,3.218926704e-03,0.000000000e+00
8.150000,0.000000000e+00,3.716881022e-01,0.000000000e+00,0.000000000e+00,3.186897848e-03,0.000000000e+00
8.160000,0.000000000e+00,3.717198123e-01,0.000000000e+00,0.000000000e+00,3.155187685e-03,0.000000000e+00
8.170000,0.000000000e+00,3.717512070e-01,0.000000000e+00,0.000000000e+00,3.123793043e-03,0.000000000e+00
8.180000,0.000000000e+00,3.717822892e-01,0.000000000e+00,0.000000000e+00,3.092710783e-03,0.000000000e+00
8.190000,0.000000000e+00,3.718130622e-01,0.000000000e+00,0.000000000e+00,3.061937796e-03,0.000000000e+00
8.200000,0.000000000e+00,3.718435290e-01,0.000000000e+00,0.000000000e+00,3.031471006e-03,0.000000000e+00
8.210000,0.000000000e+00,3.718736926e-01,0.000000000e+00,0.000000000e+00,3.001307365e-03,0.000000000e+00
8.220000,0.000000000e+00,3.719035561e-01,0.000000000e+00,0.000000000e+00,2.971443858e-03,0.000000000e+00
8.230000,0.000000000e+00,3.719331225e-01,0.000000000e+00,0.000000000e+00,2.941877498e-03,0.000000000e+00
8.240000,0.000000000e+00,3.719623947e-01,0.000000000e+00,0.000000000e+00,2.912605328e-03,0.000000000e+00
8.250000,0.000000000e+00,3.719913756e-01,0.000000000e+00,0.000000000e+00,2.883624420e-03,0.000000000e+00
8.260000,0.000000000e+00,3.720200681e-01,0.000000000e+00,0.000000000e+00,2.854931878e-03,0.000000000e+00
8.270000,0.000000000e+00,3.720484752e-01,0.000000000e+00,0.000000000e+00,2.826524831e-03,0.000000000e+00
8.280000,0.000000000e+00,3.720765996e-01,0.000000000e+00,0.000000000e+00,2.798400439e-03,0.000000000e+00
8.290000,0.000000000e+00,3.721044441e-01,0.000000000e+00,0.000000000e+00,2.770555890e-03,0.000000000e+00
8.300000,0.000000000e+00,3.721320116e-01,0.000000000e+00,0.000000000e+00,2.742988398e-03,0.000000000e+00
8.310000,0.000000000e+00,3.721593048e-01,0.000000000e+00,0.000000000e+00,2.715695207e-03,0.000000000e+00
8.320000,0.000000000e+00,3.721863264e-01,0.000000000e+00,0.000000000e+00,2.688673589e-03,0.000000000e+00
8.330000,0.000000000e+00,3.722130792e-01,0.000000000e+00,0.000000000e+00,2.661920839e-03,0.000000000e+00
8.340000,0.000000000e+00,3.722395657e-01,0.000000000e+00,0.000000000e+00,2.635434284e-03,0.000000000e+00
8.350000,0.000000000e+00,3.722657887e-01,0.000000000e+00,0.000000000e+00,2.609211275e-03,0.000000000e+00
8.360000,0.000000000e+00,3.722917508e-01,0.000000000e+00,0.000000000e+00,2.583249189e-03,0.000000000e+00
8.370000,0.000000000e+00,3.723174546e-01,0.000000000e+00,0.000000000e+00,2.557545430e-03,0.000000000e+00
8.380000,0.000000000e+00,3.723429026e-01,0.000000000e+00,0.000000000e+00,2.532097428e-03,0.000000000e+00
8.390000,0.000000000e+00,3.723680974e-01,0.000000000e+00,0.000000000e+00,2.506902638e-03,0.000000000e+00
8.400000,0.000000000e+00,3.723930415e-01,0.000000000e+00,0.000000000e+00,2.481958540e-03,0.000000000e+00
8.410000,0.000000000e+00,3.724177374e-01,0.000000000e+00,0.000000000e+00,2.457262640e-03,0.000000000e+00
8.420000,0.000000000e+00,3.724421875e-01,0.000000000e+00,0.000000000e+00,2.432812468e-03,0.000000000e+00
8.430000,0.000000000e+00,3.724663944e-01,0.000000000e+00,0.000000000e+00,2.408605579e-03,0.000000000e+00
8.440000,0.000000000e+00,3.724903604e-01,0.000000000e+00,0.000000000e+00,2.384639553e-03,0.000000000e+00
8.450000,0.000000000e+00,3.725140880e-01,0.000000000e+00,0.000000000e+00,2.360911993e-03,0.000000000e+00
8.460000,0.000000000e+00,3.725375795e-01,0.000000000e+00,0.000000000e+00,2.337420526e-03,0.000000000e+00
8.470000,0.000000000e+00,3.725608372e-01,0.000000000e+00,0.000000000e+00,2.314162804e-03,0.000000000e+00
8.480000,0.000000000e+00,3.725838635e-01,0.000000000e+00,0.000000000e+00,2.291136499e-03,0.000000000e+00
8.490000,0.000000000e+00,3.726066607e-01,0.000000000e+00,0.000000000e+00,2.268339310e-03,0.000000000e+00
8.500000,0.000000000e+00,3.726292310e-01,0.000000000e+00,0.000000000e+00,2.245768957e-03,0.000000000e+00
8.510000,0.000000000e+00,3.726515768e-01,0.000000000e+00,0.000000000e+00,2.223423182e-03,0.000000000e+00
8.520000,0.000000000e+00,3.726737002e-01,0.000000000e+00,0.000000000e+00,2.201299752e-03,0.000000000e+00
8.530000,0.000000000e+00,3.726956035e-01,0.000000000e+00,0.000000000e+00,2.179396453e-03,0.000000000e+00
8.540000,0.000000000e+00,3.727172889e-01,0.000000000e+00,0.000000000e+00,2.157711096e-03,0.000000000e+00
8.550000,0.000000000e+00,3.727387585e-01,0.000000000e+00,0.000000000e+00,2.136241512e-03,0.000000000e+00
8.560000,0.000000000e+00,3.727600144e-01,0.000000000e+00,0.000000000e+00,2.114985554e-03,0.000000000e+00
8.570000,0.000000000e+00,3.727810589e-01,0.000000000e+00,0.000000000e+00,2.093941096e-03,0.000000000e+00
8.580000,0.000000000e+00,3.728018940e-01,0.000000000e+00,0.000000000e+00,2.073106034e-03,0.000000000e+00
8.590000,0.000000000e+00,3.728225217e-01,0.000000000e+00,0.000000000e+00,2.052478284e-03,0.000000000e+00
8.600000,0.000000000e+00,3.728429442e-01,0.000000000e+00,0.000000000e+00,2.032055784e-03,0.000000000e+00
8.610000,0.000000000e+00,3.728631635e-01,0.000000000e+00,0.000000000e+00,2.011836491e-03,0.000000000e+00
8.620000,0.000000000e+00,3.728831816e-01,0.000000000e+00,0.000000000e+00,1.991818384e-03,0.000000000e+00
8.630000,0.000000000e+00,3.729030005e-01,0.000000000e+00,0.000000000e+00,1.971999460e-03,0.000000000e+00
8.640000,0.000000000e+00,3.729226223e-01,0.000000000e+00,0.000000000e+00,1.952377737e-03,0.000000000e+00
8.650000,0.000000000e+00,3.729420487e-01,0.000000000e+00,0.000000000e+00,1.932951254e-03,0.000000000e+00
8.660000,0.000000000e+00,3.729612819e-01,0.000000000e+00,0.000000000e+00,1.913718068e-03,0.000000000e+00
8.670000,0.000000000e+00,3.729803237e-01,0.000000000e+00,0.000000000e+00,1.894676255e-03,0.000000000e+00
8.680000,0.000000000e+00,3.729991761e-01,0.000000000e+00,0.000000000e+00,1.875823911e-03,0.000000000e+00
8.690000,0.000000000e+00,3.730178408e-01,0.000000000e+00,0.000000000e+00,1.857159152e-03,0.000000000e+00
8.700000,0.000000000e+00,3.730363199e-01,0.000000000e+00,0.000000000e+00,1.838680109e-03,0.000000000e+00
8.710000,0.000000000e+00,3.730546151e-01,0.000000000e+00,0.000000000e+00,1.820384936e-03,0.000000000e+00
8.720000,0.000000000e+00,3.730727282e-01,0.000000000e+00,0.000000000e+00,1.802271804e-03,0.000000000e+00
8.730000,0.000000000e+00,3.730906611e-01,0.000000000e+00,0.000000000e+00,1.784338900e-03,0.000000000e+00
8.740000,0.000000000e+00,3.731084156e-01,0.000000000e+00,0.000000000e+00,1.766584431e-03,0.000000000e+00
8.750000,0.000000000e+00,3.731259934e-01,0.000000000e+00,0.000000000e+00,1.749006622e-03,0.000000000e+00
8.760000,0.000000000e+00,3.731433963e-01,0.000000000e+00,0.000000000e+00,1.731603715e-03,0.000000000e+00
8.770000,0.000000000e+00,3.731606260e-01,0.000000000e+00,0.000000000e+00,1.714373971e-03,0.000000000e+00
8.780000,0.000000000e+00,3.731776843e-01,0.000000000e+00,0.000000000e+00,1.697315665e-03,0.000000000e+00
8.790000,0.000000000e+00,3.731945729e-01,0.000000000e+00,0.000000000e+00,1.680427092e-03,0.000000000e+00
8.800000,0.000000000e+00,3.732112934e-01,0.000000000e+00,0.000000000e+00,1.663706563e-03,0.000000000e+00
8.810000,0.000000000e+00,3.732278476e-01,0.000000000e+00,0.000000000e+00,1.647152406e-03,0.000000000e+00
8.820000,0.000000000e+00,3.732442370e-01,0.000000000e+00,0.000000000e+00,1.630762965e-03,0.000000000e+00
8.830000,0.000000000e+00,3.732604634e-01,0.000000000e+00,0.000000000e+00,1.614536603e-03,0.000000000e+00
8.840000,0.000000000e+00,3.732765283e-01,0.000000000e+00,0.000000000e+00,1.598471695e-03,0.000000000e+00
8.850000,0.000000000e+00,3.732924334e-01,0.000000000e+00,0.000000000e+00,1.582566636e-03,0.000000000e+00
8.860000,0.000000000e+00,3.733081802e-01,0.000000000e+00,0.000000000e+00,1.566819835e-03,0.000000000e+00
8.870000,0.000000000e+00,3.733237703e-01,0.000000000e+00,0.000000000e+00,1.551229717e-03,0.000000000e+00
8.880000,0.000000000e+00,3.733392053e-01,0.000000000e+00,0.000000000e+00,1.535794724e-03,0.000000000e+00
8.890000,0.000000000e+00,3.733544867e-01,0.000000000e+00,0.000000000e+00,1.520513311e-03,0.000000000e+00
8.900000,0.000000000e+00,3.733696160e-01,0.000000000e+00,0.000000000e+00,1.505383951e-03,0.000000000e+00
8.910000,0.000000000e+00,3.733845949e-01,0.000000000e+00,0.000000000e+00,1.490405130e-03,0.000000000e+00
8.920000,0.000000000e+00,3.733994246e-01,0.000000000e+00,0.000000000e+00,1.475575351e-03,0.000000000e+00
8.930000,0.000000000e+00,3.734141069e-01,0.000000000e+00,0.000000000e+00,1.460893131e-03,0.000000000e+00
8.940000,0.000000000e+00,3.734286430e-01,0.000000000e+00,0.000000000e+00,1.446357002e-03,0.000000000e+00
8.950000,0.000000000e+00,3.734430345e-01,0.000000000e+00,0.000000000e+00,1.431965509e-03,0.000000000e+00
8.960000,0.000000000e+00,3.734572828e-01,0.000000000e+00,0.000000000e+00,1.417717214e-03,0.000000000e+00
8.970000,0.000000000e+00,3.734713893e-01,0.000000000e+00,0.000000000e+00,1.403610692e-03,0.000000000e+00
8.980000,0.000000000e+00,3.734853555e-01,0.000000000e+00,0.000000000e+00,1.389644532e-03,0.000000000e+00
8.990000,0.000000000e+00,3.734991827e-01,0.000000000e+00,0.000000000e+00,1.375817338e-03,0.000000000e+00
9.000000,0.000000000e+00,3.735128723e-01,0.000000000e+00,0.000000000e+00,1.362127727e-03,0.000000000e+00
9.010000,0.000000000e+00,3.735264257e-01,0.000000000e+00,0.000000000e+00,1.348574330e-03,0.000000000e+00
9.020000,0.000000000e+00,3.735398442e-01,0.000000000e+00,0.000000000e+00,1.335155791e-03,0.000000000e+00
9.030000,0.000000000e+00,3.735531292e-01,0.000000000e+00,0.000000000e+00,1.321870769e-03,0.000000000e+00
9.040000,0.000000000e+00,3.735662821e-01,0.000000000e+00,0.000000000e+00,1.308717935e-03,0.000000000e+00
9.050000,0.000000000e+00,3.735793040e-01,0.000000000e+00,0.000000000e+00,1.295695974e-03,0.000000000e+00
9.060000,0.000000000e+00,3.735921964e-01,0.000000000e+00,0.000000000e+00,1.282803583e-03,0.000000000e+00
9.070000,0.000000000e+00,3.736049605e-01,0.000000000e+00,0.000000000e+00,1.270039475e-03,0.000000000e+00
9.080000,0.000000000e+00,3.736175976e-01,0.000000000e+00,0.000000000e+00,1.257402371e-03,0.000000000e+00
9.090000,0.000000000e+00,3.736301090e-01,0.000000000e+00,0.000000000e+00,1.244891008e-03,0.000000000e+00
9.100000,0.000000000e+00,3.736424959e-01,0.000000000e+00,0.000000000e+00,1.232504135e-03,0.000000000e+00
9.110000,0.000000000e+00,3.736547595e-01,0.000000000e+00,0.000000000e+00,1.220240514e-03,0.000000000e+00
9.120000,0.000000000e+00,3.736669011e-01,0.000000000e+00,0.000000000e+00,1.208098918e-03,0.000000000e+00
9.130000,0.000000000e+00,3.736789219e-01,0.000000000e+00,0.000000000e+00,1.196078133e-03,0.000000000e+00
9.140000,0.000000000e+00,3.736908230e-01,0.000000000e+00,0.000000000e+00,1.184176957e-03,0.000000000e+00
9.150000,0.000000000e+00,3.737026058e-01,0.000000000e+00,0.000000000e+00,1.172394200e-03,0.000000000e+00
9.160000,0.000000000e+00,3.737142713e-01,0.000000000e+00,0.000000000e+00,1.160728682e-03,0.000000000e+00
9.170000,0.000000000e+00,3.737258208e-01,0.000000000e+00,0.000000000e+00,1.149179239e-03,0.000000000e+00
9.180000,0.000000000e+00,3.737372553e-01,0.000000000e+00,0.000000000e+00,1.137744714e-03,0.000000000e+00
9.190000,0.000000000e+00,3.737485760e-01,0.000000000e+00,0.000000000e+00,1.126423965e-03,0.000000000e+00
9.200000,0.000000000e+00,3.737597841e-01,0.000000000e+00,0.000000000e+00,1.115215860e-03,0.000000000e+00
9.210000,0.000000000e+00,3.737708807e-01,0.000000000e+00,0.000000000e+00,1.104119276e-03,0.000000000e+00
9.220000,0.000000000e+00,3.737818669e-01,0.000000000e+00,0.000000000e+00,1.093133106e-03,0.000000000e+00
9.230000,0.000000000e+00,3.737927438e-01,0.000000000e+00,0.000000000e+00,1.082256250e-03,0.000000000e+00
9.240000,0.000000000e+00,3.738035124e-01,0.000000000e+00,0.000000000e+00,1.071487620e-03,0.000000000e+00
9.250000,0.000000000e+00,3.738141739e-01,0.000000000e+00,0.000000000e+00,1.060826140e-03,0.000000000e+00
9.260000,0.000000000e+00,3.738247293e-01,0.000000000e+00,0.000000000e+00,1.050270744e-03,0.000000000e+00
9.270000,0.000000000e+00,3.738351796e-01,0.000000000e+00,0.000000000e+00,1.039820375e-03,0.000000000e+00
9.280000,0.000000000e+00,3.738455260e-01,0.000000000e+00,0.000000000e+00,1.029473990e-03,0.000000000e+00
9.290000,0.000000000e+00,3.738557694e-01,0.000000000e+00,0.000000000e+00,1.019230552e-03,0.000000000e+00
9.300000,0.000000000e+00,3.738659110e-01,0.000000000e+00,0.000000000e+00,1.009089039e-03,0.000000000e+00
9.310000,0.000000000e+00,3.738759516e-01,0.000000000e+00,0.000000000e+00,9.990484353e-04,0.000000000e+00
9.320000,0.000000000e+00,3.738858923e-01,0.000000000e+00,0.000000000e+00,9.891077373e-04,0.000000000e+00
9.330000,0.000000000e+00,3.738957340e-01,0.000000000e+00,0.000000000e+00,9.792659509e-04,0.000000000e+00
9.340000,0.000000000e+00,3.739054779e-01,0.000000000e+00,0.000000000e+00,9.695220919e-04,0.000000000e+00
9.350000,0.000000000e+00,3.739151248e-01,0.000000000e+00,0.000000000e+00,9.598751859e-04,0.000000000e+00
9.360000,0.000000000e+00,3.739246757e-01,0.000000000e+00,0.000000000e+00,9.503242682e-04,0.000000000e+00
9.370000,0.000000000e+00,3.739341316e-01,0.000000000e+00,0.000000000e+00,9.408683837e-04,0.000000000e+00
9.380000,0.000000000e+00,3.739434934e-01,0.000000000e+00,0.000000000e+00,9.315065869e-04,0.000000000e+00
9.390000,0.000000000e+00,3.739527621e-01,0.000000000e+00,0.000000000e+00,9.222379415e-04,0.000000000e+00
9.400000,0.000000000e+00,3.739619385e-01,0.000000000e+00,0.000000000e+00,9.130615207e-04,0.000000000e+00
9.410000,0.000000000e+00,3.739710236e-01,0.000000000e+00,0.000000000e+00,9.039764067e-04,0.000000000e+00
9.420000,0.000000000e+00,3.739800183e-01,0.000000000e+00,0.000000000e+00,8.949816912e-04,0.000000000e+00
9.430000,0.000000000e+00,3.739889235e-01,0.000000000e+00,0.000000000e+00,8.860764746e-04,0.000000000e+00
9.440000,0.000000000e+00,3.739977401e-01,0.000000000e+00,0.000000000e+00,8.772598663e-04,0.000000000e+00
9.450000,0.000000000e+00,3.740064690e-01,0.000000000e+00,0.000000000e+00,8.685309848e-04,0.000000000e+00
9.460000,0.000000000e+00,3.740151110e-01,0.000000000e+00,0.000000000e+00,8.598889571e-04,0.000000000e+00
9.470000,0.000000000e+00,3.740236671e-01,0.000000000e+00,0.000000000e+00,8.513329191e-04,0.000000000e+00
9.480000,0.000000000e+00,3.740321380e-01,0.000000000e+00,0.000000000e+00,8.428620150e-04,0.000000000e+00
9.490000,0.000000000e+00,3.740405246e-01,0.000000000e+00,0.000000000e+00,8.344753978e-04,0.000000000e+00
9.500000,0.000000000e+00,3.740488278e-01,0.000000000e+00,0.000000000e+00,8.261722289e-04,0.000000000e+00
9.510000,0.000000000e+00,3.740570483e-01,0.000000000e+00,0.000000000e+00,8.179516778e-04,0.000000000e+00
9.520000,0.000000000e+00,3.740651871e-01,0.000000000e+00,0.000000000e+00,8.098129227e-04,0.000000000e+00
9.530000,0.000000000e+00,3.740732449e-01,0.000000000e+00,0.000000000e+00,8.017551495e-04,0.000000000e+00
9.540000,0.000000000e+00,3.740812224e-01,0.000000000e+00,0.000000000e+00,7.937775524e-04,0.000000000e+00
9.550000,0.000000000e+00,3.740891207e-01,0.000000000e+00,0.000000000e+00,7.858793338e-04,0.000000000e+00
9.560000,0.000000000e+00,3.740969403e-01,0.000000000e+00,0.000000000e+00,7.780597038e-04,0.000000000e+00
9.570000,0.000000000e+00,3.741046821e-01,0.000000000e+00,0.000000000e+00,7.703178804e-04,0.000000000e+00
9.580000,0.000000000e+00,3.741123469e-01,0.000000000e+00,0.000000000e+00,7.626530894e-04,0.000000000e+00
9.590000,0.000000000e+00,3.741199354e-01,0.000000000e+00,0.000000000e+00,7.550645644e-04,0.000000000e+00
9.600000,0.000000000e+00,3.741274485e-01,0.000000000e+00,0.000000000e+00,7.475515464e-04,0.000000000e+00
9.610000,0.000000000e+00,3.741348867e-01,0.000000000e+00,0.000000000e+00,7.401132843e-04,0.000000000e+00
9.620000,0.000000000e+00,3.741422510e-01,0.000000000e+00,0.000000000e+00,7.327490340e-04,0.000000000e+00
9.630000,0.000000000e+00,3.741495419e-01,0.000000000e+00,0.000000000e+00,7.254580593e-04,0.000000000e+00
9.640000,0.000000000e+00,3.741567604e-01,0.000000000e+00,0.000000000e+00,7.182396310e-04,0.000000000e+00
9.650000,0.000000000e+00,3.741639070e-01,0.000000000e+00,0.000000000e+00,7.110930273e-04,0.000000000e+00
9.660000,0.000000000e+00,3.741709825e-01,0.000000000e+00,0.000000000e+00,7.040175335e-04,0.000000000e+00
9.670000,0.000000000e+00,3.741779876e-01,0.000000000e+00,0.000000000e+00,6.970124420e-04,0.000000000e+00
9.680000,0.000000000e+00,3.741849229e-01,0.000000000e+00,0.000000000e+00,6.900770523e-04,0.000000000e+00
9.690000,0.000000000e+00,3.741917893e-01,0.000000000e+00,0.000000000e+00,6.832106709e-04,0.000000000e+00
9.700000,0.000000000e+00,3.741985874e-01,0.000000000e+00,0.000000000e+00,6.764126111e-04,0.000000000e+00
9.710000,0.000000000e+00,3.742053178e-01,0.000000000e+00,0.000000000e+00,6.696821932e-04,0.000000000e+00
9.720000,0.000000000e+00,3.742119813e-01,0.000000000e+00,0.000000000e+00,6.630187440e-04,0.000000000e+00
9.730000,0.000000000e+00,3.742185784e-01,0.000000000e+00,0.000000000e+00,6.564215973e-04,0.000000000e+00
9.740000,0.000000000e+00,3.742251099e-01,0.000000000e+00,0.000000000e+00,6.498900933e-04,0.000000000e+00
9.750000,0.000000000e+00,3.742315764e-01,0.000000000e+00,0.000000000e+00,6.434235788e-04,0.000000000e+00
9.760000,0.000000000e+00,3.742379786e-01,0.000000000e+00,0.000000000e+00,6.370214072e-04,0.000000000e+00
9.770000,0.000000000e+00,3.742443171e-01,0.000000000e+00,0.000000000e+00,6.306829383e-04,0.000000000e+00
9.780000,0.000000000e+00,3.742505925e-01,0.000000000e+00,0.000000000e+00,6.244075382e-04,0.000000000e+00
9.790000,0.000000000e+00,3.742568054e-01,0.000000000e+00,0.000000000e+00,6.181945794e-04,0.000000000e+00
9.800000,0.000000000e+00,3.742629566e-01,0.000000000e+00,0.000000000e+00,6.120434406e-04,0.000000000e+00
9.810000,0.000000000e+00,3.742690465e-01,0.000000000e+00,0.000000000e+00,6.059535066e-04,0.000000000e+00
9.820000,0.000000000e+00,3.742750758e-01,0.000000000e+00,0.000000000e+00,5.999241685e-04,0.000000000e+00
9.830000,0.000000000e+00,3.742810452e-01,0.000000000e+00,0.000000000e+00,5.939548233e-04,0.000000000e+00
9.840000,0.000000000e+00,3.742869551e-01,0.000000000e+00,0.000000000e+00,5.880448740e-04,0.000000000e+00
9.850000,0.000000000e+00,3.742928063e-01,0.000000000e+00,0.000000000e+00,5.821937298e-04,0.000000000e+00
9.860000,0.000000000e+00,3.742985992e-01,0.000000000e+00,0.000000000e+00,5.764008054e-04,0.000000000e+00
9.870000,0.000000000e+00,3.743043345e-01,0.000000000e+00,0.000000000e+00,5.706655215e-04,0.000000000e+00
9.880000,0.000000000e+00,3.743100127e-01,0.000000000e+00,0.000000000e+00,5.649873047e-04,0.000000000e+00
9.890000,0.000000000e+00,3.743156344e-01,0.000000000e+00,0.000000000e+00,5.593655871e-04,0.000000000e+00
9.900000,0.000000000e+00,3.743212002e-01,0.000000000e+00,0.000000000e+00,5.537998065e-04,0.000000000e+00
9.910000,0.000000000e+00,3.743267106e-01,0.000000000e+00,0.000000000e+00,5.482894064e-04,0.000000000e+00
9.920000,0.000000000e+00,3.743321662e-01,0.000000000e+00,0.000000000e+00,5.428338356e-04,0.000000000e+00
9.930000,0.000000000e+00,3.743375675e-01,0.000000000e+00,0.000000000e+00,5.374325487e-04,0.000000000e+00
9.940000,0.000000000e+00,3.743429150e-01,0.000000000e+00,0.000000000e+00,5.320850055e-04,0.000000000e+00
9.950000,0.000000000e+00,3.743482093e-01,0.000000000e+00,0.000000000e+00,5.267906712e-04,0.000000000e+00
9.960000,0.000000000e+00,3.743534510e-01,0.000000000e+00,0.000000000e+00,5.215490165e-04,0.000000000e+00
9.970000,0.000000000e+00,3.743586405e-01,0.000000000e+00,0.000000000e+00,5.163595171e-04,0.000000000e+00
9.980000,0.000000000e+00,3.743637783e-01,0.000000000e+00,0.000000000e+00,5.112216540e-04,0.000000000e+00
9.990000,0.000000000e+00,3.743688651e-01,0.000000000e+00,0.000000000e+00,5.061349136e-04,0.000000000e+00
10.000000,0.000000000e+00,3.743739012e-01,0.000000000e+00,0.000000000e+00,5.010987870e-04,0.000000000e+00
10.010000,0.000000000e+00,3.743788872e-01,0.000000000e+00,0.000000000e+00,4.961127708e-04,0.000000000e+00
10.020000,0.000000000e+00,3.743838236e-01,0.000000000e+00,0.000000000e+00,4.911763662e-04,0.000000000e+00
10.030000,0.000000000e+00,3.743887109e-01,0.000000000e+00,0.000000000e+00,4.862890797e-04,0.000000000e+00
10.040000,0.000000000e+00,3.743935496e-01,0.000000000e+00,0.000000000e+00,4.814504226e-04,0.000000000e+00
10.050000,0.000000000e+00,3.743983401e-01,0.000000000e+00,0.000000000e+00,4.766599108e-04,0.000000000e+00
10.060000,0.000000000e+00,3.744030829e-01,0.000000000e+00,0.000000000e+00,4.719170655e-04,0.000000000e+00
10.070000,0.000000000e+00,3.744077786e-01,0.000000000e+00,0.000000000e+00,4.672214122e-04,0.000000000e+00
10.080000,0.000000000e+00,3.744124275e-01,0.000000000e+00,0.000000000e+00,4.625724815e-04,0.000000000e+00
10.090000,0.000000000e+00,3.744170302e-01,0.000000000e+00,0.000000000e+00,4.579698084e-04,0.000000000e+00
10.100000,0.000000000e+00,3.744215871e-01,0.000000000e+00,0.000000000e+00,4.534129326e-04,0.000000000e+00
10.110000,0.000000000e+00,3.744260986e-01,0.000000000e+00,0.000000000e+00,4.489013986e-04,0.000000000e+00
10.120000,0.000000000e+00,3.744305652e-01,0.000000000e+00,0.000000000e+00,4.444347550e-04,0.000000000e+00
10.130000,0.000000000e+00,3.744349874e-01,0.000000000e+00,0.000000000e+00,4.400125553e-04,0.000000000e+00
10.140000,0.000000000e+00,3.744393656e-01,0.000000000e+00,0.000000000e+00,4.356343573e-04,0.000000000e+00
10.150000,0.000000000e+00,3.744437003e-01,0.000000000e+00,0.000000000e+00,4.312997230e-04,0.000000000e+00
10.160000,0.000000000e+00,3.744479918e-01,0.000000000e+00,0.000000000e+00,4.270082190e-04,0.000000000e+00
10.170000,0.000000000e+00,3.744522406e-01,0.000000000e+00,0.000000000e+00,4.227594163e-04,0.000000000e+00
10.180000,0.000000000e+00,3.744564471e-01,0.000000000e+00,0.000000000e+00,4.185528898e-04,0.000000000e+00
10.190000,0.000000000e+00,3.744606118e-01,0.000000000e+00,0.000000000e+00,4.143882190e-04,0.000000000e+00
10.200000,0.000000000e+00,3.744647350e-01,0.000000000e+00,0.000000000e+00,4.102649873e-04,0.000000000e+00
10.210000,0.000000000e+00,3.744688172e-01,0.000000000e+00,0.000000000e+00,4.061827825e-04,0.000000000e+00
10.220000,0.000000000e+00,3.744728588e-01,0.000000000e+00,0.000000000e+00,4.021411962e-04,0.000000000e+00
10.230000,0.000000000e+00,3.744768602e-01,0.000000000e+00,0.000000000e+00,3.981398245e-04,0.000000000e+00
10.240000,0.000000000e+00,3.744808217e-01,0.000000000e+00,0.000000000e+00,3.941782670e-04,0.000000000e+00
10.250000,0.000000000e+00,3.744847439e-01,0.000000000e+00,0.000000000e+00,3.902561277e-04,0.000000000e+00
10.260000,0.000000000e+00,3.744886270e-01,0.000000000e+00,0.000000000e+00,3.863730144e-04,0.000000000e+00
10.270000,0.000000000e+00,3.744924715e-01,0.000000000e+00,0.000000000e+00,3.825285387e-04,0.000000000e+00
10.280000,0.000000000e+00,3.744962777e-01,0.000000000e+00,0.000000000e+00,3.787223161e-04,0.000000000e+00
10.290000,0.000000000e+00,3.745000460e-01,0.000000000e+00,0.000000000e+00,3.749539661e-04,0.000000000e+00
10.300000,0.000000000e+00,3.745037769e-01,0.000000000e+00,0.000000000e+00,3.712231118e-04,0.000000000e+00
10.310000,0.000000000e+00,3.745074706e-01,0.000000000e+00,0.000000000e+00,3.675293801e-04,0.000000000e+00
10.320000,0.000000000e+00,3.745111276e-01,0.000000000e+00,0.000000000e+00,3.638724017e-04,0.000000000e+00
10.330000,0.000000000e+00,3.745147482e-01,0.000000000e+00,0.000000000e+00,3.602518108e-04,0.000000000e+00
10.340000,0.000000000e+00,3.745183328e-01,0.000000000e+00,0.000000000e+00,3.566672454e-04,0.000000000e+00
10.350000,0.000000000e+00,3.745218817e-01,0.000000000e+00,0.000000000e+00,3.531183470e-04,0.000000000e+00
10.360000,0.000000000e+00,3.745253952e-01,0.000000000e+00,0.000000000e+00,3.496047607e-04,0.000000000e+00
10.370000,0.000000000e+00,3.745288739e-01,0.000000000e+00,0.000000000e+00,3.461261353e-04,0.000000000e+00
10.380000,0.000000000e+00,3.745323179e-01,0.000000000e+00,0.000000000e+00,3.426821227e-04,0.000000000e+00
10.390000,0.000000000e+00,3.745357276e-01,0.000000000e+00,0.000000000e+00,3.392723786e-04,0.000000000e+00
10.400000,0.000000000e+00,3.745391034e-01,0.000000000e+00,0.000000000e+00,3.358965620e-04,0.000000000e+00
10.410000,0.000000000e+00,3.745424457e-01,0.000000000e+00,0.000000000e+00,3.325543354e-04,0.000000000e+00
10.420000,0.000000000e+00,3.745457546e-01,0.000000000e+00,0.000000000e+00,3.292453644e-04,0.000000000e+00
10.430000,0.000000000e+00,3.745490307e-01,0.000000000e+00,0.000000000e+00,3.259693183e-04,0.000000000e+00
10.440000,0.000000000e+00,3.745522741e-01,0.000000000e+00,0.000000000e+00,3.227258694e-04,0.000000000e+00
10.450000,0.000000000e+00,3.745554853e-01,0.000000000e+00,0.000000000e+00,3.195146934e-04,0.000000000e+00
10.460000,0.000000000e+00,3.745586645e-01,0.000000000e+00,0.000000000e+00,3.163354690e-04,0.000000000e+00
10.470000,0.000000000e+00,3.745618121e-01,0.000000000e+00,0.000000000e+00,3.131878785e-04,0.000000000e+00
10.480000,0.000000000e+00,3.745649284e-01,0.000000000e+00,0.000000000e+00,3.100716071e-04,0.000000000e+00
10.490000,0.000000000e+00,3.745680137e-01,0.000000000e+00,0.000000000e+00,3.069863430e-04,0.000000000e+00
10.500000,0.000000000e+00,3.745710682e-01,0.000000000e+00,0.000000000e+00,3.039317779e-04,0.000000000e+00
10.510000,0.000000000e+00,3.745740924e-01,0.000000000e+00,0.000000000e+00,3.009076062e-04,0.000000000e+00
10.520000,0.000000000e+00,3.745770865e-01,0.000000000e+00,0.000000000e+00,2.979135255e-04,0.000000000e+00
10.530000,0.000000000e+00,3.745800508e-01,0.000000000e+00,0.000000000e+00,2.949492364e-04,0.000000000e+00
10.540000,0.000000000e+00,3.745829856e-01,0.000000000e+00,0.000000000e+00,2.920144424e-04,0.000000000e+00
10.550000,0.000000000e+00,3.745858911e-01,0.000000000e+00,0.000000000e+00,2.891088502e-04,0.000000000e+00
10.560000,0.000000000e+00,3.745887678e-01,0.000000000e+00,0.000000000e+00,2.862321691e-04,0.000000000e+00
10.570000,0.000000000e+00,3.745916159e-01,0.000000000e+00,0.000000000e+00,2.833841114e-04,0.000000000e+00
10.580000,0.000000000e+00,3.745944356e-01,0.000000000e+00,0.000000000e+00,2.805643924e-04,0.000000000e+00
10.590000,0.000000000e+00,3.745972273e-01,0.000000000e+00,0.000000000e+00,2.777727300e-04,0.000000000e+00
10.600000,0.000000000e+00,3.745999912e-01,0.000000000e+00,0.000000000e+00,2.750088452e-04,0.000000000e+00
10.610000,0.000000000e+00,3.746027275e-01,0.000000000e+00,0.000000000e+00,2.722724614e-04,0.000000000e+00
10.620000,0.000000000e+00,3.746054367e-01,0.000000000e+00,0.000000000e+00,2.695633052e-04,0.000000000e+00
10.630000,0.000000000e+00,3.746081189e-01,0.000000000e+00,0.000000000e+00,2.668811055e-04,0.000000000e+00
10.640000,0.000000000e+00,3.746107744e-01,0.000000000e+00,0.000000000e+00,2.642255941e-04,0.000000000e+00
10.650000,0.000000000e+00,3.746134035e-01,0.000000000e+00,0.000000000e+00,2.615965055e-04,0.000000000e+00
10.660000,0.000000000e+00,3.746160064e-01,0.000000000e+00,0.000000000e+00,2.589935768e-04,0.000000000e+00
10.670000,0.000000000e+00,3.746185835e-01,0.000000000e+00,0.000000000e+00,2.564165477e-04,0.000000000e+00
10.680000,0.000000000e+00,3.746211348e-01,0.000000000e+00,0.000000000e+00,2.538651604e-04,0.000000000e+00
10.690000,0.000000000e+00,3.746236608e-01,0.000000000e+00,0.000000000e+00,2.513391598e-04,0.000000000e+00
10.700000,0.000000000e+00,3.746261617e-01,0.000000000e+00,0.000000000e+00,2.488382934e-04,0.000000000e+00
10.710000,0.000000000e+00,3.746286377e-01,0.000000000e+00,0.000000000e+00,2.463623110e-04,0.000000000e+00
10.720000,0.000000000e+00,3.746310890e-01,0.000000000e+00,0.000000000e+00,2.439109651e-04,0.000000000e+00
10.730000,0.000000000e+00,3.746335160e-01,0.000000000e+00,0.000000000e+00,2.414840104e-04,0.000000000e+00
10.740000,0.000000000e+00,3.746359188e-01,0.000000000e+00,0.000000000e+00,2.390812044e-04,0.000000000e+00
10.750000,0.000000000e+00,3.746382977e-01,0.000000000e+00,0.000000000e+00,2.367023066e-04,0.000000000e+00
10.760000,0.000000000e+00,3.746406529e-01,0.000000000e+00,0.000000000e+00,2.343470793e-04,0.000000000e+00
10.770000,0.000000000e+00,3.746429847e-01,0.000000000e+00,0.000000000e+00,2.320152869e-04,0.000000000e+00
10.780000,0.000000000e+00,3.746452933e-01,0.000000000e+00,0.000000000e+00,2.297066962e-04,0.000000000e+00
10.790000,0.000000000e+00,3.746475789e-01,0.000000000e+00,0.000000000e+00,2.274210764e-04,0.000000000e+00
10.800000,0.000000000e+00,3.746498418e-01,0.000000000e+00,0.000000000e+00,2.251581989e-04,0.000000000e+00
10.810000,0.000000000e+00,3.746520822e-01,0.000000000e+00,0.000000000e+00,2.229178374e-04,0.000000000e+00
10.820000,0.000000000e+00,3.746543002e-01,0.000000000e+00,0.000000000e+00,2.206997679e-04,0.000000000e+00
10.830000,0.000000000e+00,3.746564962e-01,0.000000000e+00,0.000000000e+00,2.185037685e-04,0.000000000e+00
10.840000,0.000000000e+00,3.746586704e-01,0.000000000e+00,0.000000000e+00,2.163296197e-04,0.000000000e+00
10.850000,0.000000000e+00,3.746608229e-01,0.000000000e+00,0.000000000e+00,2.141771040e-04,0.000000000e+00
10.860000,0.000000000e+00,3.746629540e-01,0.000000000e+00,0.000000000e+00,2.120460062e-04,0.000000000e+00
10.870000,0.000000000e+00,3.746650639e-01,0.000000000e+00,0.000000000e+00,2.099361132e-04,0.000000000e+00
10.880000,0.000000000e+00,3.746671528e-01,0.000000000e+00,0.000000000e+00,2.078472139e-04,0.000000000e+00
10.890000,0.000000000e+00,3.746692209e-01,0.000000000e+00,0.000000000e+00,2.057790996e-04,0.000000000e+00
10.900000,0.000000000e+00,3.746712684e-01,0.000000000e+00,0.000000000e+00,2.037315634e-04,0.000000000e+00
10.910000,0.000000000e+00,3.746732956e-01,0.000000000e+00,0.000000000e+00,2.017044004e-04,0.000000000e+00
10.920000,0.000000000e+00,3.746753026e-01,0.000000000e+00,0.000000000e+00,1.996974081e-04,0.000000000e+00
10.930000,0.000000000e+00,3.746772896e-01,0.000000000e+00,0.000000000e+00,1.977103857e-04,0.000000000e+00
10.940000,0.000000000e+00,3.746792569e-01,0.000000000e+00,0.000000000e+00,1.957431345e-04,0.000000000e+00
10.950000,0.000000000e+00,3.746812045e-01,0.000000000e+00,0.000000000e+00,1.937954578e-04,0.000000000e+00
10.960000,0.000000000e+00,3.746831328e-01,0.000000000e+00,0.000000000e+00,1.918671607e-04,0.000000000e+00
10.970000,0.000000000e+00,3.746850419e-01,0.000000000e+00,0.000000000e+00,1.899580506e-04,0.000000000e+00
10.980000,0.000000000e+00,3.746869321e-01,0.000000000e+00,0.000000000e+00,1.880679364e-04,0.000000000e+00
10.990000,0.000000000e+00,3.746888034e-01,0.000000000e+00,0.000000000e+00,1.861966292e-04,0.000000000e+00
11.000000,0.000000000e+00,3.746906561e-01,0.000000000e+00,0.000000000e+00,1.843439418e-04,0.000000000e+00
11.010000,0.000000000e+00,3.746924903e-01,0.000000000e+00,0.000000000e+00,1.825096889e-04,0.000000000e+00
11.020000,0.000000000e+00,3.746943063e-01,0.000000000e+00,0.000000000e+00,1.806936871e-04,0.000000000e+00
11.030000,0.000000000e+00,3.746961042e-01,0.000000000e+00,0.000000000e+00,1.788957549e-04,0.000000000e+00
11.040000,0.000000000e+00,3.746978843e-01,0.000000000e+00,0.000000000e+00,1.771157124e-04,0.000000000e+00
11.050000,0.000000000e+00,3.746996466e-01,0.000000000e+00,0.000000000e+00,1.753533816e-04,0.000000000e+00
11.060000,0.000000000e+00,3.747013914e-01,0.000000000e+00,0.000000000e+00,1.736085863e-04,0.000000000e+00
11.070000,0.000000000e+00,3.747031188e-01,0.000000000e+00,0.000000000e+00,1.718811520e-04,0.000000000e+00
11.080000,0.000000000e+00,3.747048291e-01,0.000000000e+00,0.000000000e+00,1.701709060e-04,0.000000000e+00
11.090000,0.000000000e+00,3.747065223e-01,0.000000000e+00,0.000000000e+00,1.684776772e-04,0.000000000e+00
11.100000,0.000000000e+00,3.747081987e-01,0.000000000e+00,0.000000000e+00,1.668012963e-04,0.000000000e+00
11.110000,0.000000000e+00,3.747098584e-01,0.000000000e+00,0.000000000e+00,1.651415957e-04,0.000000000e+00
11.120000,0.000000000e+00,3.747115016e-01,0.000000000e+00,0.000000000e+00,1.634984093e-04,0.000000000e+00
11.130000,0.000000000e+00,3.747131284e-01,0.000000000e+00,0.000000000e+00,1.618715730e-04,0.000000000e+00
11.140000,0.000000000e+00,3.747147391e-01,0.000000000e+00,0.000000000e+00,1.602609239e-04,0.000000000e+00
11.150000,0.000000000e+00,3.747163337e-01,0.000000000e+00,0.000000000e+00,1.586663011e-04,0.000000000e+00
11.160000,0.000000000e+00,3.747179125e-01,0.000000000e+00,0.000000000e+00,1.570875450e-04,0.000000000e+00
11.170000,0.000000000e+00,3.747194755e-01,0.000000000e+00,0.000000000e+00,1.555244978e-04,0.000000000e+00
11.180000,0.000000000e+00,3.747210230e-01,0.000000000e+00,0.000000000e+00,1.539770032e-04,0.000000000e+00
11.190000,0.000000000e+00,3.747225551e-01,0.000000000e+00,0.000000000e+00,1.524449064e-04,0.000000000e+00
11.200000,0.000000000e+00,3.747240719e-01,0.000000000e+00,0.000000000e+00,1.509280543e-04,0.000000000e+00
11.210000,0.000000000e+00,3.747255737e-01,0.000000000e+00,0.000000000e+00,1.494262950e-04,0.000000000e+00
11.220000,0.000000000e+00,3.747270605e-01,0.000000000e+00,0.000000000e+00,1.479394786e-04,0.000000000e+00
11.230000,0.000000000e+00,3.747285325e-01,0.000000000e+00,0.000000000e+00,1.464674561e-04,0.000000000e+00
11.240000,0.000000000e+00,3.747299899e-01,0.000000000e+00,0.000000000e+00,1.450100806e-04,0.000000000e+00
11.250000,0.000000000e+00,3.747314328e-01,0.000000000e+00,0.000000000e+00,1.435672062e-04,0.000000000e+00
11.260000,0.000000000e+00,3.747328613e-01,0.000000000e+00,0.000000000e+00,1.421386886e-04,0.000000000e+00
11.270000,0.000000000e+00,3.747342756e-01,0.000000000e+00,0.000000000e+00,1.407243850e-04,0.000000000e+00
11.280000,0.000000000e+00,3.747356758e-01,0.000000000e+00,0.000000000e+00,1.393241540e-04,0.000000000e+00
11.290000,0.000000000e+00,3.747370621e-01,0.000000000e+00,0.000000000e+00,1.379378555e-04,0.000000000e+00
11.300000,0.000000000e+00,3.747384346e-01,0.000000000e+00,0.000000000e+00,1.365653509e-04,0.000000000e+00
11.310000,0.000000000e+00,3.747397935e-01,0.000000000e+00,0.000000000e+00,1.352065030e-04,0.000000000e+00
11.320000,0.000000000e+00,3.747411388e-01,0.000000000e+00,0.000000000e+00,1.338611758e-04,0.000000000e+00
11.330000,0.000000000e+00,3.747424708e-01,0.000000000e+00,0.000000000e+00,1.325292349e-04,0.000000000e+00
11.340000,0.000000000e+00,3.747437895e-01,0.000000000e+00,0.000000000e+00,1.312105469e-04,0.000000000e+00
11.350000,0.000000000e+00,3.747450950e-01,0.000000000e+00,0.000000000e+00,1.299049802e-04,0.000000000e+00
11.360000,0.000000000e+00,3.747463876e-01,0.000000000e+00,0.000000000e+00,1.286124040e-04,0.000000000e+00
11.370000,0.000000000e+00,3.747476673e-01,0.000000000e+00,0.000000000e+00,1.273326892e-04,0.000000000e+00
11.380000,0.000000000e+00,3.747489343e-01,0.000000000e+00,0.000000000e+00,1.260657078e-04,0.000000000e+00
11.390000,0.000000000e+00,3.747501887e-01,0.000000000e+00,0.000000000e+00,1.248113330e-04,0.000000000e+00
11.400000,0.000000000e+00,3.747514306e-01,0.000000000e+00,0.000000000e+00,1.235694395e-04,0.000000000e+00
11.410000,0.000000000e+00,3.747526601e-01,0.000000000e+00,0.000000000e+00,1.223399031e-04,0.000000000e+00
11.420000,0.000000000e+00,3.747538774e-01,0.000000000e+00,0.000000000e+00,1.211226007e-04,0.000000000e+00
11.430000,0.000000000e+00,3.747550826e-01,0.000000000e+00,0.000000000e+00,1.199174107e-04,0.000000000e+00
11.440000,0.000000000e+00,3.747562758e-01,0.000000000e+00,0.000000000e+00,1.187242125e-04,0.000000000e+00
11.450000,0.000000000e+00,3.747574571e-01,0.000000000e+00,0.000000000e+00,1.175428869e-04,0.000000000e+00
11.460000,0.000000000e+00,3.747586267e-01,0.000000000e+00,0.000000000e+00,1.163733156e-04,0.000000000e+00
11.470000,0.000000000e+00,3.747597846e-01,0.000000000e+00,0.000000000e+00,1.152153817e-04,0.000000000e+00
11.480000,0.000000000e+00,3.747609310e-01,0.000000000e+00,0.000000000e+00,1.140689695e-04,0.000000000e+00
11.490000,0.000000000e+00,3.747620660e-01,0.000000000e+00,0.000000000e+00,1.129339643e-04,0.000000000e+00
11.500000,0.000000000e+00,3.747631897e-01,0.000000000e+00,0.000000000e+00,1.118102526e-04,0.000000000e+00
11.510000,0.000000000e+00,3.747643023e-01,0.000000000e+00,0.000000000e+00,1.106977220e-04,0.000000000e+00
11.520000,0.000000000e+00,3.747654037e-01,0.000000000e+00,0.000000000e+00,1.095962613e-04,0.000000000e+00
11.530000,0.000000000e+00,3.747664942e-01,0.000000000e+00,0.000000000e+00,1.085057603e-04,0.000000000e+00
11.540000,0.000000000e+00,3.747675739e-01,0.000000000e+00,0.000000000e+00,1.074261099e-04,0.000000000e+00
11.550000,0.000000000e+00,3.747686428e-01,0.000000000e+00,0.000000000e+00,1.063572022e-04,0.000000000e+00
11.560000,0.000000000e+00,3.747697011e-01,0.000000000e+00,0.000000000e+00,1.052989304e-04,0.000000000e+00
11.570000,0.000000000e+00,3.747707488e-01,0.000000000e+00,0.000000000e+00,1.042511885e-04,0.000000000e+00
11.580000,0.000000000e+00,3.747717861e-01,0.000000000e+00,0.000000000e+00,1.032138719e-04,0.000000000e+00
11.590000,0.000000000e+00,3.747728131e-01,0.000000000e+00,0.000000000e+00,1.021868767e-04,0.000000000e+00
11.600000,0.000000000e+00,3.747738299e-01,0.000000000e+00,0.000000000e+00,1.011701003e-04,0.000000000e+00
11.610000,0.000000000e+00,3.747748366e-01,0.000000000e+00,0.000000000e+00,1.001634410e-04,0.000000000e+00
11.620000,0.000000000e+00,3.747758332e-01,0.000000000e+00,0.000000000e+00,9.916679808e-05,0.000000000e+00
11.630000,0.000000000e+00,3.747768199e-01,0.000000000e+00,0.000000000e+00,9.818007195e-05,0.000000000e+00
11.640000,0.000000000e+00,3.747777968e-01,0.000000000e+00,0.000000000e+00,9.720316391e-05,0.000000000e+00
11.650000,0.000000000e+00,3.747787640e-01,0.000000000e+00,0.000000000e+00,9.623597627e-05,0.000000000e+00
11.660000,0.000000000e+00,3.747797216e-01,0.000000000e+00,0.000000000e+00,9.527841231e-05,0.000000000e+00
11.670000,0.000000000e+00,3.747806696e-01,0.000000000e+00,0.000000000e+00,9.433037627e-05,0.000000000e+00
11.680000,0.000000000e+00,3.747816082e-01,0.000000000e+00,0.000000000e+00,9.339177334e-05,0.000000000e+00
11.690000,0.000000000e+00,3.747825375e-01,0.000000000e+00,0.000000000e+00,9.246250967e-05,0.000000000e+00
11.700000,0.000000000e+00,3.747834575e-01,0.000000000e+00,0.000000000e+00,9.154249233e-05,0.000000000e+00
11.710000,0.000000000e+00,3.747843684e-01,0.000000000e+00,0.000000000e+00,9.063162931e-05,0.000000000e+00
11.720000,0.000000000e+00,3.747852702e-01,0.000000000e+00,0.000000000e+00,8.972982953e-05,0.000000000e+00
11.730000,0.000000000e+00,3.747861630e-01,0.000000000e+00,0.000000000e+00,8.883700281e-05,0.000000000e+00
11.740000,0.000000000e+00,3.747870469e-01,0.000000000e+00,0.000000000e+00,8.795305986e-05,0.000000000e+00
11.750000,0.000000000e+00,3.747879221e-01,0.000000000e+00,0.000000000e+00,8.707791229e-05,0.000000000e+00
11.760000,0.000000000e+00,3.747887885e-01,0.000000000e+00,0.000000000e+00,8.621147259e-05,0.000000000e+00
11.770000,0.000000000e+00,3.747896463e-01,0.000000000e+00,0.000000000e+00,8.535365410e-05,0.000000000e+00
11.780000,0.000000000e+00,3.747904956e-01,0.000000000e+00,0.000000000e+00,8.450437106e-05,0.000000000e+00
11.790000,0.000000000e+00,3.747913365e-01,0.000000000e+00,0.000000000e+00,8.366353852e-05,0.000000000e+00
11.800000,0.000000000e+00,3.747921689e-01,0.000000000e+00,0.000000000e+00,8.283107240e-05,0.000000000e+00
11.810000,0.000000000e+00,3.747929931e-01,0.000000000e+00,0.000000000e+00,8.200688946e-05,0.000000000e+00
11.820000,0.000000000e+00,3.747938091e-01,0.000000000e+00,0.000000000e+00,8.119090727e-05,0.000000000e+00
11.830000,0.000000000e+00,3.747946170e-01,0.000000000e+00,0.000000000e+00,8.038304425e-05,0.000000000e+00
11.840000,0.000000000e+00,3.747954168e-01,0.000000000e+00,0.000000000e+00,7.958321959e-05,0.000000000e+00
11.850000,0.000000000e+00,3.747962086e-01,0.000000000e+00,0.000000000e+00,7.879135333e-05,0.000000000e+00
11.860000,0.000000000e+00,3.747969926e-01,0.000000000e+00,0.000000000e+00,7.800736626e-05,0.000000000e+00
11.870000,0.000000000e+00,3.747977688e-01,0.000000000e+00,0.000000000e+00,7.723118000e-05,0.000000000e+00
11.880000,0.000000000e+00,3.747985373e-01,0.000000000e+00,0.000000000e+00,7.646271692e-05,0.000000000e+00
11.890000,0.000000000e+00,3.747992981e-01,0.000000000e+00,0.000000000e+00,7.570190017e-05,0.000000000e+00
11.900000,0.000000000e+00,3.748000513e-01,0.000000000e+00,0.000000000e+00,7.494865368e-05,0.000000000e+00
11.910000,0.000000000e+00,3.748007971e-01,0.000000000e+00,0.000000000e+00,7.420290212e-05,0.000000000e+00
11.920000,0.000000000e+00,3.748015354e-01,0.000000000e+00,0.000000000e+00,7.346457091e-05,0.000000000e+00
11.930000,0.000000000e+00,3.748022664e-01,0.000000000e+00,0.000000000e+00,7.273358621e-05,0.000000000e+00
11.940000,0.000000000e+00,3.748029901e-01,0.000000000e+00,0.000000000e+00,7.200987494e-05,0.000000000e+00
11.950000,0.000000000e+00,3.748037066e-01,0.000000000e+00,0.000000000e+00,7.129336471e-05,0.000000000e+00
11.960000,0.000000000e+00,3.748044160e-01,0.000000000e+00,0.000000000e+00,7.058398388e-05,0.000000000e+00
11.970000,0.000000000e+00,3.748051183e-01,0.000000000e+00,0.000000000e+00,6.988166150e-05,0.000000000e+00
11.980000,0.000000000e+00,3.748058137e-01,0.000000000e+00,0.000000000e+00,6.918632735e-05,0.000000000e+00
11.990000,0.000000000e+00,3.748065021e-01,0.000000000e+00,0.000000000e+00,6.849791190e-05,0.000000000e+00
12.000000,0.000000000e+00,3.748071837e-01,0.000000000e+00,0.000000000e+00,6.781634628e-05,0.000000000e+00
12.010000,0.000000000e+00,3.748078584e-01,0.000000000e+00,0.000000000e+00,6.714156236e-05,0.000000000e+00
12.020000,0.000000000e+00,3.748085265e-01,0.000000000e+00,0.000000000e+00,6.647349266e-05,0.000000000e+00
12.030000,0.000000000e+00,3.748091879e-01,0.000000000e+00,0.000000000e+00,6.581207035e-05,0.000000000e+00
12.040000,0.000000000e+00,3.748098428e-01,0.000000000e+00,0.000000000e+00,6.515722931e-05,0.000000000e+00
12.050000,0.000000000e+00,3.748104911e-01,0.000000000e+00,0.000000000e+00,6.450890405e-05,0.000000000e+00
12.060000,0.000000000e+00,3.748111330e-01,0.000000000e+00,0.000000000e+00,6.386702973e-05,0.000000000e+00
12.070000,0.000000000e+00,3.748117685e-01,0.000000000e+00,0.000000000e+00,6.323154216e-05,0.000000000e+00
12.080000,0.000000000e+00,3.748123976e-01,0.000000000e+00,0.000000000e+00,6.260237781e-05,0.000000000e+00
12.090000,0.000000000e+00,3.748130205e-01,0.000000000e+00,0.000000000e+00,6.197947374e-05,0.000000000e+00
12.100000,0.000000000e+00,3.748136372e-01,0.000000000e+00,0.000000000e+00,6.136276767e-05,0.000000000e+00
12.110000,0.000000000e+00,3.748142478e-01,0.000000000e+00,0.000000000e+00,6.075219793e-05,0.000000000e+00
12.120000,0.000000000e+00,3.748148523e-01,0.000000000e+00,0.000000000e+00,6.014770346e-05,0.000000000e+00
12.130000,0.000000000e+00,3.748154508e-01,0.000000000e+00,0.000000000e+00,5.954922381e-05,0.000000000e+00
12.140000,0.000000000e+00,3.748160433e-01,0.000000000e+00,0.000000000e+00,5.895669914e-05,0.000000000e+00
12.150000,0.000000000e+00,3.748166299e-01,0.000000000e+00,0.000000000e+00,5.837007018e-05,0.000000000e+00
12.160000,0.000000000e+00,3.748172107e-01,0.000000000e+00,0.000000000e+00,5.778927828e-05,0.000000000e+00
12.170000,0.000000000e+00,3.748177857e-01,0.000000000e+00,0.000000000e+00,5.721426535e-05,0.000000000e+00
12.180000,0.000000000e+00,3.748183550e-01,0.000000000e+00,0.000000000e+00,5.664497390e-05,0.000000000e+00
12.190000,0.000000000e+00,3.748189187e-01,0.000000000e+00,0.000000000e+00,5.608134699e-05,0.000000000e+00
12.200000,0.000000000e+00,3.748194767e-01,0.000000000e+00,0.000000000e+00,5.552332827e-05,0.000000000e+00
12.210000,0.000000000e+00,3.748200291e-01,0.000000000e+00,0.000000000e+00,5.497086192e-05,0.000000000e+00
12.220000,0.000000000e+00,3.748205761e-01,0.000000000e+00,0.000000000e+00,5.442389270e-05,0.000000000e+00
12.230000,0.000000000e+00,3.748211176e-01,0.000000000e+00,0.000000000e+00,5.388236592e-05,0.000000000e+00
12.240000,0.000000000e+00,3.748216538e-01,0.000000000e+00,0.000000000e+00,5.334622742e-05,0.000000000e+00
12.250000,0.000000000e+00,3.748221846e-01,0.000000000e+00,0.000000000e+00,5.281542359e-05,0.000000000e+00
12.260000,0.000000000e+00,3.748227101e-01,0.000000000e+00,0.000000000e+00,5.228990135e-05,0.000000000e+00
12.270000,0.000000000e+00,3.748232304e-01,0.000000000e+00,0.000000000e+00,5.176960814e-05,0.000000000e+00
12.280000,0.000000000e+00,3.748237455e-01,0.000000000e+00,0.000000000e+00,5.125449193e-05,0.000000000e+00
12.290000,0.000000000e+00,3.748242555e-01,0.000000000e+00,0.000000000e+00,5.074450121e-05,0.000000000e+00
12.300000,0.000000000e+00,3.748247604e-01,0.000000000e+00,0.000000000e+00,5.023958499e-05,0.000000000e+00
12.310000,0.000000000e+00,3.748252603e-01,0.000000000e+00,0.000000000e+00,4.973969277e-05,0.000000000e+00
12.320000,0.000000000e+00,3.748257552e-01,0.000000000e+00,0.000000000e+00,4.924477455e-05,0.000000000e+00
12.330000,0.000000000e+00,3.748262452e-01,0.000000000e+00,0.000000000e+00,4.875478086e-05,0.000000000e+00
12.340000,0.000000000e+00,3.748267303e-01,0.000000000e+00,0.000000000e+00,4.826966268e-05,0.000000000e+00
12.350000,0.000000000e+00,3.748272106e-01,0.000000000e+00,0.000000000e+00,4.778937152e-05,0.000000000e+00
12.360000,0.000000000e+00,3.748276861e-01,0.000000000e+00,0.000000000e+00,4.731385932e-05,0.000000000e+00
12.370000,0.000000000e+00,3.748281569e-01,0.000000000e+00,0.000000000e+00,4.684307856e-05,0.000000000e+00
12.380000,0.000000000e+00,3.748286230e-01,0.000000000e+00,0.000000000e+00,4.637698214e-05,0.000000000e+00
12.390000,0.000000000e+00,3.748290845e-01,0.000000000e+00,0.000000000e+00,4.591552346e-05,0.000000000e+00
12.400000,0.000000000e+00,3.748295413e-01,0.000000000e+00,0.000000000e+00,4.545865636e-05,0.000000000e+00
12.410000,0.000000000e+00,3.748299937e-01,0.000000000e+00,0.000000000e+00,4.500633518e-05,0.000000000e+00
12.420000,0.000000000e+00,3.748304415e-01,0.000000000e+00,0.000000000e+00,4.455851466e-05,0.000000000e+00
12.430000,0.000000000e+00,3.748308848e-01,0.000000000e+00,0.000000000e+00,4.411515003e-05,0.000000000e+00
12.440000,0.000000000e+00,3.748313238e-01,0.000000000e+00,0.000000000e+00,4.367619695e-05,0.000000000e+00
12.450000,0.000000000e+00,3.748317584e-01,0.000000000e+00,0.000000000e+00,4.324161153e-05,0.000000000e+00
12.460000,0.000000000e+00,3.748321886e-01,0.000000000e+00,0.000000000e+00,4.281135031e-05,0.000000000e+00
12.470000,0.000000000e+00,3.748326146e-01,0.000000000e+00,0.000000000e+00,4.238537026e-05,0.000000000e+00
12.480000,0.000000000e+00,3.748330364e-01,0.000000000e+00,0.000000000e+00,4.196362878e-05,0.000000000e+00
12.490000,0.000000000e+00,3.748334539e-01,0.000000000e+00,0.000000000e+00,4.154608369e-05,0.000000000e+00
12.500000,0.000000000e+00,3.748338673e-01,0.000000000e+00,0.000000000e+00,4.113269325e-05,0.000000000e+00
12.510000,0.000000000e+00,3.748342766e-01,0.000000000e+00,0.000000000e+00,4.072341612e-05,0.000000000e+00
12.520000,0.000000000e+00,3.748346818e-01,0.000000000e+00,0.000000000e+00,4.031821136e-05,0.000000000e+00
12.530000,0.000000000e+00,3.748350830e-01,0.000000000e+00,0.000000000e+00,3.991703845e-05,0.000000000e+00
12.540000,0.000000000e+00,3.748354801e-01,0.000000000e+00,0.000000000e+00,3.951985728e-05,0.000000000e+00
12.550000,0.000000000e+00,3.748358734e-01,0.000000000e+00,0.000000000e+00,3.912662813e-05,0.000000000e+00
12.560000,0.000000000e+00,3.748362627e-01,0.000000000e+00,0.000000000e+00,3.873731168e-05,0.000000000e+00
12.570000,0.000000000e+00,3.748366481e-01,0.000000000e+00,0.000000000e+00,3.835186899e-05,0.000000000e+00
12.580000,0.000000000e+00,3.748370297e-01,0.000000000e+00,0.000000000e+00,3.797026151e-05,0.000000000e+00
12.590000,0.000000000e+00,3.748374075e-01,0.000000000e+00,0.000000000e+00,3.759245110e-05,0.000000000e+00
12.600000,0.000000000e+00,3.748377816e-01,0.000000000e+00,0.000000000e+00,3.721839996e-05,0.000000000e+00
12.610000,0.000000000e+00,3.748381519e-01,0.000000000e+00,0.000000000e+00,3.684807069e-05,0.000000000e+00
12.620000,0.000000000e+00,3.748385186e-01,0.000000000e+00,0.000000000e+00,3.648142626e-05,0.000000000e+00
12.630000,0.000000000e+00,3.748388816e-01,0.000000000e+00,0.000000000e+00,3.611843001e-05,0.000000000e+00
12.640000,0.000000000e+00,3.748392410e-01,0.000000000e+00,0.000000000e+00,3.575904562e-05,0.000000000e+00
12.650000,0.000000000e+00,3.748395968e-01,0.000000000e+00,0.000000000e+00,3.540323717e-05,0.000000000e+00
12.660000,0.000000000e+00,3.748399490e-01,0.000000000e+00,0.000000000e+00,3.505096908e-05,0.000000000e+00
12.670000,0.000000000e+00,3.748402978e-01,0.000000000e+00,0.000000000e+00,3.470220611e-05,0.000000000e+00
12.680000,0.000000000e+00,3.748406431e-01,0.000000000e+00,0.000000000e+00,3.435691339e-05,0.000000000e+00
12.690000,0.000000000e+00,3.748409849e-01,0.000000000e+00,0.000000000e+00,3.401505639e-05,0.000000000e+00
12.700000,0.000000000e+00,3.748413234e-01,0.000000000e+00,0.000000000e+00,3.367660092e-05,0.000000000e+00
12.710000,0.000000000e+00,3.748416585e-01,0.000000000e+00,0.000000000e+00,3.334151315e-05,0.000000000e+00
12.720000,0.000000000e+00,3.748419902e-01,0.000000000e+00,0.000000000e+00,3.300975955e-05,0.000000000e+00
12.730000,0.000000000e+00,3.748423187e-01,0.000000000e+00,0.000000000e+00,3.268130695e-05,0.000000000e+00
12.740000,0.000000000e+00,3.748426439e-01,0.000000000e+00,0.000000000e+00,3.235612251e-05,0.000000000e+00
12.750000,0.000000000e+00,3.748429658e-01,0.000000000e+00,0.000000000e+00,3.203417372e-05,0.000000000e+00
12.760000,0.000000000e+00,3.748432846e-01,0.000000000e+00,0.000000000e+00,3.171542836e-05,0.000000000e+00
12.770000,0.000000000e+00,3.748436001e-01,0.000000000e+00,0.000000000e+00,3.139985458e-05,0.000000000e+00
12.780000,0.000000000e+00,3.748439126e-01,0.000000000e+00,0.000000000e+00,3.108742080e-05,0.000000000e+00
12.790000,0.000000000e+00,3.748442219e-01,0.000000000e+00,0.000000000e+00,3.077809580e-05,0.000000000e+00
12.800000,0.000000000e+00,3.748445282e-01,0.000000000e+00,0.000000000e+00,3.047184863e-05,0.000000000e+00
12.810000,0.000000000e+00,3.748448314e-01,0.000000000e+00,0.000000000e+00,3.016864867e-05,0.000000000e+00
12.820000,0.000000000e+00,3.748451315e-01,0.000000000e+00,0.000000000e+00,2.986846560e-05,0.000000000e+00
12.830000,0.000000000e+00,3.748454287e-01,0.000000000e+00,0.000000000e+00,2.957126940e-05,0.000000000e+00
12.840000,0.000000000e+00,3.748457230e-01,0.000000000e+00,0.000000000e+00,2.927703035e-05,0.000000000e+00
12.850000,0.000000000e+00,3.748460143e-01,0.000000000e+00,0.000000000e+00,2.898571903e-05,0.000000000e+00
12.860000,0.000000000e+00,3.748463027e-01,0.000000000e+00,0.000000000e+00,2.869730631e-05,0.000000000e+00
12.870000,0.000000000e+00,3.748465882e-01,0.000000000e+00,0.000000000e+00,2.841176334e-05,0.000000000e+00
12.880000,0.000000000e+00,3.748468709e-01,0.000000000e+00,0.000000000e+00,2.812906157e-05,0.000000000e+00
12.890000,0.000000000e+00,3.748471508e-01,0.000000000e+00,0.000000000e+00,2.784917273e-05,0.000000000e+00
12.900000,0.000000000e+00,3.748474279e-01,0.000000000e+00,0.000000000e+00,2.757206884e-05,0.000000000e+00
12.910000,0.000000000e+00,3.748477023e-01,0.000000000e+00,0.000000000e+00,2.729772217e-05,0.000000000e+00
12.920000,0.000000000e+00,3.748479739e-01,0.000000000e+00,0.000000000e+00,2.702610529e-05,0.000000000e+00
12.930000,0.000000000e+00,3.748482428e-01,0.000000000e+00,0.000000000e+00,2.675719105e-05,0.000000000e+00
12.940000,0.000000000e+00,3.748485090e-01,0.000000000e+00,0.000000000e+00,2.649095255e-05,0.000000000e+00
12.950000,0.000000000e+00,3.748487726e-01,0.000000000e+00,0.000000000e+00,2.622736317e-05,0.000000000e+00
12.960000,0.000000000e+00,3.748490336e-01,0.000000000e+00,0.000000000e+00,2.596639655e-05,0.000000000e+00
12.970000,0.000000000e+00,3.748492920e-01,0.000000000e+00,0.000000000e+00,2.570802658e-05,0.000000000e+00
12.980000,0.000000000e+00,3.748495478e-01,0.000000000e+00,0.000000000e+00,2.545222745e-05,0.000000000e+00
12.990000,0.000000000e+00,3.748498010e-01,0.000000000e+00,0.000000000e+00,2.519897355e-05,0.000000000e+00
13.000000,0.000000000e+00,3.748500518e-01,0.000000000e+00,0.000000000e+00,2.494823958e-05,0.000000000e+00
13.010000,0.000000000e+00,3.748503000e-01,0.000000000e+00,0.000000000e+00,2.470000044e-05,0.000000000e+00
13.020000,0.000000000e+00,3.748505458e-01,0.000000000e+00,0.000000000e+00,2.445423133e-05,0.000000000e+00
13.030000,0.000000000e+00,3.748507891e-01,0.000000000e+00,0.000000000e+00,2.421090767e-05,0.000000000e+00
13.040000,0.000000000e+00,3.748510300e-01,0.000000000e+00,0.000000000e+00,2.397000511e-05,0.000000000e+00
13.050000,0.000000000e+00,3.748512685e-01,0.000000000e+00,0.000000000e+00,2.373149957e-05,0.000000000e+00
13.060000,0.000000000e+00,3.748515046e-01,0.000000000e+00,0.000000000e+00,2.349536721e-05,0.000000000e+00
13.070000,0.000000000e+00,3.748517384e-01,0.000000000e+00,0.000000000e+00,2.326158440e-05,0.000000000e+00
13.080000,0.000000000e+00,3.748519699e-01,0.000000000e+00,0.000000000e+00,2.303012777e-05,0.000000000e+00
13.090000,0.000000000e+00,3.748521990e-01,0.000000000e+00,0.000000000e+00,2.280097417e-05,0.000000000e+00
13.100000,0.000000000e+00,3.748524259e-01,0.000000000e+00,0.000000000e+00,2.257410068e-05,0.000000000e+00
13.110000,0.000000000e+00,3.748526505e-01,0.000000000e+00,0.000000000e+00,2.234948463e-05,0.000000000e+00
13.120000,0.000000000e+00,3.748528729e-01,0.000000000e+00,0.000000000e+00,2.212710354e-05,0.000000000e+00
13.130000,0.000000000e+00,3.748530931e-01,0.000000000e+00,0.000000000e+00,2.190693518e-05,0.000000000e+00
13.140000,0.000000000e+00,3.748533110e-01,0.000000000e+00,0.000000000e+00,2.168895753e-05,0.000000000e+00
13.150000,0.000000000e+00,3.748535269e-01,0.000000000e+00,0.000000000e+00,2.147314880e-05,0.000000000e+00
13.160000,0.000000000e+00,3.748537405e-01,0.000000000e+00,0.000000000e+00,2.125948740e-05,0.000000000e+00
13.170000,0.000000000e+00,3.748539520e-01,0.000000000e+00,0.000000000e+00,2.104795197e-05,0.000000000e+00
13.180000,0.000000000e+00,3.748541615e-01,0.000000000e+00,0.000000000e+00,2.083852134e-05,0.000000000e+00
13.190000,0.000000000e+00,3.748543688e-01,0.000000000e+00,0.000000000e+00,2.063117459e-05,0.000000000e+00
13.200000,0.000000000e+00,3.748545741e-01,0.000000000e+00,0.000000000e+00,2.042589098e-05,0.000000000e+00
13.210000,0.000000000e+00,3.748547774e-01,0.000000000e+00,0.000000000e+00,2.022264996e-05,0.000000000e+00
13.220000,0.000000000e+00,3.748549786e-01,0.000000000e+00,0.000000000e+00,2.002143124e-05,0.000000000e+00
13.230000,0.000000000e+00,3.748551778e-01,0.000000000e+00,0.000000000e+00,1.982221467e-05,0.000000000e+00
13.240000,0.000000000e+00,3.748553750e-01,0.000000000e+00,0.000000000e+00,1.962498033e-05,0.000000000e+00
13.250000,0.000000000e+00,3.748555703e-01,0.000000000e+00,0.000000000e+00,1.942970852e-05,0.000000000e+00
13.260000,0.000000000e+00,3.748557636e-01,0.000000000e+00,0.000000000e+00,1.923637969e-05,0.000000000e+00
13.270000,0.000000000e+00,3.748559550e-01,0.000000000e+00,0.000000000e+00,1.904497451e-05,0.000000000e+00
13.280000,0.000000000e+00,3.748561445e-01,0.000000000e+00,0.000000000e+00,1.885547385e-05,0.000000000e+00
13.290000,0.000000000e+00,3.748563321e-01,0.000000000e+00,0.000000000e+00,1.866785875e-05,0.000000000e+00
13.300000,0.000000000e+00,3.748565179e-01,0.000000000e+00,0.000000000e+00,1.848211045e-05,0.000000000e+00
13.310000,0.000000000e+00,3.748567018e-01,0.000000000e+00,0.000000000e+00,1.829821038e-05,0.000000000e+00
13.320000,0.000000000e+00,3.748568839e-01,0.000000000e+00,0.000000000e+00,1.811614014e-05,0.000000000e+00
13.330000,0.000000000e+00,3.748570641e-01,0.000000000e+00,0.000000000e+00,1.793588154e-05,0.000000000e+00
13.340000,0.000000000e+00,3.748572426e-01,0.000000000e+00,0.000000000e+00,1.775741654e-05,0.000000000e+00
13.350000,0.000000000e+00,3.748574193e-01,0.000000000e+00,0.000000000e+00,1.758072729e-05,0.000000000e+00
13.360000,0.000000000e+00,3.748575942e-01,0.000000000e+00,0.000000000e+00,1.740579613e-05,0.000000000e+00
13.370000,0.000000000e+00,3.748577674e-01,0.000000000e+00,0.000000000e+00,1.723260556e-05,0.000000000e+00
13.380000,0.000000000e+00,3.748579389e-01,0.000000000e+00,0.000000000e+00,1.706113827e-05,0.000000000e+00
13.390000,0.000000000e+00,3.748581086e-01,0.000000000e+00,0.000000000e+00,1.689137711e-05,0.000000000e+00
13.400000,0.000000000e+00,3.748582767e-01,0.000000000e+00,0.000000000e+00,1.672330510e-05,0.000000000e+00
13.410000,0.000000000e+00,3.748584431e-01,0.000000000e+00,0.000000000e+00,1.655690544e-05,0.000000000e+00
13.420000,0.000000000e+00,3.748586078e-01,0.000000000e+00,0.000000000e+00,1.639216147e-05,0.000000000e+00
13.430000,0.000000000e+00,3.748587709e-01,0.000000000e+00,0.000000000e+00,1.622905674e-05,0.000000000e+00
13.440000,0.000000000e+00,3.748589324e-01,0.000000000e+00,0.000000000e+00,1.606757493e-05,0.000000000e+00
13.450000,0.000000000e+00,3.748590923e-01,0.000000000e+00,0.000000000e+00,1.590769989e-05,0.000000000e+00
13.460000,0.000000000e+00,3.748592506e-01,0.000000000e+00,0.000000000e+00,1.574941563e-05,0.000000000e+00
13.470000,0.000000000e+00,3.748594073e-01,0.000000000e+00,0.000000000e+00,1.559270632e-05,0.000000000e+00
13.480000,0.000000000e+00,3.748595624e-01,0.000000000e+00,0.000000000e+00,1.543755630e-05,0.000000000e+00
13.490000,0.000000000e+00,3.748597160e-01,0.000000000e+00,0.000000000e+00,1.528395005e-05,0.000000000e+00
13.500000,0.000000000e+00,3.748598681e-01,0.000000000e+00,0.000000000e+00,1.513187221e-05,0.000000000e+00
13.510000,0.000000000e+00,3.748600187e-01,0.000000000e+00,0.000000000e+00,1.498130756e-05,0.000000000e+00
13.520000,0.000000000e+00,3.748601678e-01,0.000000000e+00,0.000000000e+00,1.483224106e-05,0.000000000e+00
13.530000,0.000000000e+00,3.748603153e-01,0.000000000e+00,0.000000000e+00,1.468465780e-05,0.000000000e+00
13.540000,0.000000000e+00,3.748604615e-01,0.000000000e+00,0.000000000e+00,1.453854301e-05,0.000000000e+00
13.550000,0.000000000e+00,3.748606061e-01,0.000000000e+00,0.000000000e+00,1.439388209e-05,0.000000000e+00
13.560000,0.000000000e+00,3.748607493e-01,0.000000000e+00,0.000000000e+00,1.425066057e-05,0.000000000e+00
13.570000,0.000000000e+00,3.748608911e-01,0.000000000e+00,0.000000000e+00,1.410886413e-05,0.000000000e+00
13.580000,0.000000000e+00,3.748610315e-01,0.000000000e+00,0.000000000e+00,1.396847859e-05,0.000000000e+00
13.590000,0.000000000e+00,3.748611705e-01,0.000000000e+00,0.000000000e+00,1.382948990e-05,0.000000000e+00
13.600000,0.000000000e+00,3.748613081e-01,0.000000000e+00,0.000000000e+00,1.369188418e-05,0.000000000e+00
13.610000,0.000000000e+00,3.748614444e-01,0.000000000e+00,0.000000000e+00,1.355564766e-05,0.000000000e+00
13.620000,0.000000000e+00,3.748615792e-01,0.000000000e+00,0.000000000e+00,1.342076671e-05,0.000000000e+00
13.630000,0.000000000e+00,3.748617128e-01,0.000000000e+00,0.000000000e+00,1.328722785e-05,0.000000000e+00
13.640000,0.000000000e+00,3.748618450e-01,0.000000000e+00,0.000000000e+00,1.315501772e-05,0.000000000e+00
13.650000,0.000000000e+00,3.748619759e-01,0.000000000e+00,0.000000000e+00,1.302412311e-05,0.000000000e+00
13.660000,0.000000000e+00,3.748621055e-01,0.000000000e+00,0.000000000e+00,1.289453092e-05,0.000000000e+00
13.670000,0.000000000e+00,3.748622338e-01,0.000000000e+00,0.000000000e+00,1.276622819e-05,0.000000000e+00
13.680000,0.000000000e+00,3.748623608e-01,0.000000000e+00,0.000000000e+00,1.263920210e-05,0.000000000e+00
13.690000,0.000000000e+00,3.748624866e-01,0.000000000e+00,0.000000000e+00,1.251343994e-05,0.000000000e+00
13.700000,0.000000000e+00,3.748626111e-01,0.000000000e+00,0.000000000e+00,1.238892913e-05,0.000000000e+00
13.710000,0.000000000e+00,3.748627343e-01,0.000000000e+00,0.000000000e+00,1.226565722e-05,0.000000000e+00
13.720000,0.000000000e+00,3.748628564e-01,0.000000000e+00,0.000000000e+00,1.214361190e-05,0.000000000e+00
13.730000,0.000000000e+00,3.748629772e-01,0.000000000e+00,0.000000000e+00,1.202278094e-05,0.000000000e+00
13.740000,0.000000000e+00,3.748630968e-01,0.000000000e+00,0.000000000e+00,1.190315227e-05,0.000000000e+00
13.750000,0.000000000e+00,3.748632153e-01,0.000000000e+00,0.000000000e+00,1.178471393e-05,0.000000000e+00
13.760000,0.000000000e+00,3.748633325e-01,0.000000000e+00,0.000000000e+00,1.166745406e-05,0.000000000e+00
13.770000,0.000000000e+00,3.748634486e-01,0.000000000e+00,0.000000000e+00,1.155136096e-05,0.000000000e+00
13.780000,0.000000000e+00,3.748635636e-01,0.000000000e+00,0.000000000e+00,1.143642299e-05,0.000000000e+00
13.790000,0.000000000e+00,3.748636774e-01,0.000000000e+00,0.000000000e+00,1.132262868e-05,0.000000000e+00
13.800000,0.000000000e+00,3.748637900e-01,0.000000000e+00,0.000000000e+00,1.120996665e-05,0.000000000e+00
13.810000,0.000000000e+00,3.748639016e-01,0.000000000e+00,0.000000000e+00,1.109842561e-05,0.000000000e+00
13.820000,0.000000000e+00,3.748640120e-01,0.000000000e+00,0.000000000e+00,1.098799443e-05,0.000000000e+00
13.830000,0.000000000e+00,3.748641213e-01,0.000000000e+00,0.000000000e+00,1.087866206e-05,0.000000000e+00
13.840000,0.000000000e+00,3.748642296e-01,0.000000000e+00,0.000000000e+00,1.077041757e-05,0.000000000e+00
13.850000,0.000000000e+00,3.748643367e-01,0.000000000e+00,0.000000000e+00,1.066325012e-05,0.000000000e+00
13.860000,0.000000000e+00,3.748644429e-01,0.000000000e+00,0.000000000e+00,1.055714901e-05,0.000000000e+00
13.870000,0.000000000e+00,3.748645479e-01,0.000000000e+00,0.000000000e+00,1.045210362e-05,0.000000000e+00
13.880000,0.000000000e+00,3.748646519e-01,0.000000000e+00,0.000000000e+00,1.034810345e-05,0.000000000e+00
13.890000,0.000000000e+00,3.748647549e-01,0.000000000e+00,0.000000000e+00,1.024513810e-05,0.000000000e+00
13.900000,0.000000000e+00,3.748648568e-01,0.000000000e+00,0.000000000e+00,1.014319728e-05,0.000000000e+00
13.910000,0.000000000e+00,3.748649577e-01,0.000000000e+00,0.000000000e+00,1.004227078e-05,0.000000000e+00
13.920000,0.000000000e+00,3.748650577e-01,0.000000000e+00,0.000000000e+00,9.942348513e-06,0.000000000e+00
13.930000,0.000000000e+00,3.748651566e-01,0.000000000e+00,0.000000000e+00,9.843420492e-06,0.000000000e+00
13.940000,0.000000000e+00,3.748652545e-01,0.000000000e+00,0.000000000e+00,9.745476822e-06,0.000000000e+00
13.950000,0.000000000e+00,3.748653515e-01,0.000000000e+00,0.000000000e+00,9.648507708e-06,0.000000000e+00
13.960000,0.000000000e+00,3.748654475e-01,0.000000000e+00,0.000000000e+00,9.552503452e-06,0.000000000e+00
13.970000,0.000000000e+00,3.748655425e-01,0.000000000e+00,0.000000000e+00,9.457454454e-06,0.000000000e+00
13.980000,0.000000000e+00,3.748656366e-01,0.000000000e+00,0.000000000e+00,9.363351210e-06,0.000000000e+00
13.990000,0.000000000e+00,3.748657298e-01,0.000000000e+00,0.000000000e+00,9.270184309e-06,0.000000000e+00
14.000000,0.000000000e+00,3.748658221e-01,0.000000000e+00,0.000000000e+00,9.177944434e-06,0.000000000e+00
14.010000,0.000000000e+00,3.748659134e-01,0.000000000e+00,0.000000000e+00,9.086622361e-06,0.000000000e+00
14.020000,0.000000000e+00,3.748660038e-01,0.000000000e+00,0.000000000e+00,8.996208958e-06,0.000000000e+00
14.030000,0.000000000e+00,3.748660933e-01,0.000000000e+00,0.000000000e+00,8.906695183e-06,0.000000000e+00
14.040000,0.000000000e+00,3.748661819e-01,0.000000000e+00,0.000000000e+00,8.818072085e-06,0.000000000e+00
14.050000,0.000000000e+00,3.748662697e-01,0.000000000e+00,0.000000000e+00,8.730330802e-06,0.000000000e+00
14.060000,0.000000000e+00,3.748663565e-01,0.000000000e+00,0.000000000e+00,8.643462559e-06,0.000000000e+00
14.070000,0.000000000e+00,3.748664425e-01,0.000000000e+00,0.000000000e+00,8.557458670e-06,0.000000000e+00
14.080000,0.000000000e+00,3.748665277e-01,0.000000000e+00,0.000000000e+00,8.472310533e-06,0.000000000e+00
14.090000,0.000000000e+00,3.748666120e-01,0.000000000e+00,0.000000000e+00,8.388009635e-06,0.000000000e+00
14.100000,0.000000000e+00,3.748666955e-01,0.000000000e+00,0.000000000e+00,8.304547545e-06,0.000000000e+00
14.110000,0.000000000e+00,3.748667781e-01,0.000000000e+00,0.000000000e+00,8.221915916e-06,0.000000000e+00
14.120000,0.000000000e+00,3.748668599e-01,0.000000000e+00,0.000000000e+00,8.140106486e-06,0.000000000e+00
14.130000,0.000000000e+00,3.748669409e-01,0.000000000e+00,0.000000000e+00,8.059111073e-06,0.000000000e+00
14.140000,0.000000000e+00,3.748670211e-01,0.000000000e+00,0.000000000e+00,7.978921578e-06,0.000000000e+00
14.150000,0.000000000e+00,3.748671005e-01,0.000000000e+00,0.000000000e+00,7.899529982e-06,0.000000000e+00
14.160000,0.000000000e+00,3.748671791e-01,0.000000000e+00,0.000000000e+00,7.820928345e-06,0.000000000e+00
14.170000,0.000000000e+00,3.748672569e-01,0.000000000e+00,0.000000000e+00,7.743108808e-06,0.000000000e+00
14.180000,0.000000000e+00,3.748673339e-01,0.000000000e+00,0.000000000e+00,7.666063588e-06,0.000000000e+00
14.190000,0.000000000e+00,3.748674102e-01,0.000000000e+00,0.000000000e+00,7.589784981e-06,0.000000000e+00
14.200000,0.000000000e+00,3.748674857e-01,0.000000000e+00,0.000000000e+00,7.514265358e-06,0.000000000e+00
14.210000,0.000000000e+00,3.748675605e-01,0.000000000e+00,0.000000000e+00,7.439497169e-06,0.000000000e+00
14.220000,0.000000000e+00,3.748676345e-01,0.000000000e+00,0.000000000e+00,7.365472935e-06,0.000000000e+00
14.230000,0.000000000e+00,3.748677078e-01,0.000000000e+00,0.000000000e+00,7.292185255e-06,0.000000000e+00
14.240000,0.000000000e+00,3.748677804e-01,0.000000000e+00,0.000000000e+00,7.219626799e-06,0.000000000e+00
14.250000,0.000000000e+00,3.748678522e-01,0.000000000e+00,0.000000000e+00,7.147790312e-06,0.000000000e+00
14.260000,0.000000000e+00,3.748679233e-01,0.000000000e+00,0.000000000e+00,7.076668610e-06,0.000000000e+00
14.270000,0.000000000e+00,3.748679937e-01,0.000000000e+00,0.000000000e+00,7.006254581e-06,0.000000000e+00
14.280000,0.000000000e+00,3.748680635e-01,0.000000000e+00,0.000000000e+00,6.936541183e-06,0.000000000e+00
14.290000,0.000000000e+00,3.748681325e-01,0.000000000e+00,0.000000000e+00,6.867521445e-06,0.000000000e+00
14.300000,0.000000000e+00,3.748682008e-01,0.000000000e+00,0.000000000e+00,6.799188465e-06,0.000000000e+00
14.310000,0.000000000e+00,3.748682685e-01,0.000000000e+00,0.000000000e+00,6.731535410e-06,0.000000000e+00
14.320000,0.000000000e+00,3.748683354e-01,0.000000000e+00,0.000000000e+00,6.664555513e-06,0.000000000e+00
14.330000,0.000000000e+00,3.748684018e-01,0.000000000e+00,0.000000000e+00,6.598242078e-06,0.000000000e+00
14.340000,0.000000000e+00,3.748684674e-01,0.000000000e+00,0.000000000e+00,6.532588472e-06,0.000000000e+00
14.350000,0.000000000e+00,3.748685324e-01,0.000000000e+00,0.000000000e+00,6.467588131e-06,0.000000000e+00
14.360000,0.000000000e+00,3.748685968e-01,0.000000000e+00,0.000000000e+00,6.403234554e-06,0.000000000e+00
14.370000,0.000000000e+00,3.748686605e-01,0.000000000e+00,0.000000000e+00,6.339521305e-06,0.000000000e+00
14.380000,0.000000000e+00,3.748687236e-01,0.000000000e+00,0.000000000e+00,6.276442014e-06,0.000000000e+00
14.390000,0.000000000e+00,3.748687860e-01,0.000000000e+00,0.000000000e+00,6.213990373e-06,0.000000000e+00
14.400000,0.000000000e+00,3.748688478e-01,0.000000000e+00,0.000000000e+00,6.152160136e-06,0.000000000e+00
14.410000,0.000000000e+00,3.748689091e-01,0.000000000e+00,0.000000000e+00,6.090945120e-06,0.000000000e+00
14.420000,0.000000000e+00,3.748689697e-01,0.000000000e+00,0.000000000e+00,6.030339203e-06,0.000000000e+00
14.430000,0.000000000e+00,3.748690297e-01,0.000000000e+00,0.000000000e+00,5.970336325e-06,0.000000000e+00
14.440000,0.000000000e+00,3.748690891e-01,0.000000000e+00,0.000000000e+00,5.910930486e-06,0.000000000e+00
14.450000,0.000000000e+00,3.748691479e-01,0.000000000e+00,0.000000000e+00,5.852115745e-06,0.000000000e+00
14.460000,0.000000000e+00,3.748692061e-01,0.000000000e+00,0.000000000e+00,5.793886221e-06,0.000000000e+00
14.470000,0.000000000e+00,3.748692638e-01,0.000000000e+00,0.000000000e+00,5.736236090e-06,0.000000000e+00
14.480000,0.000000000e+00,3.748693208e-01,0.000000000e+00,0.000000000e+00,5.679159587e-06,0.000000000e+00
14.490000,0.000000000e+00,3.748693773e-01,0.000000000e+00,0.000000000e+00,5.622651005e-06,0.000000000e+00
14.500000,0.000000000e+00,3.748694333e-01,0.000000000e+00,0.000000000e+00,5.566704693e-06,0.000000000e+00
14.510000,0.000000000e+00,3.748694887e-01,0.000000000e+00,0.000000000e+00,5.511315055e-06,0.000000000e+00
14.520000,0.000000000e+00,3.748695435e-01,0.000000000e+00,0.000000000e+00,5.456476554e-06,0.000000000e+00
14.530000,0.000000000e+00,3.748695978e-01,0.000000000e+00,0.000000000e+00,5.402183706e-06,0.000000000e+00
14.540000,0.000000000e+00,3.748696516e-01,0.000000000e+00,0.000000000e+00,5.348431080e-06,0.000000000e+00
14.550000,0.000000000e+00,3.748697048e-01,0.000000000e+00,0.000000000e+00,5.295213301e-06,0.000000000e+00
14.560000,0.000000000e+00,3.748697575e-01,0.000000000e+00,0.000000000e+00,5.242525048e-06,0.000000000e+00
14.570000,0.000000000e+00,3.748698096e-01,0.000000000e+00,0.000000000e+00,5.190361053e-06,0.000000000e+00
14.580000,0.000000000e+00,3.748698613e-01,0.000000000e+00,0.000000000e+00,5.138716097e-06,0.000000000e+00
14.590000,0.000000000e+00,3.748699124e-01,0.000000000e+00,0.000000000e+00,5.087585018e-06,0.000000000e+00
14.600000,0.000000000e+00,3.748699630e-01,0.000000000e+00,0.000000000e+00,5.036962701e-06,0.000000000e+00
14.610000,0.000000000e+00,3.748700132e-01,0.000000000e+00,0.000000000e+00,4.986844085e-06,0.000000000e+00
14.620000,0.000000000e+00,3.748700628e-01,0.000000000e+00,0.000000000e+00,4.937224157e-06,0.000000000e+00
14.630000,0.000000000e+00,3.748701119e-01,0.000000000e+00,0.000000000e+00,4.888097956e-06,0.000000000e+00
14.640000,0.000000000e+00,3.748701605e-01,0.000000000e+00,0.000000000e+00,4.839460569e-06,0.000000000e+00
14.650000,0.000000000e+00,3.748702087e-01,0.000000000e+00,0.000000000e+00,4.791307131e-06,0.000000000e+00
14.660000,0.000000000e+00,3.748702564e-01,0.000000000e+00,0.000000000e+00,4.743632829e-06,0.000000000e+00
14.670000,0.000000000e+00,3.748703036e-01,0.000000000e+00,0.000000000e+00,4.696432894e-06,0.000000000e+00
14.680000,0.000000000e+00,3.748703503e-01,0.000000000e+00,0.000000000e+00,4.649702606e-06,0.000000000e+00
14.690000,0.000000000e+00,3.748703966e-01,0.000000000e+00,0.000000000e+00,4.603437292e-06,0.000000000e+00
14.700000,0.000000000e+00,3.748704424e-01,0.000000000e+00,0.000000000e+00,4.557632325e-06,0.000000000e+00
14.710000,0.000000000e+00,3.748704877e-01,0.000000000e+00,0.000000000e+00,4.512283126e-06,0.000000000e+00
14.720000,0.000000000e+00,3.748705326e-01,0.000000000e+00,0.000000000e+00,4.467385159e-06,0.000000000e+00
14.730000,0.000000000e+00,3.748705771e-01,0.000000000e+00,0.000000000e+00,4.422933934e-06,0.000000000e+00
14.740000,0.000000000e+00,3.748706211e-01,0.000000000e+00,0.000000000e+00,4.378925006e-06,0.000000000e+00
14.750000,0.000000000e+00,3.748706646e-01,0.000000000e+00,0.000000000e+00,4.335353974e-06,0.000000000e+00
14.760000,0.000000000e+00,3.748707078e-01,0.000000000e+00,0.000000000e+00,4.292216481e-06,0.000000000e+00
14.770000,0.000000000e+00,3.748707505e-01,0.000000000e+00,0.000000000e+00,4.249508213e-06,0.000000000e+00
14.780000,0.000000000e+00,3.748707928e-01,0.000000000e+00,0.000000000e+00,4.207224900e-06,0.000000000e+00
14.790000,0.000000000e+00,3.748708346e-01,0.000000000e+00,0.000000000e+00,4.165362313e-06,0.000000000e+00
14.800000,0.000000000e+00,3.748708761e-01,0.000000000e+00,0.000000000e+00,4.123916266e-06,0.000000000e+00
14.810000,0.000000000e+00,3.748709171e-01,0.000000000e+00,0.000000000e+00,4.082882613e-06,0.000000000e+00
14.820000,0.000000000e+00,3.748709577e-01,0.000000000e+00,0.000000000e+00,4.042257252e-06,0.000000000e+00
14.830000,0.000000000e+00,3.748709980e-01,0.000000000e+00,0.000000000e+00,4.002036121e-06,0.000000000e+00
14.840000,0.000000000e+00,3.748710378e-01,0.000000000e+00,0.000000000e+00,3.962215196e-06,0.000000000e+00
14.850000,0.000000000e+00,3.748710772e-01,0.000000000e+00,0.000000000e+00,3.922790496e-06,0.000000000e+00
14.860000,0.000000000e+00,3.748711162e-01,0.000000000e+00,0.000000000e+00,3.883758078e-06,0.000000000e+00
14.870000,0.000000000e+00,3.748711549e-01,0.000000000e+00,0.000000000e+00,3.845114040e-06,0.000000000e+00
14.880000,0.000000000e+00,3.748711931e-01,0.000000000e+00,0.000000000e+00,3.806854516e-06,0.000000000e+00
14.890000,0.000000000e+00,3.748712310e-01,0.000000000e+00,0.000000000e+00,3.768975681e-06,0.000000000e+00
14.900000,0.000000000e+00,3.748712685e-01,0.000000000e+00,0.000000000e+00,3.731473746e-06,0.000000000e+00
14.910000,0.000000000e+00,3.748713057e-01,0.000000000e+00,0.000000000e+00,3.694344962e-06,0.000000000e+00
14.920000,0.000000000e+00,3.748713424e-01,0.000000000e+00,0.000000000e+00,3.657585615e-06,0.000000000e+00
14.930000,0.000000000e+00,3.748713788e-01,0.000000000e+00,0.000000000e+00,3.621192030e-06,0.000000000e+00
14.940000,0.000000000e+00,3.748714148e-01,0.000000000e+00,0.000000000e+00,3.585160568e-06,0.000000000e+00
14.950000,0.000000000e+00,3.748714505e-01,0.000000000e+00,0.000000000e+00,3.549487624e-06,0.000000000e+00
14.960000,0.000000000e+00,3.748714858e-01,0.000000000e+00,0.000000000e+00,3.514169632e-06,0.000000000e+00
14.970000,0.000000000e+00,3.748715208e-01,0.000000000e+00,0.000000000e+00,3.479203060e-06,0.000000000e+00
14.980000,0.000000000e+00,3.748715554e-01,0.000000000e+00,0.000000000e+00,3.444584411e-06,0.000000000e+00
14.990000,0.000000000e+00,3.748715897e-01,0.000000000e+00,0.000000000e+00,3.410310223e-06,0.000000000e+00
15.000000,0.000000000e+00,3.748716236e-01,0.000000000e+00,0.000000000e+00,3.376377070e-06,0.000000000e+00
15.010000,0.000000000e+00,3.748716572e-01,0.000000000e+00,0.000000000e+00,3.342781557e-06,0.000000000e+00
15.020000,0.000000000e+00,3.748716905e-01,0.000000000e+00,0.000000000e+00,3.309520324e-06,0.000000000e+00
15.030000,0.000000000e+00,3.748717234e-01,0.000000000e+00,0.000000000e+00,3.276590047e-06,0.000000000e+00
15.040000,0.000000000e+00,3.748717560e-01,0.000000000e+00,0.000000000e+00,3.243987431e-06,0.000000000e+00
15.050000,0.000000000e+00,3.748717883e-01,0.000000000e+00,0.000000000e+00,3.211709217e-06,0.000000000e+00
15.060000,0.000000000e+00,3.748718202e-01,0.000000000e+00,0.000000000e+00,3.179752176e-06,0.000000000e+00
15.070000,0.000000000e+00,3.748718519e-01,0.000000000e+00,0.000000000e+00,3.148113114e-06,0.000000000e+00
15.080000,0.000000000e+00,3.748718832e-01,0.000000000e+00,0.000000000e+00,3.116788865e-06,0.000000000e+00
15.090000,0.000000000e+00,3.748719142e-01,0.000000000e+00,0.000000000e+00,3.085776297e-06,0.000000000e+00
15.100000,0.000000000e+00,3.748719449e-01,0.000000000e+00,0.000000000e+00,3.055072310e-06,0.000000000e+00
15.110000,0.000000000e+00,3.748719753e-01,0.000000000e+00,0.000000000e+00,3.024673833e-06,0.000000000e+00
15.120000,0.000000000e+00,3.748720054e-01,0.000000000e+00,0.000000000e+00,2.994577825e-06,0.000000000e+00
15.130000,0.000000000e+00,3.748720352e-01,0.000000000e+00,0.000000000e+00,2.964781278e-06,0.000000000e+00
15.140000,0.000000000e+00,3.748720647e-01,0.000000000e+00,0.000000000e+00,2.935281211e-06,0.000000000e+00
15.150000,0.000000000e+00,3.748720939e-01,0.000000000e+00,0.000000000e+00,2.906074675e-06,0.000000000e+00
15.160000,0.000000000e+00,3.748721228e-01,0.000000000e+00,0.000000000e+00,2.877158749e-06,0.000000000e+00
15.170000,0.000000000e+00,3.748721515e-01,0.000000000e+00,0.000000000e+00,2.848530541e-06,0.000000000e+00
15.180000,0.000000000e+00,3.748721798e-01,0.000000000e+00,0.000000000e+00,2.820187189e-06,0.000000000e+00
15.190000,0.000000000e+00,3.748722079e-01,0.000000000e+00,0.000000000e+00,2.792125858e-06,0.000000000e+00
15.200000,0.000000000e+00,3.748722357e-01,0.000000000e+00,0.000000000e+00,2.764343741e-06,0.000000000e+00
15.210000,0.000000000e+00,3.748722632e-01,0.000000000e+00,0.000000000e+00,2.736838061e-06,0.000000000e+00
15.220000,0.000000000e+00,3.748722904e-01,0.000000000e+00,0.000000000e+00,2.709606068e-06,0.000000000e+00
15.230000,0.000000000e+00,3.748723174e-01,0.000000000e+00,0.000000000e+00,2.682645037e-06,0.000000000e+00
15.240000,0.000000000e+00,3.748723440e-01,0.000000000e+00,0.000000000e+00,2.655952273e-06,0.000000000e+00
15.250000,0.000000000e+00,3.748723705e-01,0.000000000e+00,0.000000000e+00,2.629525106e-06,0.000000000e+00
15.260000,0.000000000e+00,3.748723966e-01,0.000000000e+00,0.000000000e+00,2.603360894e-06,0.000000000e+00
15.270000,0.000000000e+00,3.748724225e-01,0.000000000e+00,0.000000000e+00,2.577457020e-06,0.000000000e+00
15.280000,0.000000000e+00,3.748724482e-01,0.000000000e+00,0.000000000e+00,2.551810894e-06,0.000000000e+00
15.290000,0.000000000e+00,3.748724736e-01,0.000000000e+00,0.000000000e+00,2.526419952e-06,0.000000000e+00
15.300000,0.000000000e+00,3.748724987e-01,0.000000000e+00,0.000000000e+00,2.501281653e-06,0.000000000e+00
15.310000,0.000000000e+00,3.748725236e-01,0.000000000e+00,0.000000000e+00,2.476393485e-06,0.000000000e+00
15.320000,0.000000000e+00,3.748725482e-01,0.000000000e+00,0.000000000e+00,2.451752958e-06,0.000000000e+00
15.330000,0.000000000e+00,3.748725726e-01,0.000000000e+00,0.000000000e+00,2.427357609e-06,0.000000000e+00
15.340000,0.000000000e+00,3.748725968e-01,0.000000000e+00,0.000000000e+00,2.403204997e-06,0.000000000e+00
15.350000,0.000000000e+00,3.748726207e-01,0.000000000e+00,0.000000000e+00,2.379292708e-06,0.000000000e+00
15.360000,0.000000000e+00,3.748726444e-01,0.000000000e+00,0.000000000e+00,2.355618350e-06,0.000000000e+00
15.370000,0.000000000e+00,3.748726678e-01,0.000000000e+00,0.000000000e+00,2.332179555e-06,0.000000000e+00
15.380000,0.000000000e+00,3.748726910e-01,0.000000000e+00,0.000000000e+00,2.308973981e-06,0.000000000e+00
15.390000,0.000000000e+00,3.748727140e-01,0.000000000e+00,0.000000000e+00,2.285999306e-06,0.000000000e+00
15.400000,0.000000000e+00,3.748727367e-01,0.000000000e+00,0.000000000e+00,2.263253233e-06,0.000000000e+00
15.410000,0.000000000e+00,3.748727593e-01,0.000000000e+00,0.000000000e+00,2.240733487e-06,0.000000000e+00
15.420000,0.000000000e+00,3.748727816e-01,0.000000000e+00,0.000000000e+00,2.218437816e-06,0.000000000e+00
15.430000,0.000000000e+00,3.748728036e-01,0.000000000e+00,0.000000000e+00,2.196363991e-06,0.000000000e+00
15.440000,0.000000000e+00,3.748728255e-01,0.000000000e+00,0.000000000e+00,2.174509804e-06,0.000000000e+00
15.450000,0.000000000e+00,3.748728471e-01,0.000000000e+00,0.000000000e+00,2.152873070e-06,0.000000000e+00
15.460000,0.000000000e+00,3.748728685e-01,0.000000000e+00,0.000000000e+00,2.131451625e-06,0.000000000e+00
15.470000,0.000000000e+00,3.748728898e-01,0.000000000e+00,0.000000000e+00,2.110243327e-06,0.000000000e+00
15.480000,0.000000000e+00,3.748729108e-01,0.000000000e+00,0.000000000e+00,2.089246055e-06,0.000000000e+00
15.490000,0.000000000e+00,3.748729315e-01,0.000000000e+00,0.000000000e+00,2.068457710e-06,0.000000000e+00
15.500000,0.000000000e+00,3.748729521e-01,0.000000000e+00,0.000000000e+00,2.047876212e-06,0.000000000e+00
15.510000,0.000000000e+00,3.748729725e-01,0.000000000e+00,0.000000000e+00,2.027499503e-06,0.000000000e+00
15.520000,0.000000000e+00,3.748729927e-01,0.000000000e+00,0.000000000e+00,2.007325546e-06,0.000000000e+00
15.530000,0.000000000e+00,3.748730126e-01,0.000000000e+00,0.000000000e+00,1.987352323e-06,0.000000000e+00
15.540000,0.000000000e+00,3.748730324e-01,0.000000000e+00,0.000000000e+00,1.967577837e-06,0.000000000e+00
15.550000,0.000000000e+00,3.748730520e-01,0.000000000e+00,0.000000000e+00,1.948000110e-06,0.000000000e+00
15.560000,0.000000000e+00,3.748730714e-01,0.000000000e+00,0.000000000e+00,1.928617185e-06,0.000000000e+00
15.570000,0.000000000e+00,3.748730906e-01,0.000000000e+00,0.000000000e+00,1.909427124e-06,0.000000000e+00
15.580000,0.000000000e+00,3.748731096e-01,0.000000000e+00,0.000000000e+00,1.890428006e-06,0.000000000e+00
15.590000,0.000000000e+00,3.748731284e-01,0.000000000e+00,0.000000000e+00,1.871617933e-06,0.000000000e+00
15.600000,0.000000000e+00,3.748731470e-01,0.000000000e+00,0.000000000e+00,1.852995024e-06,0.000000000e+00
15.610000,0.000000000e+00,3.748731654e-01,0.000000000e+00,0.000000000e+00,1.834557415e-06,0.000000000e+00
15.620000,0.000000000e+00,3.748731837e-01,0.000000000e+00,0.000000000e+00,1.816303264e-06,0.000000000e+00
15.630000,0.000000000e+00,3.748732018e-01,0.000000000e+00,0.000000000e+00,1.798230745e-06,0.000000000e+00
15.640000,0.000000000e+00,3.748732197e-01,0.000000000e+00,0.000000000e+00,1.780338050e-06,0.000000000e+00
15.650000,0.000000000e+00,3.748732374e-01,0.000000000e+00,0.000000000e+00,1.762623390e-06,0.000000000e+00
15.660000,0.000000000e+00,3.748732549e-01,0.000000000e+00,0.000000000e+00,1.745084994e-06,0.000000000e+00
15.670000,0.000000000e+00,3.748732723e-01,0.000000000e+00,0.000000000e+00,1.727721109e-06,0.000000000e+00
15.680000,0.000000000e+00,3.748732895e-01,0.000000000e+00,0.000000000e+00,1.710529996e-06,0.000000000e+00
15.690000,0.000000000e+00,3.748733065e-01,0.000000000e+00,0.000000000e+00,1.693509938e-06,0.000000000e+00
15.700000,0.000000000e+00,3.748733233e-01,0.000000000e+00,0.000000000e+00,1.676659233e-06,0.000000000e+00
15.710000,0.000000000e+00,3.748733400e-01,0.000000000e+00,0.000000000e+00,1.659976195e-06,0.000000000e+00
15.720000,0.000000000e+00,3.748733565e-01,0.000000000e+00,0.000000000e+00,1.643459156e-06,0.000000000e+00
15.730000,0.000000000e+00,3.748733729e-01,0.000000000e+00,0.000000000e+00,1.627106464e-06,0.000000000e+00
15.740000,0.000000000e+00,3.748733891e-01,0.000000000e+00,0.000000000e+00,1.610916484e-06,0.000000000e+00
15.750000,0.000000000e+00,3.748734051e-01,0.000000000e+00,0.000000000e+00,1.594887597e-06,0.000000000e+00
15.760000,0.000000000e+00,3.748734210e-01,0.000000000e+00,0.000000000e+00,1.579018201e-06,0.000000000e+00
15.770000,0.000000000e+00,3.748734367e-01,0.000000000e+00,0.000000000e+00,1.563306707e-06,0.000000000e+00
15.780000,0.000000000e+00,3.748734522e-01,0.000000000e+00,0.000000000e+00,1.547751545e-06,0.000000000e+00
15.790000,0.000000000e+00,3.748734676e-01,0.000000000e+00,0.000000000e+00,1.532351160e-06,0.000000000e+00
15.800000,0.000000000e+00,3.748734829e-01,0.000000000e+00,0.000000000e+00,1.517104011e-06,0.000000000e+00
15.810000,0.000000000e+00,3.748734980e-01,0.000000000e+00,0.000000000e+00,1.502008574e-06,0.000000000e+00
15.820000,0.000000000e+00,3.748735129e-01,0.000000000e+00,0.000000000e+00,1.487063339e-06,0.000000000e+00
15.830000,0.000000000e+00,3.748735277e-01,0.000000000e+00,0.000000000e+00,1.472266812e-06,0.000000000e+00
15.840000,0.000000000e+00,3.748735424e-01,0.000000000e+00,0.000000000e+00,1.457617512e-06,0.000000000e+00
15.850000,0.000000000e+00,3.748735569e-01,0.000000000e+00,0.000000000e+00,1.443113976e-06,0.000000000e+00
15.860000,0.000000000e+00,3.748735712e-01,0.000000000e+00,0.000000000e+00,1.428754752e-06,0.000000000e+00
15.870000,0.000000000e+00,3.748735855e-01,0.000000000e+00,0.000000000e+00,1.414538404e-06,0.000000000e+00
15.880000,0.000000000e+00,3.748735995e-01,0.000000000e+00,0.000000000e+00,1.400463512e-06,0.000000000e+00
15.890000,0.000000000e+00,3.748736135e-01,0.000000000e+00,0.000000000e+00,1.386528667e-06,0.000000000e+00
15.900000,0.000000000e+00,3.748736273e-01,0.000000000e+00,0.000000000e+00,1.372732477e-06,0.000000000e+00
15.910000,0.000000000e+00,3.748736409e-01,0.000000000e+00,0.000000000e+00,1.359073560e-06,0.000000000e+00
15.920000,0.000000000e+00,3.748736544e-01,0.000000000e+00,0.000000000e+00,1.345550552e-06,0.000000000e+00
15.930000,0.000000000e+00,3.748736678e-01,0.000000000e+00,0.000000000e+00,1.332162101e-06,0.000000000e+00
15.940000,0.000000000e+00,3.748736811e-01,0.000000000e+00,0.000000000e+00,1.318906866e-06,0.000000000e+00
15.950000,0.000000000e+00,3.748736942e-01,0.000000000e+00,0.000000000e+00,1.305783524e-06,0.000000000e+00
15.960000,0.000000000e+00,3.748737072e-01,0.000000000e+00,0.000000000e+00,1.292790760e-06,0.000000000e+00
15.970000,0.000000000e+00,3.748737201e-01,0.000000000e+00,0.000000000e+00,1.279927277e-06,0.000000000e+00
15.980000,0.000000000e+00,3.748737328e-01,0.000000000e+00,0.000000000e+00,1.267191788e-06,0.000000000e+00
15.990000,0.000000000e+00,3.748737454e-01,0.000000000e+00,0.000000000e+00,1.254583019e-06,0.000000000e+00
16.000000,0.000000000e+00,3.748737579e-01,0.000000000e+00,0.000000000e+00,1.242099710e-06,0.000000000e+00
16.010000,0.000000000e+00,3.748737703e-01,0.000000000e+00,0.000000000e+00,1.229740611e-06,0.000000000e+00
16.020000,0.000000000e+00,3.748737825e-01,0.000000000e+00,0.000000000e+00,1.217504488e-06,0.000000000e+00
16.030000,0.000000000e+00,3.748737946e-01,0.000000000e+00,0.000000000e+00,1.205390116e-06,0.000000000e+00
16.040000,0.000000000e+00,3.748738066e-01,0.000000000e+00,0.000000000e+00,1.193396283e-06,0.000000000e+00
16.050000,0.000000000e+00,3.748738185e-01,0.000000000e+00,0.000000000e+00,1.181521792e-06,0.000000000e+00
16.060000,0.000000000e+00,3.748738302e-01,0.000000000e+00,0.000000000e+00,1.169765454e-06,0.000000000e+00
16.070000,0.000000000e+00,3.748738419e-01,0.000000000e+00,0.000000000e+00,1.158126093e-06,0.000000000e+00
16.080000,0.000000000e+00,3.748738534e-01,0.000000000e+00,0.000000000e+00,1.146602546e-06,0.000000000e+00
16.090000,0.000000000e+00,3.748738648e-01,0.000000000e+00,0.000000000e+00,1.135193660e-06,0.000000000e+00
16.100000,0.000000000e+00,3.748738761e-01,0.000000000e+00,0.000000000e+00,1.123898294e-06,0.000000000e+00
16.110000,0.000000000e+00,3.748738873e-01,0.000000000e+00,0.000000000e+00,1.112715319e-06,0.000000000e+00
16.120000,0.000000000e+00,3.748738984e-01,0.000000000e+00,0.000000000e+00,1.101643617e-06,0.000000000e+00
16.130000,0.000000000e+00,3.748739093e-01,0.000000000e+00,0.000000000e+00,1.090682080e-06,0.000000000e+00
16.140000,0.000000000e+00,3.748739202e-01,0.000000000e+00,0.000000000e+00,1.079829612e-06,0.000000000e+00
16.150000,0.000000000e+00,3.748739309e-01,0.000000000e+00,0.000000000e+00,1.069085128e-06,0.000000000e+00
16.160000,0.000000000e+00,3.748739416e-01,0.000000000e+00,0.000000000e+00,1.058447553e-06,0.000000000e+00
16.170000,0.000000000e+00,3.748739521e-01,0.000000000e+00,0.000000000e+00,1.047915824e-06,0.000000000e+00
16.180000,0.000000000e+00,3.748739625e-01,0.000000000e+00,0.000000000e+00,1.037488887e-06,0.000000000e+00
16.190000,0.000000000e+00,3.748739728e-01,0.000000000e+00,0.000000000e+00,1.027165700e-06,0.000000000e+00
16.200000,0.000000000e+00,3.748739831e-01,0.000000000e+00,0.000000000e+00,1.016945231e-06,0.000000000e+00
16.210000,0.000000000e+00,3.748739932e-01,0.000000000e+00,0.000000000e+00,1.006826457e-06,0.000000000e+00
16.220000,0.000000000e+00,3.748740032e-01,0.000000000e+00,0.000000000e+00,9.968083660e-07,0.000000000e+00
16.230000,0.000000000e+00,3.748740131e-01,0.000000000e+00,0.000000000e+00,9.868899570e-07,0.000000000e+00
16.240000,0.000000000e+00,3.748740229e-01,0.000000000e+00,0.000000000e+00,9.770702379e-07,0.000000000e+00
16.250000,0.000000000e+00,3.748740327e-01,0.000000000e+00,0.000000000e+00,9.673482266e-07,0.000000000e+00
16.260000,0.000000000e+00,3.748740423e-01,0.000000000e+00,0.000000000e+00,9.577229509e-07,0.000000000e+00
16.270000,0.000000000e+00,3.748740518e-01,0.000000000e+00,0.000000000e+00,9.481934483e-07,0.000000000e+00
16.280000,0.000000000e+00,3.748740612e-01,0.000000000e+00,0.000000000e+00,9.387587659e-07,0.000000000e+00
16.290000,0.000000000e+00,3.748740706e-01,0.000000000e+00,0.000000000e+00,9.294179601e-07,0.000000000e+00
16.300000,0.000000000e+00,3.748740798e-01,0.000000000e+00,0.000000000e+00,9.201700969e-07,0.000000000e+00
16.310000,0.000000000e+00,3.748740890e-01,0.000000000e+00,0.000000000e+00,9.110142514e-07,0.000000000e+00
16.320000,0.000000000e+00,3.748740981e-01,0.000000000e+00,0.000000000e+00,9.019495082e-07,0.000000000e+00
16.330000,0.000000000e+00,3.748741070e-01,0.000000000e+00,0.000000000e+00,8.929749606e-07,0.000000000e+00
16.340000,0.000000000e+00,3.748741159e-01,0.000000000e+00,0.000000000e+00,8.840897113e-07,0.000000000e+00
16.350000,0.000000000e+00,3.748741247e-01,0.000000000e+00,0.000000000e+00,8.752928717e-07,0.000000000e+00
16.360000,0.000000000e+00,3.748741334e-01,0.000000000e+00,0.000000000e+00,8.665835621e-07,0.000000000e+00
16.370000,0.000000000e+00,3.748741420e-01,0.000000000e+00,0.000000000e+00,8.579609116e-07,0.000000000e+00
16.380000,0.000000000e+00,3.748741506e-01,0.000000000e+00,0.000000000e+00,8.494240579e-07,0.000000000e+00
16.390000,0.000000000e+00,3.748741590e-01,0.000000000e+00,0.000000000e+00,8.409721473e-07,0.000000000e+00
16.400000,0.000000000e+00,3.748741674e-01,0.000000000e+00,0.000000000e+00,8.326043346e-07,0.000000000e+00
16.410000,0.000000000e+00,3.748741757e-01,0.000000000e+00,0.000000000e+00,8.243197831e-07,0.000000000e+00
16.420000,0.000000000e+00,3.748741839e-01,0.000000000e+00,0.000000000e+00,8.161176642e-07,0.000000000e+00
16.430000,0.000000000e+00,3.748741920e-01,0.000000000e+00,0.000000000e+00,8.079971577e-07,0.000000000e+00
16.440000,0.000000000e+00,3.748742000e-01,0.000000000e+00,0.000000000e+00,7.999574517e-07,0.000000000e+00
16.450000,0.000000000e+00,3.748742080e-01,0.000000000e+00,0.000000000e+00,7.919977421e-07,0.000000000e+00
16.460000,0.000000000e+00,3.748742159e-01,0.000000000e+00,0.000000000e+00,7.841172329e-07,0.000000000e+00
16.470000,0.000000000e+00,3.748742237e-01,0.000000000e+00,0.000000000e+00,7.763151360e-07,0.000000000e+00
16.480000,0.000000000e+00,3.748742314e-01,0.000000000e+00,0.000000000e+00,7.685906714e-07,0.000000000e+00
16.490000,0.000000000e+00,3.748742391e-01,0.000000000e+00,0.000000000e+00,7.609430664e-07,0.000000000e+00
16.500000,0.000000000e+00,3.748742466e-01,0.000000000e+00,0.000000000e+00,7.533715564e-07,0.000000000e+00
16.510000,0.000000000e+00,3.748742541e-01,0.000000000e+00,0.000000000e+00,7.458753842e-07,0.000000000e+00
16.520000,0.000000000e+00,3.748742615e-01,0.000000000e+00,0.000000000e+00,7.384538001e-07,0.000000000e+00
16.530000,0.000000000e+00,3.748742689e-01,0.000000000e+00,0.000000000e+00,7.311060620e-07,0.000000000e+00
16.540000,0.000000000e+00,3.748742762e-01,0.000000000e+00,0.000000000e+00,7.238314351e-07,0.000000000e+00
16.550000,0.000000000e+00,3.748742834e-01,0.000000000e+00,0.000000000e+00,7.166291920e-07,0.000000000e+00
16.560000,0.000000000e+00,3.748742905e-01,0.000000000e+00,0.000000000e+00,7.094986124e-07,0.000000000e+00
16.570000,0.000000000e+00,3.748742976e-01,0.000000000e+00,0.000000000e+00,7.024389833e-07,0.000000000e+00
16.580000,0.000000000e+00,3.748743046e-01,0.000000000e+00,0.000000000e+00,6.954495986e-07,0.000000000e+00
16.590000,0.000000000e+00,3.748743115e-01,0.000000000e+00,0.000000000e+00,6.885297595e-07,0.000000000e+00
16.600000,0.000000000e+00,3.748743183e-01,0.000000000e+00,0.000000000e+00,6.816787739e-07,0.000000000e+00
16.610000,0.000000000e+00,3.748743251e-01,0.000000000e+00,0.000000000e+00,6.748959568e-07,0.000000000e+00
16.620000,0.000000000e+00,3.748743318e-01,0.000000000e+00,0.000000000e+00,6.681806298e-07,0.000000000e+00
16.630000,0.000000000e+00,3.748743385e-01,0.000000000e+00,0.000000000e+00,6.615321215e-07,0.000000000e+00
16.640000,0.000000000e+00,3.748743451e-01,0.000000000e+00,0.000000000e+00,6.549497669e-07,0.000000000e+00
16.650000,0.000000000e+00,3.748743516e-01,0.000000000e+00,0.000000000e+00,6.484329078e-07,0.000000000e+00
16.660000,0.000000000e+00,3.748743580e-01,0.000000000e+00,0.000000000e+00,6.419808926e-07,0.000000000e+00
16.670000,0.000000000e+00,3.748743644e-01,0.000000000e+00,0.000000000e+00,6.355930760e-07,0.000000000e+00
16.680000,0.000000000e+00,3.748743707e-01,0.000000000e+00,0.000000000e+00,6.292688192e-07,0.000000000e+00
16.690000,0.000000000e+00,3.748743770e-01,0.000000000e+00,0.000000000e+00,6.230074898e-07,0.000000000e+00
16.700000,0.000000000e+00,3.748743832e-01,0.000000000e+00,0.000000000e+00,6.168084617e-07,0.000000000e+00
16.710000,0.000000000e+00,3.748743893e-01,0.000000000e+00,0.000000000e+00,6.106711150e-07,0.000000000e+00
16.720000,0.000000000e+00,3.748743954e-01,0.000000000e+00,0.000000000e+00,6.045948359e-07,0.000000000e+00
16.730000,0.000000000e+00,3.748744014e-01,0.000000000e+00,0.000000000e+00,5.985790167e-07,0.000000000e+00
16.740000,0.000000000e+00,3.748744074e-01,0.000000000e+00,0.000000000e+00,5.926230560e-07,0.000000000e+00
16.750000,0.000000000e+00,3.748744133e-01,0.000000000e+00,0.000000000e+00,5.867263581e-07,0.000000000e+00
16.760000,0.000000000e+00,3.748744191e-01,0.000000000e+00,0.000000000e+00,5.808883333e-07,0.000000000e+00
16.770000,0.000000000e+00,3.748744249e-01,0.000000000e+00,0.000000000e+00,5.751083978e-07,0.000000000e+00
16.780000,0.000000000e+00,3.748744306e-01,0.000000000e+00,0.000000000e+00,5.693859736e-07,0.000000000e+00
16.790000,0.000000000e+00,3.748744363e-01,0.000000000e+00,0.000000000e+00,5.637204885e-07,0.000000000e+00
16.800000,0.000000000e+00,3.748744419e-01,0.000000000e+00,0.000000000e+00,5.581113759e-07,0.000000000e+00
16.810000,0.000000000e+00,3.748744474e-01,0.000000000e+00,0.000000000e+00,5.525580750e-07,0.000000000e+00
16.820000,0.000000000e+00,3.748744529e-01,0.000000000e+00,0.000000000e+00,5.470600302e-07,0.000000000e+00
16.830000,0.000000000e+00,3.748744584e-01,0.000000000e+00,0.000000000e+00,5.416166920e-07,0.000000000e+00
16.840000,0.000000000e+00,3.748744638e-01,0.000000000e+00,0.000000000e+00,5.362275159e-07,0.000000000e+00
16.850000,0.000000000e+00,3.748744691e-01,0.000000000e+00,0.000000000e+00,5.308919629e-07,0.000000000e+00
16.860000,0.000000000e+00,3.748744744e-01,0.000000000e+00,0.000000000e+00,5.256094996e-07,0.000000000e+00
16.870000,0.000000000e+00,3.748744796e-01,0.000000000e+00,0.000000000e+00,5.203795977e-07,0.000000000e+00
16.880000,0.000000000e+00,3.748744848e-01,0.000000000e+00,0.000000000e+00,5.152017342e-07,0.000000000e+00
16.890000,0.000000000e+00,3.748744899e-01,0.000000000e+00,0.000000000e+00,5.100753913e-07,0.000000000e+00
16.900000,0.000000000e+00,3.748744950e-01,0.000000000e+00,0.000000000e+00,5.050000564e-07,0.000000000e+00
16.910000,0.000000000e+00,3.748745000e-01,0.000000000e+00,0.000000000e+00,4.999752219e-07,0.000000000e+00
16.920000,0.000000000e+00,3.748745050e-01,0.000000000e+00,0.000000000e+00,4.950003853e-07,0.000000000e+00
16.930000,0.000000000e+00,3.748745099e-01,0.000000000e+00,0.000000000e+00,4.900750492e-07,0.000000000e+00
16.940000,0.000000000e+00,3.748745148e-01,0.000000000e+00,0.000000000e+00,4.851987209e-07,0.000000000e+00
16.950000,0.000000000e+00,3.748745196e-01,0.000000000e+00,0.000000000e+00,4.803709130e-07,0.000000000e+00
16.960000,0.000000000e+00,3.748745244e-01,0.000000000e+00,0.000000000e+00,4.755911426e-07,0.000000000e+00
16.970000,0.000000000e+00,3.748745291e-01,0.000000000e+00,0.000000000e+00,4.708589316e-07,0.000000000e+00
16.980000,0.000000000e+00,3.748745338e-01,0.000000000e+00,0.000000000e+00,4.661738070e-07,0.000000000e+00
16.990000,0.000000000e+00,3.748745385e-01,0.000000000e+00,0.000000000e+00,4.615353001e-07,0.000000000e+00
17.000000,0.000000000e+00,3.748745431e-01,0.000000000e+00,0.000000000e+00,4.569429471e-07,0.000000000e+00
17.010000,0.000000000e+00,3.748745476e-01,0.000000000e+00,0.000000000e+00,4.523962888e-07,0.000000000e+00
17.020000,0.000000000e+00,3.748745521e-01,0.000000000e+00,0.000000000e+00,4.478948706e-07,0.000000000e+00
17.030000,0.000000000e+00,3.748745566e-01,0.000000000e+00,0.000000000e+00,4.434382421e-07,0.000000000e+00
17.040000,0.000000000e+00,3.748745610e-01,0.000000000e+00,0.000000000e+00,4.390259579e-07,0.000000000e+00
17.050000,0.000000000e+00,3.748745653e-01,0.000000000e+00,0.000000000e+00,4.346575766e-07,0.000000000e+00
17.060000,0.000000000e+00,3.748745697e-01,0.000000000e+00,0.000000000e+00,4.303326615e-07,0.000000000e+00
17.070000,0.000000000e+00,3.748745739e-01,0.000000000e+00,0.000000000e+00,4.260507800e-07,0.000000000e+00
17.080000,0.000000000e+00,3.748745782e-01,0.000000000e+00,0.000000000e+00,4.218115039e-07,0.000000000e+00
17.090000,0.000000000e+00,3.748745824e-01,0.000000000e+00,0.000000000e+00,4.176144093e-07,0.000000000e+00
17.100000,0.000000000e+00,3.748745865e-01,0.000000000e+00,0.000000000e+00,4.134590765e-07,0.000000000e+00
17.110000,0.000000000e+00,3.748745907e-01,0.000000000e+00,0.000000000e+00,4.093450899e-07,0.000000000e+00
17.120000,0.000000000e+00,3.748745947e-01,0.000000000e+00,0.000000000e+00,4.052720382e-07,0.000000000e+00
17.130000,0.000000000e+00,3.748745988e-01,0.000000000e+00,0.000000000e+00,4.012395141e-07,0.000000000e+00
17.140000,0.000000000e+00,3.748746028e-01,0.000000000e+00,0.000000000e+00,3.972471142e-07,0.000000000e+00
17.150000,0.000000000e+00,3.748746067e-01,0.000000000e+00,0.000000000e+00,3.932944394e-07,0.000000000e+00
17.160000,0.000000000e+00,3.748746106e-01,0.000000000e+00,0.000000000e+00,3.893810943e-07,0.000000000e+00
17.170000,0.000000000e+00,3.748746145e-01,0.000000000e+00,0.000000000e+00,3.855066877e-07,0.000000000e+00
17.180000,0.000000000e+00,3.748746183e-01,0.000000000e+00,0.000000000e+00,3.816708321e-07,0.000000000e+00
17.190000,0.000000000e+00,3.748746221e-01,0.000000000e+00,0.000000000e+00,3.778731438e-07,0.000000000e+00
17.200000,0.000000000e+00,3.748746259e-01,0.000000000e+00,0.000000000e+00,3.741132432e-07,0.000000000e+00
17.210000,0.000000000e+00,3.748746296e-01,0.000000000e+00,0.000000000e+00,3.703907543e-07,0.000000000e+00
17.220000,0.000000000e+00,3.748746333e-01,0.000000000e+00,0.000000000e+00,3.667053047e-07,0.000000000e+00
17.230000,0.000000000e+00,3.748746369e-01,0.000000000e+00,0.000000000e+00,3.630565259e-07,0.000000000e+00
17.240000,0.000000000e+00,3.748746406e-01,0.000000000e+00,0.000000000e+00,3.594440531e-07,0.000000000e+00
17.250000,0.000000000e+00,3.748746441e-01,0.000000000e+00,0.000000000e+00,3.558675250e-07,0.000000000e+00
17.260000,0.000000000e+00,3.748746477e-01,0.000000000e+00,0.000000000e+00,3.523265840e-07,0.000000000e+00
17.270000,0.000000000e+00,3.748746512e-01,0.000000000e+00,0.000000000e+00,3.488208759e-07,0.000000000e+00
17.280000,0.000000000e+00,3.748746546e-01,0.000000000e+00,0.000000000e+00,3.453500502e-07,0.000000000e+00
17.290000,0.000000000e+00,3.748746581e-01,0.000000000e+00,0.000000000e+00,3.419137598e-07,0.000000000e+00
17.300000,0.000000000e+00,3.748746615e-01,0.000000000e+00,0.000000000e+00,3.385116611e-07,0.000000000e+00
17.310000,0.000000000e+00,3.748746649e-01,0.000000000e+00,0.000000000e+00,3.351434137e-07,0.000000000e+00
17.320000,0.000000000e+00,3.748746682e-01,0.000000000e+00,0.000000000e+00,3.318086811e-07,0.000000000e+00
17.330000,0.000000000e+00,3.748746715e-01,0.000000000e+00,0.000000000e+00,3.285071295e-07,0.000000000e+00
17.340000,0.000000000e+00,3.748746748e-01,0.000000000e+00,0.000000000e+00,3.252384290e-07,0.000000000e+00
17.350000,0.000000000e+00,3.748746780e-01,0.000000000e+00,0.000000000e+00,3.220022525e-07,0.000000000e+00
17.360000,0.000000000e+00,3.748746812e-01,0.000000000e+00,0.000000000e+00,3.187982766e-07,0.000000000e+00
17.370000,0.000000000e+00,3.748746844e-01,0.000000000e+00,0.000000000e+00,3.156261807e-07,0.000000000e+00
17.380000,0.000000000e+00,3.748746875e-01,0.000000000e+00,0.000000000e+00,3.124856478e-07,0.000000000e+00
17.390000,0.000000000e+00,3.748746906e-01,0.000000000e+00,0.000000000e+00,3.093763636e-07,0.000000000e+00
17.400000,0.000000000e+00,3.748746937e-01,0.000000000e+00,0.000000000e+00,3.062980174e-07,0.000000000e+00
17.410000,0.000000000e+00,3.748746967e-01,0.000000000e+00,0.000000000e+00,3.032503012e-07,0.000000000e+00
17.420000,0.000000000e+00,3.748746998e-01,0.000000000e+00,0.000000000e+00,3.002329103e-07,0.000000000e+00
17.430000,0.000000000e+00,3.748747028e-01,0.000000000e+00,0.000000000e+00,2.972455429e-07,0.000000000e+00
17.440000,0.000000000e+00,3.748747057e-01,0.000000000e+00,0.000000000e+00,2.942879003e-07,0.000000000e+00
17.450000,0.000000000e+00,3.748747086e-01,0.000000000e+00,0.000000000e+00,2.913596868e-07,0.000000000e+00
17.460000,0.000000000e+00,3.748747115e-01,0.000000000e+00,0.000000000e+00,2.884606095e-07,0.000000000e+00
17.470000,0.000000000e+00,3.748747144e-01,0.000000000e+00,0.000000000e+00,2.855903784e-07,0.000000000e+00
17.480000,0.000000000e+00,3.748747173e-01,0.000000000e+00,0.000000000e+00,2.827487067e-07,0.000000000e+00
17.490000,0.000000000e+00,3.748747201e-01,0.000000000e+00,0.000000000e+00,2.799353101e-07,0.000000000e+00
17.500000,0.000000000e+00,3.748747229e-01,0.000000000e+00,0.000000000e+00,2.771499072e-07,0.000000000e+00
17.510000,0.000000000e+00,3.748747256e-01,0.000000000e+00,0.000000000e+00,2.743922195e-07,0.000000000e+00
17.520000,0.000000000e+00,3.748747283e-01,0.000000000e+00,0.000000000e+00,2.716619713e-07,0.000000000e+00
17.530000,0.000000000e+00,3.748747310e-01,0.000000000e+00,0.000000000e+00,2.689588895e-07,0.000000000e+00
17.540000,0.000000000e+00,3.748747337e-01,0.000000000e+00,0.000000000e+00,2.662827039e-07,0.000000000e+00
17.550000,0.000000000e+00,3.748747364e-01,0.000000000e+00,0.000000000e+00,2.636331467e-07,0.000000000e+00
17.560000,0.000000000e+00,3.748747390e-01,0.000000000e+00,0.000000000e+00,2.610099531e-07,0.000000000e+00
17.570000,0.000000000e+00,3.748747416e-01,0.000000000e+00,0.000000000e+00,2.584128606e-07,0.000000000e+00
17.580000,0.000000000e+00,3.748747442e-01,0.000000000e+00,0.000000000e+00,2.558416097e-07,0.000000000e+00
17.590000,0.000000000e+00,3.748747467e-01,0.000000000e+00,0.000000000e+00,2.532959432e-07,0.000000000e+00
17.600000,0.000000000e+00,3.748747492e-01,0.000000000e+00,0.000000000e+00,2.507756064e-07,0.000000000e+00
17.610000,0.000000000e+00,3.748747517e-01,0.000000000e+00,0.000000000e+00,2.482803475e-07,0.000000000e+00
17.620000,0.000000000e+00,3.748747542e-01,0.000000000e+00,0.000000000e+00,2.458099167e-07,0.000000000e+00
17.630000,0.000000000e+00,3.748747566e-01,0.000000000e+00,0.000000000e+00,2.433640672e-07,0.000000000e+00
17.640000,0.000000000e+00,3.748747591e-01,0.000000000e+00,0.000000000e+00,2.409425543e-07,0.000000000e+00
17.650000,0.000000000e+00,3.748747615e-01,0.000000000e+00,0.000000000e+00,2.385451358e-07,0.000000000e+00
17.660000,0.000000000e+00,3.748747638e-01,0.000000000e+00,0.000000000e+00,2.361715720e-07,0.000000000e+00
17.670000,0.000000000e+00,3.748747662e-01,0.000000000e+00,0.000000000e+00,2.338216256e-07,0.000000000e+00
17.680000,0.000000000e+00,3.748747685e-01,0.000000000e+00,0.000000000e+00,2.314950616e-07,0.000000000e+00
17.690000,0.000000000e+00,3.748747708e-01,0.000000000e+00,0.000000000e+00,2.291916472e-07,0.000000000e+00
17.700000,0.000000000e+00,3.748747731e-01,0.000000000e+00,0.000000000e+00,2.269111522e-07,0.000000000e+00
17.710000,0.000000000e+00,3.748747753e-01,0.000000000e+00,0.000000000e+00,2.246533485e-07,0.000000000e+00
17.720000,0.000000000e+00,3.748747776e-01,0.000000000e+00,0.000000000e+00,2.224180104e-07,0.000000000e+00
17.730000,0.000000000e+00,3.748747798e-01,0.000000000e+00,0.000000000e+00,2.202049142e-07,0.000000000e+00
17.740000,0.000000000e+00,3.748747820e-01,0.000000000e+00,0.000000000e+00,2.180138387e-07,0.000000000e+00
17.750000,0.000000000e+00,3.748747842e-01,0.000000000e+00,0.000000000e+00,2.158445647e-07,0.000000000e+00
17.760000,0.000000000e+00,3.748747863e-01,0.000000000e+00,0.000000000e+00,2.136968754e-07,0.000000000e+00
17.770000,0.000000000e+00,3.748747884e-01,0.000000000e+00,0.000000000e+00,2.115705560e-07,0.000000000e+00
17.780000,0.000000000e+00,3.748747905e-01,0.000000000e+00,0.000000000e+00,2.094653938e-07,0.000000000e+00
17.790000,0.000000000e+00,3.748747926e-01,0.000000000e+00,0.000000000e+00,2.073811783e-07,0.000000000e+00
17.800000,0.000000000e+00,3.748747947e-01,0.000000000e+00,0.000000000e+00,2.053177011e-07,0.000000000e+00
17.810000,0.000000000e+00,3.748747967e-01,0.000000000e+00,0.000000000e+00,2.032747558e-07,0.000000000e+00
17.820000,0.000000000e+00,3.748747987e-01,0.000000000e+00,0.000000000e+00,2.012521382e-07,0.000000000e+00
17.830000,0.000000000e+00,3.748748008e-01,0.000000000e+00,0.000000000e+00,1.992496460e-07,0.000000000e+00
17.840000,0.000000000e+00,3.748748027e-01,0.000000000e+00,0.000000000e+00,1.972670789e-07,0.000000000e+00
17.850000,0.000000000e+00,3.748748047e-01,0.000000000e+00,0.000000000e+00,1.953042387e-07,0.000000000e+00
17.860000,0.000000000e+00,3.748748066e-01,0.000000000e+00,0.000000000e+00,1.933609290e-07,0.000000000e+00
17.870000,0.000000000e+00,3.748748086e-01,0.000000000e+00,0.000000000e+00,1.914369556e-07,0.000000000e+00
17.880000,0.000000000e+00,3.748748105e-01,0.000000000e+00,0.000000000e+00,1.895321261e-07,0.000000000e+00
17.890000,0.000000000e+00,3.748748124e-01,0.000000000e+00,0.000000000e+00,1.876462499e-07,0.000000000e+00
17.900000,0.000000000e+00,3.748748142e-01,0.000000000e+00,0.000000000e+00,1.857791385e-07,0.000000000e+00
17.910000,0.000000000e+00,3.748748161e-01,0.000000000e+00,0.000000000e+00,1.839306052e-07,0.000000000e+00
17.920000,0.000000000e+00,3.748748179e-01,0.000000000e+00,0.000000000e+00,1.821004651e-07,0.000000000e+00
17.930000,0.000000000e+00,3.748748197e-01,0.000000000e+00,0.000000000e+00,1.802885352e-07,0.000000000e+00
17.940000,0.000000000e+00,3.748748215e-01,0.000000000e+00,0.000000000e+00,1.784946343e-07,0.000000000e+00
17.950000,0.000000000e+00,3.748748233e-01,0.000000000e+00,0.000000000e+00,1.767185830e-07,0.000000000e+00
17.960000,0.000000000e+00,3.748748250e-01,0.000000000e+00,0.000000000e+00,1.749602038e-07,0.000000000e+00
17.970000,0.000000000e+00,3.748748268e-01,0.000000000e+00,0.000000000e+00,1.732193207e-07,0.000000000e+00
17.980000,0.000000000e+00,3.748748285e-01,0.000000000e+00,0.000000000e+00,1.714957596e-07,0.000000000e+00
17.990000,0.000000000e+00,3.748748302e-01,0.000000000e+00,0.000000000e+00,1.697893483e-07,0.000000000e+00
18.000000,0.000000000e+00,3.748748319e-01,0.000000000e+00,0.000000000e+00,1.680999161e-07,0.000000000e+00
18.010000,0.000000000e+00,3.748748336e-01,0.000000000e+00,0.000000000e+00,1.664272939e-07,0.000000000e+00
18.020000,0.000000000e+00,3.748748352e-01,0.000000000e+00,0.000000000e+00,1.647713147e-07,0.000000000e+00
18.030000,0.000000000e+00,3.748748369e-01,0.000000000e+00,0.000000000e+00,1.631318127e-07,0.000000000e+00
18.040000,0.000000000e+00,3.748748385e-01,0.000000000e+00,0.000000000e+00,1.615086241e-07,0.000000000e+00
18.050000,0.000000000e+00,3.748748401e-01,0.000000000e+00,0.000000000e+00,1.599015864e-07,0.000000000e+00
18.060000,0.000000000e+00,3.748748417e-01,0.000000000e+00,0.000000000e+00,1.583105390e-07,0.000000000e+00
18.070000,0.000000000e+00,3.748748433e-01,0.000000000e+00,0.000000000e+00,1.567353229e-07,0.000000000e+00
18.080000,0.000000000e+00,3.748748448e-01,0.000000000e+00,0.000000000e+00,1.551757803e-07,0.000000000e+00
18.090000,0.000000000e+00,3.748748464e-01,0.000000000e+00,0.000000000e+00,1.536317555e-07,0.000000000e+00
18.100000,0.000000000e+00,3.748748479e-01,0.000000000e+00,0.000000000e+00,1.521030940e-07,0.000000000e+00
18.110000,0.000000000e+00,3.748748494e-01,0.000000000e+00,0.000000000e+00,1.505896429e-07,0.000000000e+00
18.120000,0.000000000e+00,3.748748509e-01,0.000000000e+00,0.000000000e+00,1.490912510e-07,0.000000000e+00
18.130000,0.000000000e+00,3.748748524e-01,0.000000000e+00,0.000000000e+00,1.476077682e-07,0.000000000e+00
18.140000,0.000000000e+00,3.748748539e-01,0.000000000e+00,0.000000000e+00,1.461390464e-07,0.000000000e+00
18.150000,0.000000000e+00,3.748748553e-01,0.000000000e+00,0.000000000e+00,1.446849386e-07,0.000000000e+00
18.160000,0.000000000e+00,3.748748568e-01,0.000000000e+00,0.000000000e+00,1.432452994e-07,0.000000000e+00
18.170000,0.000000000e+00,3.748748582e-01,0.000000000e+00,0.000000000e+00,1.418199848e-07,0.000000000e+00
18.180000,0.000000000e+00,3.748748596e-01,0.000000000e+00,0.000000000e+00,1.404088524e-07,0.000000000e+00
18.190000,0.000000000e+00,3.748748610e-01,0.000000000e+00,0.000000000e+00,1.390117610e-07,0.000000000e+00
18.200000,0.000000000e+00,3.748748624e-01,0.000000000e+00,0.000000000e+00,1.376285709e-07,0.000000000e+00
18.210000,0.000000000e+00,3.748748637e-01,0.000000000e+00,0.000000000e+00,1.362591437e-07,0.000000000e+00
18.220000,0.000000000e+00,3.748748651e-01,0.000000000e+00,0.000000000e+00,1.349033426e-07,0.000000000e+00
18.230000,0.000000000e+00,3.748748664e-01,0.000000000e+00,0.000000000e+00,1.335610319e-07,0.000000000e+00
18.240000,0.000000000e+00,3.748748678e-01,0.000000000e+00,0.000000000e+00,1.322320774e-07,0.000000000e+00
18.250000,0.000000000e+00,3.748748691e-01,0.000000000e+00,0.000000000e+00,1.309163463e-07,0.000000000e+00
18.260000,0.000000000e+00,3.748748704e-01,0.000000000e+00,0.000000000e+00,1.296137068e-07,0.000000000e+00
18.270000,0.000000000e+00,3.748748717e-01,0.000000000e+00,0.000000000e+00,1.283240289e-07,0.000000000e+00
18.280000,0.000000000e+00,3.748748730e-01,0.000000000e+00,0.000000000e+00,1.270471835e-07,0.000000000e+00
18.290000,0.000000000e+00,3.748748742e-01,0.000000000e+00,0.000000000e+00,1.257830429e-07,0.000000000e+00
18.300000,0.000000000e+00,3.748748755e-01,0.000000000e+00,0.000000000e+00,1.245314807e-07,0.000000000e+00
18.310000,0.000000000e+00,3.748748767e-01,0.000000000e+00,0.000000000e+00,1.232923718e-07,0.000000000e+00
18.320000,0.000000000e+00,3.748748779e-01,0.000000000e+00,0.000000000e+00,1.220655922e-07,0.000000000e+00
18.330000,0.000000000e+00,3.748748791e-01,0.000000000e+00,0.000000000e+00,1.208510192e-07,0.000000000e+00
18.340000,0.000000000e+00,3.748748804e-01,0.000000000e+00,0.000000000e+00,1.196485315e-07,0.000000000e+00
18.350000,0.000000000e+00,3.748748815e-01,0.000000000e+00,0.000000000e+00,1.184580087e-07,0.000000000e+00
18.360000,0.000000000e+00,3.748748827e-01,0.000000000e+00,0.000000000e+00,1.172793318e-07,0.000000000e+00
18.370000,0.000000000e+00,3.748748839e-01,0.000000000e+00,0.000000000e+00,1.161123830e-07,0.000000000e+00
18.380000,0.000000000e+00,3.748748850e-01,0.000000000e+00,0.000000000e+00,1.149570455e-07,0.000000000e+00
18.390000,0.000000000e+00,3.748748862e-01,0.000000000e+00,0.000000000e+00,1.138132038e-07,0.000000000e+00
18.400000,0.000000000e+00,3.748748873e-01,0.000000000e+00,0.000000000e+00,1.126807435e-07,0.000000000e+00
18.410000,0.000000000e+00,3.748748884e-01,0.000000000e+00,0.000000000e+00,1.115595513e-07,0.000000000e+00
18.420000,0.000000000e+00,3.748748896e-01,0.000000000e+00,0.000000000e+00,1.104495153e-07,0.000000000e+00
18.430000,0.000000000e+00,3.748748906e-01,0.000000000e+00,0.000000000e+00,1.093505242e-07,0.000000000e+00
18.440000,0.000000000e+00,3.748748917e-01,0.000000000e+00,0.000000000e+00,1.082624683e-07,0.000000000e+00
18.450000,0.000000000e+00,3.748748928e-01,0.000000000e+00,0.000000000e+00,1.071852388e-07,0.000000000e+00
18.460000,0.000000000e+00,3.748748939e-01,0.000000000e+00,0.000000000e+00,1.061187278e-07,0.000000000e+00
18.470000,0.000000000e+00,3.748748949e-01,0.000000000e+00,0.000000000e+00,1.050628288e-07,0.000000000e+00
18.480000,0.000000000e+00,3.748748960e-01,0.000000000e+00,0.000000000e+00,1.040174362e-07,0.000000000e+00
18.490000,0.000000000e+00,3.748748970e-01,0.000000000e+00,0.000000000e+00,1.029824454e-07,0.000000000e+00
18.500000,0.000000000e+00,3.748748980e-01,0.000000000e+00,0.000000000e+00,1.019577530e-07,0.000000000e+00
18.510000,0.000000000e+00,3.748748991e-01,0.000000000e+00,0.000000000e+00,1.009432564e-07,0.000000000e+00
18.520000,0.000000000e+00,3.748749001e-01,0.000000000e+00,0.000000000e+00,9.993885421e-08,0.000000000e+00
18.530000,0.000000000e+00,3.748749011e-01,0.000000000e+00,0.000000000e+00,9.894444599e-08,0.000000000e+00
18.540000,0.000000000e+00,3.748749020e-01,0.000000000e+00,0.000000000e+00,9.795993231e-08,0.000000000e+00
18.550000,0.000000000e+00,3.748749030e-01,0.000000000e+00,0.000000000e+00,9.698521469e-08,0.000000000e+00
18.560000,0.000000000e+00,3.748749040e-01,0.000000000e+00,0.000000000e+00,9.602019568e-08,0.000000000e+00
18.570000,0.000000000e+00,3.748749049e-01,0.000000000e+00,0.000000000e+00,9.506477877e-08,0.000000000e+00
18.580000,0.000000000e+00,3.748749059e-01,0.000000000e+00,0.000000000e+00,9.411886842e-08,0.000000000e+00
18.590000,0.000000000e+00,3.748749068e-01,0.000000000e+00,0.000000000e+00,9.318237003e-08,0.000000000e+00
18.600000,0.000000000e+00,3.748749077e-01,0.000000000e+00,0.000000000e+00,9.225518996e-08,0.000000000e+00
18.610000,0.000000000e+00,3.748749087e-01,0.000000000e+00,0.000000000e+00,9.133723548e-08,0.000000000e+00
18.620000,0.000000000e+00,3.748749096e-01,0.000000000e+00,0.000000000e+00,9.042841480e-08,0.000000000e+00
18.630000,0.000000000e+00,3.748749105e-01,0.000000000e+00,0.000000000e+00,8.952863704e-08,0.000000000e+00
18.640000,0.000000000e+00,3.748749114e-01,0.000000000e+00,0.000000000e+00,8.863781222e-08,0.000000000e+00
18.650000,0.000000000e+00,3.748749122e-01,0.000000000e+00,0.000000000e+00,8.775585125e-08,0.000000000e+00
18.660000,0.000000000e+00,3.748749131e-01,0.000000000e+00,0.000000000e+00,8.688266594e-08,0.000000000e+00
18.670000,0.000000000e+00,3.748749140e-01,0.000000000e+00,0.000000000e+00,8.601816897e-08,0.000000000e+00
18.680000,0.000000000e+00,3.748749148e-01,0.000000000e+00,0.000000000e+00,8.516227389e-08,0.000000000e+00
18.690000,0.000000000e+00,3.748749157e-01,0.000000000e+00,0.000000000e+00,8.431489511e-08,0.000000000e+00
18.700000,0.000000000e+00,3.748749165e-01,0.000000000e+00,0.000000000e+00,8.347594788e-08,0.000000000e+00
18.710000,0.000000000e+00,3.748749174e-01,0.000000000e+00,0.000000000e+00,8.264534832e-08,0.000000000e+00
18.720000,0.000000000e+00,3.748749182e-01,0.000000000e+00,0.000000000e+00,8.182301337e-08,0.000000000e+00
18.730000,0.000000000e+00,3.748749190e-01,0.000000000e+00,0.000000000e+00,8.100886078e-08,0.000000000e+00
18.740000,0.000000000e+00,3.748749198e-01,0.000000000e+00,0.000000000e+00,8.020280915e-08,0.000000000e+00
18.750000,0.000000000e+00,3.748749206e-01,0.000000000e+00,0.000000000e+00,7.940477787e-08,0.000000000e+00
18.760000,0.000000000e+00,3.748749214e-01,0.000000000e+00,0.000000000e+00,7.861468712e-08,0.000000000e+00
18.770000,0.000000000e+00,3.748749222e-01,0.000000000e+00,0.000000000e+00,7.783245792e-08,0.000000000e+00
18.780000,0.000000000e+00,3.748749229e-01,0.000000000e+00,0.000000000e+00,7.705801202e-08,0.000000000e+00
18.790000,0.000000000e+00,3.748749237e-01,0.000000000e+00,0.000000000e+00,7.629127199e-08,0.000000000e+00
18.800000,0.000000000e+00,3.748749245e-01,0.000000000e+00,0.000000000e+00,7.553216115e-08,0.000000000e+00
18.810000,0.000000000e+00,3.748749252e-01,0.000000000e+00,0.000000000e+00,7.478060359e-08,0.000000000e+00
18.820000,0.000000000e+00,3.748749260e-01,0.000000000e+00,0.000000000e+00,7.403652415e-08,0.000000000e+00
18.830000,0.000000000e+00,3.748749267e-01,0.000000000e+00,0.000000000e+00,7.329984843e-08,0.000000000e+00
18.840000,0.000000000e+00,3.748749274e-01,0.000000000e+00,0.000000000e+00,7.257050275e-08,0.000000000e+00
18.850000,0.000000000e+00,3.748749282e-01,0.000000000e+00,0.000000000e+00,7.184841418e-08,0.000000000e+00
18.860000,0.000000000e+00,3.748749289e-01,0.000000000e+00,0.000000000e+00,7.113351052e-08,0.000000000e+00
18.870000,0.000000000e+00,3.748749296e-01,0.000000000e+00,0.000000000e+00,7.042572026e-08,0.000000000e+00
18.880000,0.000000000e+00,3.748749303e-01,0.000000000e+00,0.000000000e+00,6.972497264e-08,0.000000000e+00
18.890000,0.000000000e+00,3.748749310e-01,0.000000000e+00,0.000000000e+00,6.903119757e-08,0.000000000e+00
18.900000,0.000000000e+00,3.748749317e-01,0.000000000e+00,0.000000000e+00,6.834432568e-08,0.000000000e+00
18.910000,0.000000000e+00,3.748749323e-01,0.000000000e+00,0.000000000e+00,6.766428827e-08,0.000000000e+00
18.920000,0.000000000e+00,3.748749330e-01,0.000000000e+00,0.000000000e+00,6.699101736e-08,0.000000000e+00
18.930000,0.000000000e+00,3.748749337e-01,0.000000000e+00,0.000000000e+00,6.632444560e-08,0.000000000e+00
18.940000,0.000000000e+00,3.748749343e-01,0.000000000e+00,0.000000000e+00,6.566450634e-08,0.000000000e+00
18.950000,0.000000000e+00,3.748749350e-01,0.000000000e+00,0.000000000e+00,6.501113358e-08,0.000000000e+00
18.960000,0.000000000e+00,3.748749356e-01,0.000000000e+00,0.000000000e+00,6.436426199e-08,0.000000000e+00
18.970000,0.000000000e+00,3.748749363e-01,0.000000000e+00,0.000000000e+00,6.372382689e-08,0.000000000e+00
18.980000,0.000000000e+00,3.748749369e-01,0.000000000e+00,0.000000000e+00,6.308976421e-08,0.000000000e+00
18.990000,0.000000000e+00,3.748749375e-01,0.000000000e+00,0.000000000e+00,6.246201057e-08,0.000000000e+00
19.000000,0.000000000e+00,3.748749382e-01,0.000000000e+00,0.000000000e+00,6.184050318e-08,0.000000000e+00
19.010000,0.000000000e+00,3.748749388e-01,0.000000000e+00,0.000000000e+00,6.122517989e-08,0.000000000e+00
19.020000,0.000000000e+00,3.748749394e-01,0.000000000e+00,0.000000000e+00,6.061597918e-08,0.000000000e+00
19.030000,0.000000000e+00,3.748749400e-01,0.000000000e+00,0.000000000e+00,6.001284011e-08,0.000000000e+00
19.040000,0.000000000e+00,3.748749406e-01,0.000000000e+00,0.000000000e+00,5.941570237e-08,0.000000000e+00
19.050000,0.000000000e+00,3.748749412e-01,0.000000000e+00,0.000000000e+00,5.882450625e-08,0.000000000e+00
19.060000,0.000000000e+00,3.748749418e-01,0.000000000e+00,0.000000000e+00,5.823919264e-08,0.000000000e+00
19.070000,0.000000000e+00,3.748749423e-01,0.000000000e+00,0.000000000e+00,5.765970299e-08,0.000000000e+00
19.080000,0.000000000e+00,3.748749429e-01,0.000000000e+00,0.000000000e+00,5.708597936e-08,0.000000000e+00
19.090000,0.000000000e+00,3.748749435e-01,0.000000000e+00,0.000000000e+00,5.651796437e-08,0.000000000e+00
19.100000,0.000000000e+00,3.748749440e-01,0.000000000e+00,0.000000000e+00,5.595560123e-08,0.000000000e+00
19.110000,0.000000000e+00,3.748749446e-01,0.000000000e+00,0.000000000e+00,5.539883370e-08,0.000000000e+00
19.120000,0.000000000e+00,3.748749452e-01,0.000000000e+00,0.000000000e+00,5.484760609e-08,0.000000000e+00
19.130000,0.000000000e+00,3.748749457e-01,0.000000000e+00,0.000000000e+00,5.430186329e-08,0.000000000e+00
19.140000,0.000000000e+00,3.748749462e-01,0.000000000e+00,0.000000000e+00,5.376155072e-08,0.000000000e+00
19.150000,0.000000000e+00,3.748749468e-01,0.000000000e+00,0.000000000e+00,5.322661436e-08,0.000000000e+00
19.160000,0.000000000e+00,3.748749473e-01,0.000000000e+00,0.000000000e+00,5.269700069e-08,0.000000000e+00
19.170000,0.000000000e+00,3.748749478e-01,0.000000000e+00,0.000000000e+00,5.217265678e-08,0.000000000e+00
19.180000,0.000000000e+00,3.748749483e-01,0.000000000e+00,0.000000000e+00,5.165353017e-08,0.000000000e+00
19.190000,0.000000000e+00,3.748749489e-01,0.000000000e+00,0.000000000e+00,5.113956896e-08,0.000000000e+00
19.200000,0.000000000e+00,3.748749494e-01,0.000000000e+00,0.000000000e+00,5.063072174e-08,0.000000000e+00
19.210000,0.000000000e+00,3.748749499e-01,0.000000000e+00,0.000000000e+00,5.012693764e-08,0.000000000e+00
19.220000,0.000000000e+00,3.748749504e-01,0.000000000e+00,0.000000000e+00,4.962816628e-08,0.000000000e+00
19.230000,0.000000000e+00,3.748749509e-01,0.000000000e+00,0.000000000e+00,4.913435778e-08,0.000000000e+00
19.240000,0.000000000e+00,3.748749514e-01,0.000000000e+00,0.000000000e+00,4.864546275e-08,0.000000000e+00
19.250000,0.000000000e+00,3.748749518e-01,0.000000000e+00,0.000000000e+00,4.816143231e-08,0.000000000e+00
19.260000,0.000000000e+00,3.748749523e-01,0.000000000e+00,0.000000000e+00,4.768221805e-08,0.000000000e+00
19.270000,0.000000000e+00,3.748749528e-01,0.000000000e+00,0.000000000e+00,4.720777205e-08,0.000000000e+00
19.280000,0.000000000e+00,3.748749533e-01,0.000000000e+00,0.000000000e+00,4.673804687e-08,0.000000000e+00
19.290000,0.000000000e+00,3.748749537e-01,0.000000000e+00,0.000000000e+00,4.627299553e-08,0.000000000e+00
19.300000,0.000000000e+00,3.748749542e-01,0.000000000e+00,0.000000000e+00,4.581257153e-08,0.000000000e+00
19.310000,0.000000000e+00,3.748749546e-01,0.000000000e+00,0.000000000e+00,4.535672883e-08,0.000000000e+00
19.320000,0.000000000e+00,3.748749551e-01,0.000000000e+00,0.000000000e+00,4.490542184e-08,0.000000000e+00
19.330000,0.000000000e+00,3.748749555e-01,0.000000000e+00,0.000000000e+00,4.445860543e-08,0.000000000e+00
19.340000,0.000000000e+00,3.748749560e-01,0.000000000e+00,0.000000000e+00,4.401623491e-08,0.000000000e+00
19.350000,0.000000000e+00,3.748749564e-01,0.000000000e+00,0.000000000e+00,4.357826606e-08,0.000000000e+00
19.360000,0.000000000e+00,3.748749569e-01,0.000000000e+00,0.000000000e+00,4.314465506e-08,0.000000000e+00
19.370000,0.000000000e+00,3.748749573e-01,0.000000000e+00,0.000000000e+00,4.271535857e-08,0.000000000e+00
19.380000,0.000000000e+00,3.748749577e-01,0.000000000e+00,0.000000000e+00,4.229033365e-08,0.000000000e+00
19.390000,0.000000000e+00,3.748749581e-01,0.000000000e+00,0.000000000e+00,4.186953780e-08,0.000000000e+00
19.400000,0.000000000e+00,3.748749585e-01,0.000000000e+00,0.000000000e+00,4.145292894e-08,0.000000000e+00
19.410000,0.000000000e+00,3.748749590e-01,0.000000000e+00,0.000000000e+00,4.104046541e-08,0.000000000e+00
19.420000,0.000000000e+00,3.748749594e-01,0.000000000e+00,0.000000000e+00,4.063210595e-08,0.000000000e+00
19.430000,0.000000000e+00,3.748749598e-01,0.000000000e+00,0.000000000e+00,4.022780974e-08,0.000000000e+00
19.440000,0.000000000e+00,3.748749602e-01,0.000000000e+00,0.000000000e+00,3.982753635e-08,0.000000000e+00
19.450000,0.000000000e+00,3.748749606e-01,0.000000000e+00,0.000000000e+00,3.943124574e-08,0.000000000e+00
19.460000,0.000000000e+00,3.748749610e-01,0.000000000e+00,0.000000000e+00,3.903889829e-08,0.000000000e+00
19.470000,0.000000000e+00,3.748749613e-01,0.000000000e+00,0.000000000e+00,3.865045476e-08,0.000000000e+00
19.480000,0.000000000e+00,3.748749617e-01,0.000000000e+00,0.000000000e+00,3.826587631e-08,0.000000000e+00
19.490000,0.000000000e+00,3.748749621e-01,0.000000000e+00,0.000000000e+00,3.788512448e-08,0.000000000e+00
19.500000,0.000000000e+00,3.748749625e-01,0.000000000e+00,0.000000000e+00,3.750816119e-08,0.000000000e+00
19.510000,0.000000000e+00,3.748749629e-01,0.000000000e+00,0.000000000e+00,3.713494875e-08,0.000000000e+00
19.520000,0.000000000e+00,3.748749632e-01,0.000000000e+00,0.000000000e+00,3.676544984e-08,0.000000000e+00
19.530000,0.000000000e+00,3.748749636e-01,0.000000000e+00,0.000000000e+00,3.639962750e-08,0.000000000e+00
19.540000,0.000000000e+00,3.748749640e-01,0.000000000e+00,0.000000000e+00,3.603744516e-08,0.000000000e+00
19.550000,0.000000000e+00,3.748749643e-01,0.000000000e+00,0.000000000e+00,3.567886659e-08,0.000000000e+00
19.560000,0.000000000e+00,3.748749647e-01,0.000000000e+00,0.000000000e+00,3.532385593e-08,0.000000000e+00
19.570000,0.000000000e+00,3.748749650e-01,0.000000000e+00,0.000000000e+00,3.497237769e-08,0.000000000e+00
19.580000,0.000000000e+00,3.748749654e-01,0.000000000e+00,0.000000000e+00,3.462439672e-08,0.000000000e+00
19.590000,0.000000000e+00,3.748749657e-01,0.000000000e+00,0.000000000e+00,3.427987822e-08,0.000000000e+00
19.600000,0.000000000e+00,3.748749661e-01,0.000000000e+00,0.000000000e+00,3.393878773e-08,0.000000000e+00
19.610000,0.000000000e+00,3.748749664e-01,0.000000000e+00,0.000000000e+00,3.360109115e-08,0.000000000e+00
19.620000,0.000000000e+00,3.748749667e-01,0.000000000e+00,0.000000000e+00,3.326675471e-08,0.000000000e+00
19.630000,0.000000000e+00,3.748749671e-01,0.000000000e+00,0.000000000e+00,3.293574497e-08,0.000000000e+00
19.640000,0.000000000e+00,3.748749674e-01,0.000000000e+00,0.000000000e+00,3.260802883e-08,0.000000000e+00
19.650000,0.000000000e+00,3.748749677e-01,0.000000000e+00,0.000000000e+00,3.228357352e-08,0.000000000e+00
19.660000,0.000000000e+00,3.748749680e-01,0.000000000e+00,0.000000000e+00,3.196234660e-08,0.000000000e+00
19.670000,0.000000000e+00,3.748749684e-01,0.000000000e+00,0.000000000e+00,3.164431593e-08,0.000000000e+00
19.680000,0.000000000e+00,3.748749687e-01,0.000000000e+00,0.000000000e+00,3.132944973e-08,0.000000000e+00
19.690000,0.000000000e+00,3.748749690e-01,0.000000000e+00,0.000000000e+00,3.101771650e-08,0.000000000e+00
19.700000,0.000000000e+00,3.748749693e-01,0.000000000e+00,0.000000000e+00,3.070908506e-08,0.000000000e+00
19.710000,0.000000000e+00,3.748749696e-01,0.000000000e+00,0.000000000e+00,3.040352456e-08,0.000000000e+00
19.720000,0.000000000e+00,3.748749699e-01,0.000000000e+00,0.000000000e+00,3.010100444e-08,0.000000000e+00
19.730000,0.000000000e+00,3.748749702e-01,0.000000000e+00,0.000000000e+00,2.980149444e-08,0.000000000e+00
19.740000,0.000000000e+00,3.748749705e-01,0.000000000e+00,0.000000000e+00,2.950496461e-08,0.000000000e+00
19.750000,0.000000000e+00,3.748749708e-01,0.000000000e+00,0.000000000e+00,2.921138531e-08,0.000000000e+00
19.760000,0.000000000e+00,3.748749711e-01,0.000000000e+00,0.000000000e+00,2.892072717e-08,0.000000000e+00
19.770000,0.000000000e+00,3.748749714e-01,0.000000000e+00,0.000000000e+00,2.863296113e-08,0.000000000e+00
19.780000,0.000000000e+00,3.748749717e-01,0.000000000e+00,0.000000000e+00,2.834805840e-08,0.000000000e+00
19.790000,0.000000000e+00,3.748749719e-01,0.000000000e+00,0.000000000e+00,2.806599051e-08,0.000000000e+00
19.800000,0.000000000e+00,3.748749722e-01,0.000000000e+00,0.000000000e+00,2.778672924e-08,0.000000000e+00
19.810000,0.000000000e+00,3.748749725e-01,0.000000000e+00,0.000000000e+00,2.751024666e-08,0.000000000e+00
19.820000,0.000000000e+00,3.748749728e-01,0.000000000e+00,0.000000000e+00,2.723651513e-08,0.000000000e+00
19.830000,0.000000000e+00,3.748749730e-01,0.000000000e+00,0.000000000e+00,2.696550728e-08,0.000000000e+00
19.840000,0.000000000e+00,3.748749733e-01,0.000000000e+00,0.000000000e+00,2.669719600e-08,0.000000000e+00
19.850000,0.000000000e+00,3.748749736e-01,0.000000000e+00,0.000000000e+00,2.643155446e-08,0.000000000e+00
19.860000,0.000000000e+00,3.748749738e-01,0.000000000e+00,0.000000000e+00,2.616855610e-08,0.000000000e+00
19.870000,0.000000000e+00,3.748749741e-01,0.000000000e+00,0.000000000e+00,2.590817462e-08,0.000000000e+00
19.880000,0.000000000e+00,3.748749743e-01,0.000000000e+00,0.000000000e+00,2.565038397e-08,0.000000000e+00
19.890000,0.000000000e+00,3.748749746e-01,0.000000000e+00,0.000000000e+00,2.539515839e-08,0.000000000e+00
19.900000,0.000000000e+00,3.748749749e-01,0.000000000e+00,0.000000000e+00,2.514247234e-08,0.000000000e+00
19.910000,0.000000000e+00,3.748749751e-01,0.000000000e+00,0.000000000e+00,2.489230056e-08,0.000000000e+00
19.920000,0.000000000e+00,3.748749754e-01,0.000000000e+00,0.000000000e+00,2.464461803e-08,0.000000000e+00
19.930000,0.000000000e+00,3.748749756e-01,0.000000000e+00,0.000000000e+00,2.439939998e-08,0.000000000e+00
19.940000,0.000000000e+00,3.748749758e-01,0.000000000e+00,0.000000000e+00,2.415662190e-08,0.000000000e+00
19.950000,0.000000000e+00,3.748749761e-01,0.000000000e+00,0.000000000e+00,2.391625949e-08,0.000000000e+00
19.960000,0.000000000e+00,3.748749763e-01,0.000000000e+00,0.000000000e+00,2.367828874e-08,0.000000000e+00
19.970000,0.000000000e+00,3.748749766e-01,0.000000000e+00,0.000000000e+00,2.344268583e-08,0.000000000e+00
19.980000,0.000000000e+00,3.748749768e-01,0.000000000e+00,0.000000000e+00,2.320942720e-08,0.000000000e+00
19.990000,0.000000000e+00,3.748749770e-01,0.000000000e+00,0.000000000e+00,2.297848955e-08,0.000000000e+00
20.000000,0.000000000e+00,3.748749773e-01,0.000000000e+00,0.000000000e+00,2.274984975e-08,0.000000000e+00
20.010000,0.000000000e+00,3.748749775e-01,0.000000000e+00,0.000000000e+00,2.252348497e-08,0.000000000e+00
20.020000,0.000000000e+00,3.748749777e-01,0.000000000e+00,0.000000000e+00,2.229937255e-08,0.000000000e+00
20.030000,0.000000000e+00,3.748749779e-01,0.000000000e+00,0.000000000e+00,2.207749008e-08,0.000000000e+00
20.040000,0.000000000e+00,3.748749781e-01,0.000000000e+00,0.000000000e+00,2.185781539e-08,0.000000000e+00
20.050000,0.000000000e+00,3.748749784e-01,0.000000000e+00,0.000000000e+00,2.164032649e-08,0.000000000e+00
20.060000,0.000000000e+00,3.748749786e-01,0.000000000e+00,0.000000000e+00,2.142500164e-08,0.000000000e+00
20.070000,0.000000000e+00,3.748749788e-01,0.000000000e+00,0.000000000e+00,2.121181932e-08,0.000000000e+00
20.080000,0.000000000e+00,3.748749790e-01,0.000000000e+00,0.000000000e+00,2.100075819e-08,0.000000000e+00
20.090000,0.000000000e+00,3.748749792e-01,0.000000000e+00,0.000000000e+00,2.079179715e-08,0.000000000e+00
20.100000,0.000000000e+00,3.748749794e-01,0.000000000e+00,0.000000000e+00,2.058491531e-08,0.000000000e+00
20.110000,0.000000000e+00,3.748749796e-01,0.000000000e+00,0.000000000e+00,2.038009198e-08,0.000000000e+00
20.120000,0.000000000e+00,3.748749798e-01,0.000000000e+00,0.000000000e+00,2.017730668e-08,0.000000000e+00
20.130000,0.000000000e+00,3.748749800e-01,0.000000000e+00,0.000000000e+00,1.997653912e-08,0.000000000e+00
20.140000,0.000000000e+00,3.748749802e-01,0.000000000e+00,0.000000000e+00,1.977776924e-08,0.000000000e+00
20.150000,0.000000000e+00,3.748749804e-01,0.000000000e+00,0.000000000e+00,1.958097715e-08,0.000000000e+00
20.160000,0.000000000e+00,3.748749806e-01,0.000000000e+00,0.000000000e+00,1.938614317e-08,0.000000000e+00
20.170000,0.000000000e+00,3.748749808e-01,0.000000000e+00,0.000000000e+00,1.919324782e-08,0.000000000e+00
20.180000,0.000000000e+00,3.748749810e-01,0.000000000e+00,0.000000000e+00,1.900227181e-08,0.000000000e+00
20.190000,0.000000000e+00,3.748749812e-01,0.000000000e+00,0.000000000e+00,1.881319605e-08,0.000000000e+00
20.200000,0.000000000e+00,3.748749814e-01,0.000000000e+00,0.000000000e+00,1.862600162e-08,0.000000000e+00
20.210000,0.000000000e+00,3.748749816e-01,0.000000000e+00,0.000000000e+00,1.844066981e-08,0.000000000e+00
20.220000,0.000000000e+00,3.748749817e-01,0.000000000e+00,0.000000000e+00,1.825718208e-08,0.000000000e+00
20.230000,0.000000000e+00,3.748749819e-01,0.000000000e+00,0.000000000e+00,1.807552008e-08,0.000000000e+00
20.240000,0.000000000e+00,3.748749821e-01,0.000000000e+00,0.000000000e+00,1.789566565e-08,0.000000000e+00
20.250000,0.000000000e+00,3.748749823e-01,0.000000000e+00,0.000000000e+00,1.771760080e-08,0.000000000e+00
20.260000,0.000000000e+00,3.748749825e-01,0.000000000e+00,0.000000000e+00,1.754130773e-08,0.000000000e+00
20.270000,0.000000000e+00,3.748749826e-01,0.000000000e+00,0.000000000e+00,1.736676880e-08,0.000000000e+00
20.280000,0.000000000e+00,3.748749828e-01,0.000000000e+00,0.000000000e+00,1.719396657e-08,0.000000000e+00
20.290000,0.000000000e+00,3.748749830e-01,0.000000000e+00,0.000000000e+00,1.702288374e-08,0.000000000e+00
20.300000,0.000000000e+00,3.748749831e-01,0.000000000e+00,0.000000000e+00,1.685350322e-08,0.000000000e+00
20.310000,0.000000000e+00,3.748749833e-01,0.000000000e+00,0.000000000e+00,1.668580806e-08,0.000000000e+00
20.320000,0.000000000e+00,3.748749835e-01,0.000000000e+00,0.000000000e+00,1.651978149e-08,0.000000000e+00
20.330000,0.000000000e+00,3.748749836e-01,0.000000000e+00,0.000000000e+00,1.635540692e-08,0.000000000e+00
20.340000,0.000000000e+00,3.748749838e-01,0.000000000e+00,0.000000000e+00,1.619266790e-08,0.000000000e+00
20.350000,0.000000000e+00,3.748749840e-01,0.000000000e+00,0.000000000e+00,1.603154817e-08,0.000000000e+00
20.360000,0.000000000e+00,3.748749841e-01,0.000000000e+00,0.000000000e+00,1.587203160e-08,0.000000000e+00
20.370000,0.000000000e+00,3.748749843e-01,0.000000000e+00,0.000000000e+00,1.571410224e-08,0.000000000e+00
20.380000,0.000000000e+00,3.748749844e-01,0.000000000e+00,0.000000000e+00,1.555774431e-08,0.000000000e+00
20.390000,0.000000000e+00,3.748749846e-01,0.000000000e+00,0.000000000e+00,1.540294217e-08,0.000000000e+00
20.400000,0.000000000e+00,3.748749848e-01,0.000000000e+00,0.000000000e+00,1.524968034e-08,0.000000000e+00
20.410000,0.000000000e+00,3.748749849e-01,0.000000000e+00,0.000000000e+00,1.509794348e-08,0.000000000e+00
20.420000,0.000000000e+00,3.748749851e-01,0.000000000e+00,0.000000000e+00,1.494771643e-08,0.000000000e+00
20.430000,0.000000000e+00,3.748749852e-01,0.000000000e+00,0.000000000e+00,1.479898417e-08,0.000000000e+00
20.440000,0.000000000e+00,3.748749853e-01,0.000000000e+00,0.000000000e+00,1.465173182e-08,0.000000000e+00
20.450000,0.000000000e+00,3.748749855e-01,0.000000000e+00,0.000000000e+00,1.450594465e-08,0.000000000e+00
20.460000,0.000000000e+00,3.748749856e-01,0.000000000e+00,0.000000000e+00,1.436160809e-08,0.000000000e+00
20.470000,0.000000000e+00,3.748749858e-01,0.000000000e+00,0.000000000e+00,1.421870770e-08,0.000000000e+00
20.480000,0.000000000e+00,3.748749859e-01,0.000000000e+00,0.000000000e+00,1.407722919e-08,0.000000000e+00
20.490000,0.000000000e+00,3.748749861e-01,0.000000000e+00,0.000000000e+00,1.393715842e-08,0.000000000e+00
20.500000,0.000000000e+00,3.748749862e-01,0.000000000e+00,0.000000000e+00,1.379848138e-08,0.000000000e+00
20.510000,0.000000000e+00,3.748749863e-01,0.000000000e+00,0.000000000e+00,1.366118420e-08,0.000000000e+00
20.520000,0.000000000e+00,3.748749865e-01,0.000000000e+00,0.000000000e+00,1.352525314e-08,0.000000000e+00
20.530000,0.000000000e+00,3.748749866e-01,0.000000000e+00,0.000000000e+00,1.339067463e-08,0.000000000e+00
20.540000,0.000000000e+00,3.748749867e-01,0.000000000e+00,0.000000000e+00,1.325743519e-08,0.000000000e+00
20.550000,0.000000000e+00,3.748749869e-01,0.000000000e+00,0.000000000e+00,1.312552150e-08,0.000000000e+00
20.560000,0.000000000e+00,3.748749870e-01,0.000000000e+00,0.000000000e+00,1.299492038e-08,0.000000000e+00
20.570000,0.000000000e+00,3.748749871e-01,0.000000000e+00,0.000000000e+00,1.286561876e-08,0.000000000e+00
20.580000,0.000000000e+00,3.748749873e-01,0.000000000e+00,0.000000000e+00,1.273760372e-08,0.000000000e+00
20.590000,0.000000000e+00,3.748749874e-01,0.000000000e+00,0.000000000e+00,1.261086244e-08,0.000000000e+00
20.600000,0.000000000e+00,3.748749875e-01,0.000000000e+00,0.000000000e+00,1.248538227e-08,0.000000000e+00
20.610000,0.000000000e+00,3.748749876e-01,0.000000000e+00,0.000000000e+00,1.236115064e-08,0.000000000e+00
20.620000,0.000000000e+00,3.748749878e-01,0.000000000e+00,0.000000000e+00,1.223815513e-08,0.000000000e+00
20.630000,0.000000000e+00,3.748749879e-01,0.000000000e+00,0.000000000e+00,1.211638345e-08,0.000000000e+00
20.640000,0.000000000e+00,3.748749880e-01,0.000000000e+00,0.000000000e+00,1.199582342e-08,0.000000000e+00
20.650000,0.000000000e+00,3.748749881e-01,0.000000000e+00,0.000000000e+00,1.187646299e-08,0.000000000e+00
20.660000,0.000000000e+00,3.748749882e-01,0.000000000e+00,0.000000000e+00,1.175829021e-08,0.000000000e+00
20.670000,0.000000000e+00,3.748749884e-01,0.000000000e+00,0.000000000e+00,1.164129326e-08,0.000000000e+00
20.680000,0.000000000e+00,3.748749885e-01,0.000000000e+00,0.000000000e+00,1.152546046e-08,0.000000000e+00
20.690000,0.000000000e+00,3.748749886e-01,0.000000000e+00,0.000000000e+00,1.141078021e-08,0.000000000e+00
20.700000,0.000000000e+00,3.748749887e-01,0.000000000e+00,0.000000000e+00,1.129724105e-08,0.000000000e+00
20.710000,0.000000000e+00,3.748749888e-01,0.000000000e+00,0.000000000e+00,1.118483163e-08,0.000000000e+00
20.720000,0.000000000e+00,3.748749889e-01,0.000000000e+00,0.000000000e+00,1.107354069e-08,0.000000000e+00
20.730000,0.000000000e+00,3.748749890e-01,0.000000000e+00,0.000000000e+00,1.096335712e-08,0.000000000e+00
20.740000,0.000000000e+00,3.748749891e-01,0.000000000e+00,0.000000000e+00,1.085426989e-08,0.000000000e+00
20.750000,0.000000000e+00,3.748749893e-01,0.000000000e+00,0.000000000e+00,1.074626810e-08,0.000000000e+00
20.760000,0.000000000e+00,3.748749894e-01,0.000000000e+00,0.000000000e+00,1.063934095e-08,0.000000000e+00
20.770000,0.000000000e+00,3.748749895e-01,0.000000000e+00,0.000000000e+00,1.053347774e-08,0.000000000e+00
20.780000,0.000000000e+00,3.748749896e-01,0.000000000e+00,0.000000000e+00,1.042866788e-08,0.000000000e+00
20.790000,0.000000000e+00,3.748749897e-01,0.000000000e+00,0.000000000e+00,1.032490091e-08,0.000000000e+00
20.800000,0.000000000e+00,3.748749898e-01,0.000000000e+00,0.000000000e+00,1.022216642e-08,0.000000000e+00
20.810000,0.000000000e+00,3.748749899e-01,0.000000000e+00,0.000000000e+00,1.012045417e-08,0.000000000e+00
20.820000,0.000000000e+00,3.748749900e-01,0.000000000e+00,0.000000000e+00,1.001975397e-08,0.000000000e+00
20.830000,0.000000000e+00,3.748749901e-01,0.000000000e+00,0.000000000e+00,9.920055750e-09,0.000000000e+00
20.840000,0.000000000e+00,3.748749902e-01,0.000000000e+00,0.000000000e+00,9.821349546e-09,0.000000000e+00
20.850000,0.000000000e+00,3.748749903e-01,0.000000000e+00,0.000000000e+00,9.723625485e-09,0.000000000e+00
20.860000,0.000000000e+00,3.748749904e-01,0.000000000e+00,0.000000000e+00,9.626873795e-09,0.000000000e+00
20.870000,0.000000000e+00,3.748749905e-01,0.000000000e+00,0.000000000e+00,9.531084800e-09,0.000000000e+00
20.880000,0.000000000e+00,3.748749906e-01,0.000000000e+00,0.000000000e+00,9.436248922e-09,0.000000000e+00
20.890000,0.000000000e+00,3.748749907e-01,0.000000000e+00,0.000000000e+00,9.342356677e-09,0.000000000e+00
20.900000,0.000000000e+00,3.748749908e-01,0.000000000e+00,0.000000000e+00,9.249398675e-09,0.000000000e+00
20.910000,0.000000000e+00,3.748749908e-01,0.000000000e+00,0.000000000e+00,9.157365620e-09,0.000000000e+00
20.920000,0.000000000e+00,3.748749909e-01,0.000000000e+00,0.000000000e+00,9.066248310e-09,0.000000000e+00
20.930000,0.000000000e+00,3.748749910e-01,0.000000000e+00,0.000000000e+00,8.976037632e-09,0.000000000e+00
20.940000,0.000000000e+00,3.748749911e-01,0.000000000e+00,0.000000000e+00,8.886724565e-09,0.000000000e+00
20.950000,0.000000000e+00,3.748749912e-01,0.000000000e+00,0.000000000e+00,8.798300178e-09,0.000000000e+00
20.960000,0.000000000e+00,3.748749913e-01,0.000000000e+00,0.000000000e+00,8.710755629e-09,0.000000000e+00
20.970000,0.000000000e+00,3.748749914e-01,0.000000000e+00,0.000000000e+00,8.624082162e-09,0.000000000e+00
20.980000,0.000000000e+00,3.748749915e-01,0.000000000e+00,0.000000000e+00,8.538271111e-09,0.000000000e+00
20.990000,0.000000000e+00,3.748749915e-01,0.000000000e+00,0.000000000e+00,8.453313894e-09,0.000000000e+00
21.000000,0.000000000e+00,3.748749916e-01,0.000000000e+00,0.000000000e+00,8.369202015e-09,0.000000000e+00
21.010000,0.000000000e+00,3.748749917e-01,0.000000000e+00,0.000000000e+00,8.285927064e-09,0.000000000e+00
21.020000,0.000000000e+00,3.748749918e-01,0.000000000e+00,0.000000000e+00,8.203480712e-09,0.000000000e+00
21.030000,0.000000000e+00,3.748749919e-01,0.000000000e+00,0.000000000e+00,8.121854715e-09,0.000000000e+00
21.040000,0.000000000e+00,3.748749920e-01,0.000000000e+00,0.000000000e+00,8.041040910e-09,0.000000000e+00
21.050000,0.000000000e+00,3.748749920e-01,0.000000000e+00,0.000000000e+00,7.961031216e-09,0.000000000e+00
21.060000,0.000000000e+00,3.748749921e-01,0.000000000e+00,0.000000000e+00,7.881817632e-09,0.000000000e+00
21.070000,0.000000000e+00,3.748749922e-01,0.000000000e+00,0.000000000e+00,7.803392236e-09,0.000000000e+00
21.080000,0.000000000e+00,3.748749923e-01,0.000000000e+00,0.000000000e+00,7.725747186e-09,0.000000000e+00
21.090000,0.000000000e+00,3.748749924e-01,0.000000000e+00,0.000000000e+00,7.648874718e-09,0.000000000e+00
21.100000,0.000000000e+00,3.748749924e-01,0.000000000e+00,0.000000000e+00,7.572767142e-09,0.000000000e+00
21.110000,0.000000000e+00,3.748749925e-01,0.000000000e+00,0.000000000e+00,7.497416850e-09,0.000000000e+00
21.120000,0.000000000e+00,3.748749926e-01,0.000000000e+00,0.000000000e+00,7.422816306e-09,0.000000000e+00
21.130000,0.000000000e+00,3.748749927e-01,0.000000000e+00,0.000000000e+00,7.348958050e-09,0.000000000e+00
21.140000,0.000000000e+00,3.748749927e-01,0.000000000e+00,0.000000000e+00,7.275834696e-09,0.000000000e+00
21.150000,0.000000000e+00,3.748749928e-01,0.000000000e+00,0.000000000e+00,7.203438931e-09,0.000000000e+00
21.160000,0.000000000e+00,3.748749929e-01,0.000000000e+00,0.000000000e+00,7.131763516e-09,0.000000000e+00
21.170000,0.000000000e+00,3.748749929e-01,0.000000000e+00,0.000000000e+00,7.060801283e-09,0.000000000e+00
21.180000,0.000000000e+00,3.748749930e-01,0.000000000e+00,0.000000000e+00,6.990545137e-09,0.000000000e+00
21.190000,0.000000000e+00,3.748749931e-01,0.000000000e+00,0.000000000e+00,6.920988050e-09,0.000000000e+00
21.200000,0.000000000e+00,3.748749931e-01,0.000000000e+00,0.000000000e+00,6.852123069e-09,0.000000000e+00
21.210000,0.000000000e+00,3.748749932e-01,0.000000000e+00,0.000000000e+00,6.783943305e-09,0.000000000e+00
21.220000,0.000000000e+00,3.748749933e-01,0.000000000e+00,0.000000000e+00,6.716441941e-09,0.000000000e+00
21.230000,0.000000000e+00,3.748749934e-01,0.000000000e+00,0.000000000e+00,6.649612227e-09,0.000000000e+00
21.240000,0.000000000e+00,3.748749934e-01,0.000000000e+00,0.000000000e+00,6.583447480e-09,0.000000000e+00
21.250000,0.000000000e+00,3.748749935e-01,0.000000000e+00,0.000000000e+00,6.517941083e-09,0.000000000e+00
21.260000,0.000000000e+00,3.748749935e-01,0.000000000e+00,0.000000000e+00,6.453086486e-09,0.000000000e+00
21.270000,0.000000000e+00,3.748749936e-01,0.000000000e+00,0.000000000e+00,6.388877202e-09,0.000000000e+00
21.280000,0.000000000e+00,3.748749937e-01,0.000000000e+00,0.000000000e+00,6.325306812e-09,0.000000000e+00
21.290000,0.000000000e+00,3.748749937e-01,0.000000000e+00,0.000000000e+00,6.262368958e-09,0.000000000e+00
21.300000,0.000000000e+00,3.748749938e-01,0.000000000e+00,0.000000000e+00,6.200057346e-09,0.000000000e+00
21.310000,0.000000000e+00,3.748749939e-01,0.000000000e+00,0.000000000e+00,6.138365744e-09,0.000000000e+00
21.320000,0.000000000e+00,3.748749939e-01,0.000000000e+00,0.000000000e+00,6.077287985e-09,0.000000000e+00
21.330000,0.000000000e+00,3.748749940e-01,0.000000000e+00,0.000000000e+00,6.016817959e-09,0.000000000e+00
21.340000,0.000000000e+00,3.748749940e-01,0.000000000e+00,0.000000000e+00,5.956949620e-09,0.000000000e+00
21.350000,0.000000000e+00,3.748749941e-01,0.000000000e+00,0.000000000e+00,5.897676981e-09,0.000000000e+00
21.360000,0.000000000e+00,3.748749942e-01,0.000000000e+00,0.000000000e+00,5.838994114e-09,0.000000000e+00
21.370000,0.000000000e+00,3.748749942e-01,0.000000000e+00,0.000000000e+00,5.780895152e-09,0.000000000e+00
21.380000,0.000000000e+00,3.748749943e-01,0.000000000e+00,0.000000000e+00,5.723374284e-09,0.000000000e+00
21.390000,0.000000000e+00,3.748749943e-01,0.000000000e+00,0.000000000e+00,5.666425759e-09,0.000000000e+00
21.400000,0.000000000e+00,3.748749944e-01,0.000000000e+00,0.000000000e+00,5.610043880e-09,0.000000000e+00
21.410000,0.000000000e+00,3.748749944e-01,0.000000000e+00,0.000000000e+00,5.554223011e-09,0.000000000e+00
21.420000,0.000000000e+00,3.748749945e-01,0.000000000e+00,0.000000000e+00,5.498957569e-09,0.000000000e+00
21.430000,0.000000000e+00,3.748749946e-01,0.000000000e+00,0.000000000e+00,5.444242027e-09,0.000000000e+00
21.440000,0.000000000e+00,3.748749946e-01,0.000000000e+00,0.000000000e+00,5.390070913e-09,0.000000000e+00
21.450000,0.000000000e+00,3.748749947e-01,0.000000000e+00,0.000000000e+00,5.336438812e-09,0.000000000e+00
21.460000,0.000000000e+00,3.748749947e-01,0.000000000e+00,0.000000000e+00,5.283340358e-09,0.000000000e+00
21.470000,0.000000000e+00,3.748749948e-01,0.000000000e+00,0.000000000e+00,5.230770243e-09,0.000000000e+00
21.480000,0.000000000e+00,3.748749948e-01,0.000000000e+00,0.000000000e+00,5.178723210e-09,0.000000000e+00
21.490000,0.000000000e+00,3.748749949e-01,0.000000000e+00,0.000000000e+00,5.127194053e-09,0.000000000e+00
21.500000,0.000000000e+00,3.748749949e-01,0.000000000e+00,0.000000000e+00,5.076177620e-09,0.000000000e+00
21.510000,0.000000000e+00,3.748749950e-01,0.000000000e+00,0.000000000e+00,5.025668808e-09,0.000000000e+00
21.520000,0.000000000e+00,3.748749950e-01,0.000000000e+00,0.000000000e+00,4.975662568e-09,0.000000000e+00
21.530000,0.000000000e+00,3.748749951e-01,0.000000000e+00,0.000000000e+00,4.926153899e-09,0.000000000e+00
21.540000,0.000000000e+00,3.748749951e-01,0.000000000e+00,0.000000000e+00,4.877137848e-09,0.000000000e+00
21.550000,0.000000000e+00,3.748749952e-01,0.000000000e+00,0.000000000e+00,4.828609516e-09,0.000000000e+00
21.560000,0.000000000e+00,3.748749952e-01,0.000000000e+00,0.000000000e+00,4.780564048e-09,0.000000000e+00
21.570000,0.000000000e+00,3.748749953e-01,0.000000000e+00,0.000000000e+00,4.732996641e-09,0.000000000e+00
21.580000,0.000000000e+00,3.748749953e-01,0.000000000e+00,0.000000000e+00,4.685902538e-09,0.000000000e+00
21.590000,0.000000000e+00,3.748749954e-01,0.000000000e+00,0.000000000e+00,4.639277029e-09,0.000000000e+00
21.600000,0.000000000e+00,3.748749954e-01,0.000000000e+00,0.000000000e+00,4.593115451e-09,0.000000000e+00
21.610000,0.000000000e+00,3.748749955e-01,0.000000000e+00,0.000000000e+00,4.547413189e-09,0.000000000e+00
21.620000,0.000000000e+00,3.748749955e-01,0.000000000e+00,0.000000000e+00,4.502165671e-09,0.000000000e+00
21.630000,0.000000000e+00,3.748749955e-01,0.000000000e+00,0.000000000e+00,4.457368374e-09,0.000000000e+00
21.640000,0.000000000e+00,3.748749956e-01,0.000000000e+00,0.000000000e+00,4.413016818e-09,0.000000000e+00
21.650000,0.000000000e+00,3.748749956e-01,0.000000000e+00,0.000000000e+00,4.369106567e-09,0.000000000e+00
21.660000,0.000000000e+00,3.748749957e-01,0.000000000e+00,0.000000000e+00,4.325633230e-09,0.000000000e+00
21.670000,0.000000000e+00,3.748749957e-01,0.000000000e+00,0.000000000e+00,4.282592461e-09,0.000000000e+00
21.680000,0.000000000e+00,3.748749958e-01,0.000000000e+00,0.000000000e+00,4.239979954e-09,0.000000000e+00
21.690000,0.000000000e+00,3.748749958e-01,0.000000000e+00,0.000000000e+00,4.197791448e-09,0.000000000e+00
21.700000,0.000000000e+00,3.748749958e-01,0.000000000e+00,0.000000000e+00,4.156022725e-09,0.000000000e+00
21.710000,0.000000000e+00,3.748749959e-01,0.000000000e+00,0.000000000e+00,4.114669608e-09,0.000000000e+00
21.720000,0.000000000e+00,3.748749959e-01,0.000000000e+00,0.000000000e+00,4.073727962e-09,0.000000000e+00
21.730000,0.000000000e+00,3.748749960e-01,0.000000000e+00,0.000000000e+00,4.033193691e-09,0.000000000e+00
21.740000,0.000000000e+00,3.748749960e-01,0.000000000e+00,0.000000000e+00,3.993062743e-09,0.000000000e+00
21.750000,0.000000000e+00,3.748749960e-01,0.000000000e+00,0.000000000e+00,3.953331105e-09,0.000000000e+00
21.760000,0.000000000e+00,3.748749961e-01,0.000000000e+00,0.000000000e+00,3.913994804e-09,0.000000000e+00
21.770000,0.000000000e+00,3.748749961e-01,0.000000000e+00,0.000000000e+00,3.875049905e-09,0.000000000e+00
21.780000,0.000000000e+00,3.748749962e-01,0.000000000e+00,0.000000000e+00,3.836492514e-09,0.000000000e+00
21.790000,0.000000000e+00,3.748749962e-01,0.000000000e+00,0.000000000e+00,3.798318775e-09,0.000000000e+00
21.800000,0.000000000e+00,3.748749962e-01,0.000000000e+00,0.000000000e+00,3.760524872e-09,0.000000000e+00
21.810000,0.000000000e+00,3.748749963e-01,0.000000000e+00,0.000000000e+00,3.723107025e-09,0.000000000e+00
21.820000,0.000000000e+00,3.748749963e-01,0.000000000e+00,0.000000000e+00,3.686061491e-09,0.000000000e+00
21.830000,0.000000000e+00,3.748749964e-01,0.000000000e+00,0.000000000e+00,3.649384566e-09,0.000000000e+00
21.840000,0.000000000e+00,3.748749964e-01,0.000000000e+00,0.000000000e+00,3.613072583e-09,0.000000000e+00
21.850000,0.000000000e+00,3.748749964e-01,0.000000000e+00,0.000000000e+00,3.577121910e-09,0.000000000e+00
21.860000,0.000000000e+00,3.748749965e-01,0.000000000e+00,0.000000000e+00,3.541528952e-09,0.000000000e+00
21.870000,0.000000000e+00,3.748749965e-01,0.000000000e+00,0.000000000e+00,3.506290150e-09,0.000000000e+00
21.880000,0.000000000e+00,3.748749965e-01,0.000000000e+00,0.000000000e+00,3.471401981e-09,0.000000000e+00
21.890000,0.000000000e+00,3.748749966e-01,0.000000000e+00,0.000000000e+00,3.436860954e-09,0.000000000e+00
21.900000,0.000000000e+00,3.748749966e-01,0.000000000e+00,0.000000000e+00,3.402663616e-09,0.000000000e+00
21.910000,0.000000000e+00,3.748749966e-01,0.000000000e+00,0.000000000e+00,3.368806547e-09,0.000000000e+00
21.920000,0.000000000e+00,3.748749967e-01,0.000000000e+00,0.000000000e+00,3.335286362e-09,0.000000000e+00
21.930000,0.000000000e+00,3.748749967e-01,0.000000000e+00,0.000000000e+00,3.302099708e-09,0.000000000e+00
21.940000,0.000000000e+00,3.748749967e-01,0.000000000e+00,0.000000000e+00,3.269243267e-09,0.000000000e+00
21.950000,0.000000000e+00,3.748749968e-01,0.000000000e+00,0.000000000e+00,3.236713753e-09,0.000000000e+00
21.960000,0.000000000e+00,3.748749968e-01,0.000000000e+00,0.000000000e+00,3.204507913e-09,0.000000000e+00
21.970000,0.000000000e+00,3.748749968e-01,0.000000000e+00,0.000000000e+00,3.172622527e-09,0.000000000e+00
21.980000,0.000000000e+00,3.748749969e-01,0.000000000e+00,0.000000000e+00,3.141054405e-09,0.000000000e+00
21.990000,0.000000000e+00,3.748749969e-01,0.000000000e+00,0.000000000e+00,3.109800392e-09,0.000000000e+00
22.000000,0.000000000e+00,3.748749969e-01,0.000000000e+00,0.000000000e+00,3.078857361e-09,0.000000000e+00
22.010000,0.000000000e+00,3.748749970e-01,0.000000000e+00,0.000000000e+00,3.048222218e-09,0.000000000e+00
22.020000,0.000000000e+00,3.748749970e-01,0.000000000e+00,0.000000000e+00,3.017891900e-09,0.000000000e+00
22.030000,0.000000000e+00,3.748749970e-01,0.000000000e+00,0.000000000e+00,2.987863374e-09,0.000000000e+00
22.040000,0.000000000e+00,3.748749970e-01,0.000000000e+00,0.000000000e+00,2.958133637e-09,0.000000000e+00
22.050000,0.000000000e+00,3.748749971e-01,0.000000000e+00,0.000000000e+00,2.928699715e-09,0.000000000e+00
22.060000,0.000000000e+00,3.748749971e-01,0.000000000e+00,0.000000000e+00,2.899558666e-09,0.000000000e+00
22.070000,0.000000000e+00,3.748749971e-01,0.000000000e+00,0.000000000e+00,2.870707575e-09,0.000000000e+00
22.080000,0.000000000e+00,3.748749972e-01,0.000000000e+00,0.000000000e+00,2.842143558e-09,0.000000000e+00
22.090000,0.000000000e+00,3.748749972e-01,0.000000000e+00,0.000000000e+00,2.813863757e-09,0.000000000e+00
22.100000,0.000000000e+00,3.748749972e-01,0.000000000e+00,0.000000000e+00,2.785865345e-09,0.000000000e+00
22.110000,0.000000000e+00,3.748749972e-01,0.000000000e+00,0.000000000e+00,2.758145521e-09,0.000000000e+00
22.120000,0.000000000e+00,3.748749973e-01,0.000000000e+00,0.000000000e+00,2.730701515e-09,0.000000000e+00
22.130000,0.000000000e+00,3.748749973e-01,0.000000000e+00,0.000000000e+00,2.703530581e-09,0.000000000e+00
22.140000,0.000000000e+00,3.748749973e-01,0.000000000e+00,0.000000000e+00,2.676630002e-09,0.000000000e+00
22.150000,0.000000000e+00,3.748749974e-01,0.000000000e+00,0.000000000e+00,2.649997089e-09,0.000000000e+00
22.160000,0.000000000e+00,3.748749974e-01,0.000000000e+00,0.000000000e+00,2.623629177e-09,0.000000000e+00
22.170000,0.000000000e+00,3.748749974e-01,0.000000000e+00,0.000000000e+00,2.597523631e-09,0.000000000e+00
22.180000,0.000000000e+00,3.748749974e-01,0.000000000e+00,0.000000000e+00,2.571677839e-09,0.000000000e+00
22.190000,0.000000000e+00,3.748749975e-01,0.000000000e+00,0.000000000e+00,2.546089217e-09,0.000000000e+00
22.200000,0.000000000e+00,3.748749975e-01,0.000000000e+00,0.000000000e+00,2.520755206e-09,0.000000000e+00
22.210000,0.000000000e+00,3.748749975e-01,0.000000000e+00,0.000000000e+00,2.495673272e-09,0.000000000e+00
22.220000,0.000000000e+00,3.748749975e-01,0.000000000e+00,0.000000000e+00,2.470840908e-09,0.000000000e+00
22.230000,0.000000000e+00,3.748749976e-01,0.000000000e+00,0.000000000e+00,2.446255630e-09,0.000000000e+00
22.240000,0.000000000e+00,3.748749976e-01,0.000000000e+00,0.000000000e+00,2.421914980e-09,0.000000000e+00
22.250000,0.000000000e+00,3.748749976e-01,0.000000000e+00,0.000000000e+00,2.397816523e-09,0.000000000e+00
22.260000,0.000000000e+00,3.748749976e-01,0.000000000e+00,0.000000000e+00,2.373957850e-09,0.000000000e+00
22.270000,0.000000000e+00,3.748749976e-01,0.000000000e+00,0.000000000e+00,2.350336575e-09,0.000000000e+00
22.280000,0.000000000e+00,3.748749977e-01,0.000000000e+00,0.000000000e+00,2.326950335e-09,0.000000000e+00
22.290000,0.000000000e+00,3.748749977e-01,0.000000000e+00,0.000000000e+00,2.303796793e-09,0.000000000e+00
22.300000,0.000000000e+00,3.748749977e-01,0.000000000e+00,0.000000000e+00,2.280873632e-09,0.000000000e+00
22.310000,0.000000000e+00,3.748749977e-01,0.000000000e+00,0.000000000e+00,2.258178560e-09,0.000000000e+00
22.320000,0.000000000e+00,3.748749978e-01,0.000000000e+00,0.000000000e+00,2.235709308e-09,0.000000000e+00
22.330000,0.000000000e+00,3.748749978e-01,0.000000000e+00,0.000000000e+00,2.213463628e-09,0.000000000e+00
22.340000,0.000000000e+00,3.748749978e-01,0.000000000e+00,0.000000000e+00,2.191439297e-09,0.000000000e+00
22.350000,0.000000000e+00,3.748749978e-01,0.000000000e+00,0.000000000e+00,2.169634112e-09,0.000000000e+00
22.360000,0.000000000e+00,3.748749979e-01,0.000000000e+00,0.000000000e+00,2.148045892e-09,0.000000000e+00
22.370000,0.000000000e+00,3.748749979e-01,0.000000000e+00,0.000000000e+00,2.126672478e-09,0.000000000e+00
22.380000,0.000000000e+00,3.748749979e-01,0.000000000e+00,0.000000000e+00,2.105511733e-09,0.000000000e+00
22.390000,0.000000000e+00,3.748749979e-01,0.000000000e+00,0.000000000e+00,2.084561542e-09,0.000000000e+00
22.400000,0.000000000e+00,3.748749979e-01,0.000000000e+00,0.000000000e+00,2.063819808e-09,0.000000000e+00
22.410000,0.000000000e+00,3.748749980e-01,0.000000000e+00,0.000000000e+00,2.043284458e-09,0.000000000e+00
22.420000,0.000000000e+00,3.748749980e-01,0.000000000e+00,0.000000000e+00,2.022953438e-09,0.000000000e+00
22.430000,0.000000000e+00,3.748749980e-01,0.000000000e+00,0.000000000e+00,2.002824715e-09,0.000000000e+00
22.440000,0.000000000e+00,3.748749980e-01,0.000000000e+00,0.000000000e+00,1.982896276e-09,0.000000000e+00
22.450000,0.000000000e+00,3.748749980e-01,0.000000000e+00,0.000000000e+00,1.963166128e-09,0.000000000e+00
22.460000,0.000000000e+00,3.748749981e-01,0.000000000e+00,0.000000000e+00,1.943632299e-09,0.000000000e+00
22.470000,0.000000000e+00,3.748749981e-01,0.000000000e+00,0.000000000e+00,1.924292834e-09,0.000000000e+00
22.480000,0.000000000e+00,3.748749981e-01,0.000000000e+00,0.000000000e+00,1.905145801e-09,0.000000000e+00
22.490000,0.000000000e+00,3.748749981e-01,0.000000000e+00,0.000000000e+00,1.886189283e-09,0.000000000e+00
22.500000,0.000000000e+00,3.748749981e-01,0.000000000e+00,0.000000000e+00,1.867421386e-09,0.000000000e+00
22.510000,0.000000000e+00,3.748749982e-01,0.000000000e+00,0.000000000e+00,1.848840233e-09,0.000000000e+00
22.520000,0.000000000e+00,3.748749982e-01,0.000000000e+00,0.000000000e+00,1.830443965e-09,0.000000000e+00
22.530000,0.000000000e+00,3.748749982e-01,0.000000000e+00,0.000000000e+00,1.812230743e-09,0.000000000e+00
22.540000,0.000000000e+00,3.748749982e-01,0.000000000e+00,0.000000000e+00,1.794198746e-09,0.000000000e+00
22.550000,0.000000000e+00,3.748749982e-01,0.000000000e+00,0.000000000e+00,1.776346170e-09,0.000000000e+00
22.560000,0.000000000e+00,3.748749982e-01,0.000000000e+00,0.000000000e+00,1.758671231e-09,0.000000000e+00
22.570000,0.000000000e+00,3.748749983e-01,0.000000000e+00,0.000000000e+00,1.741172160e-09,0.000000000e+00
22.580000,0.000000000e+00,3.748749983e-01,0.000000000e+00,0.000000000e+00,1.723847207e-09,0.000000000e+00
22.590000,0.000000000e+00,3.748749983e-01,0.000000000e+00,0.000000000e+00,1.706694641e-09,0.000000000e+00
22.600000,0.000000000e+00,3.748749983e-01,0.000000000e+00,0.000000000e+00,1.689712745e-09,0.000000000e+00
22.610000,0.000000000e+00,3.748749983e-01,0.000000000e+00,0.000000000e+00,1.672899823e-09,0.000000000e+00
22.620000,0.000000000e+00,3.748749983e-01,0.000000000e+00,0.000000000e+00,1.656254191e-09,0.000000000e+00
22.630000,0.000000000e+00,3.748749984e-01,0.000000000e+00,0.000000000e+00,1.639774187e-09,0.000000000e+00
22.640000,0.000000000e+00,3.748749984e-01,0.000000000e+00,0.000000000e+00,1.623458161e-09,0.000000000e+00
22.650000,0.000000000e+00,3.748749984e-01,0.000000000e+00,0.000000000e+00,1.607304482e-09,0.000000000e+00
22.660000,0.000000000e+00,3.748749984e-01,0.000000000e+00,0.000000000e+00,1.591311536e-09,0.000000000e+00
22.670000,0.000000000e+00,3.748749984e-01,0.000000000e+00,0.000000000e+00,1.575477721e-09,0.000000000e+00
22.680000,0.000000000e+00,3.748749984e-01,0.000000000e+00,0.000000000e+00,1.559801456e-09,0.000000000e+00
22.690000,0.000000000e+00,3.748749985e-01,0.000000000e+00,0.000000000e+00,1.544281172e-09,0.000000000e+00
22.700000,0.000000000e+00,3.748749985e-01,0.000000000e+00,0.000000000e+00,1.528915318e-09,0.000000000e+00
22.710000,0.000000000e+00,3.748749985e-01,0.000000000e+00,0.000000000e+00,1.513702356e-09,0.000000000e+00
22.720000,0.000000000e+00,3.748749985e-01,0.000000000e+00,0.000000000e+00,1.498640766e-09,0.000000000e+00
22.730000,0.000000000e+00,3.748749985e-01,0.000000000e+00,0.000000000e+00,1.483729041e-09,0.000000000e+00
22.740000,0.000000000e+00,3.748749985e-01,0.000000000e+00,0.000000000e+00,1.468965691e-09,0.000000000e+00
22.750000,0.000000000e+00,3.748749985e-01,0.000000000e+00,0.000000000e+00,1.454349238e-09,0.000000000e+00
22.760000,0.000000000e+00,3.748749986e-01,0.000000000e+00,0.000000000e+00,1.439878221e-09,0.000000000e+00
22.770000,0.000000000e+00,3.748749986e-01,0.000000000e+00,0.000000000e+00,1.425551194e-09,0.000000000e+00
22.780000,0.000000000e+00,3.748749986e-01,0.000000000e+00,0.000000000e+00,1.411366722e-09,0.000000000e+00
22.790000,0.000000000e+00,3.748749986e-01,0.000000000e+00,0.000000000e+00,1.397323389e-09,0.000000000e+00
22.800000,0.000000000e+00,3.748749986e-01,0.000000000e+00,0.000000000e+00,1.383419789e-09,0.000000000e+00
22.810000,0.000000000e+00,3.748749986e-01,0.000000000e+00,0.000000000e+00,1.369654532e-09,0.000000000e+00
22.820000,0.000000000e+00,3.748749986e-01,0.000000000e+00,0.000000000e+00,1.356026241e-09,0.000000000e+00
22.830000,0.000000000e+00,3.748749987e-01,0.000000000e+00,0.000000000e+00,1.342533555e-09,0.000000000e+00
22.840000,0.000000000e+00,3.748749987e-01,0.000000000e+00,0.000000000e+00,1.329175123e-09,0.000000000e+00
22.850000,0.000000000e+00,3.748749987e-01,0.000000000e+00,0.000000000e+00,1.315949609e-09,0.000000000e+00
22.860000,0.000000000e+00,3.748749987e-01,0.000000000e+00,0.000000000e+00,1.302855692e-09,0.000000000e+00
22.870000,0.000000000e+00,3.748749987e-01,0.000000000e+00,0.000000000e+00,1.289892061e-09,0.000000000e+00
22.880000,0.000000000e+00,3.748749987e-01,0.000000000e+00,0.000000000e+00,1.277057421e-09,0.000000000e+00
22.890000,0.000000000e+00,3.748749987e-01,0.000000000e+00,0.000000000e+00,1.264350487e-09,0.000000000e+00
22.900000,0.000000000e+00,3.748749987e-01,0.000000000e+00,0.000000000e+00,1.251769990e-09,0.000000000e+00
22.910000,0.000000000e+00,3.748749988e-01,0.000000000e+00,0.000000000e+00,1.239314670e-09,0.000000000e+00
22.920000,0.000000000e+00,3.748749988e-01,0.000000000e+00,0.000000000e+00,1.226983283e-09,0.000000000e+00
22.930000,0.000000000e+00,3.748749988e-01,0.000000000e+00,0.000000000e+00,1.214774595e-09,0.000000000e+00
22.940000,0.000000000e+00,3.748749988e-01,0.000000000e+00,0.000000000e+00,1.202687386e-09,0.000000000e+00
22.950000,0.000000000e+00,3.748749988e-01,0.000000000e+00,0.000000000e+00,1.190720447e-09,0.000000000e+00
22.960000,0.000000000e+00,3.748749988e-01,0.000000000e+00,0.000000000e+00,1.178872580e-09,0.000000000e+00
22.970000,0.000000000e+00,3.748749988e-01,0.000000000e+00,0.000000000e+00,1.167142602e-09,0.000000000e+00
22.980000,0.000000000e+00,3.748749988e-01,0.000000000e+00,0.000000000e+00,1.155529339e-09,0.000000000e+00
22.990000,0.000000000e+00,3.748749989e-01,0.000000000e+00,0.000000000e+00,1.144031630e-09,0.000000000e+00
23.000000,0.000000000e+00,3.748749989e-01,0.000000000e+00,0.000000000e+00,1.132648325e-09,0.000000000e+00
23.010000,0.000000000e+00,3.748749989e-01,0.000000000e+00,0.000000000e+00,1.121378286e-09,0.000000000e+00
23.020000,0.000000000e+00,3.748749989e-01,0.000000000e+00,0.000000000e+00,1.110220386e-09,0.000000000e+00
23.030000,0.000000000e+00,3.748749989e-01,0.000000000e+00,0.000000000e+00,1.099173508e-09,0.000000000e+00
23.040000,0.000000000e+00,3.748749989e-01,0.000000000e+00,0.000000000e+00,1.088236549e-09,0.000000000e+00
23.050000,0.000000000e+00,3.748749989e-01,0.000000000e+00,0.000000000e+00,1.077408415e-09,0.000000000e+00
23.060000,0.000000000e+00,3.748749989e-01,0.000000000e+00,0.000000000e+00,1.066688022e-09,0.000000000e+00
23.070000,0.000000000e+00,3.748749989e-01,0.000000000e+00,0.000000000e+00,1.056074299e-09,0.000000000e+00
23.080000,0.000000000e+00,3.748749990e-01,0.000000000e+00,0.000000000e+00,1.045566184e-09,0.000000000e+00
23.090000,0.000000000e+00,3.748749990e-01,0.000000000e+00,0.000000000e+00,1.035162627e-09,0.000000000e+00
23.100000,0.000000000e+00,3.748749990e-01,0.000000000e+00,0.000000000e+00,1.024862586e-09,0.000000000e+00
23.110000,0.000000000e+00,3.748749990e-01,0.000000000e+00,0.000000000e+00,1.014665033e-09,0.000000000e+00
23.120000,0.000000000e+00,3.748749990e-01,0.000000000e+00,0.000000000e+00,1.004568947e-09,0.000000000e+00
23.130000,0.000000000e+00,3.748749990e-01,0.000000000e+00,0.000000000e+00,9.945733194e-10,0.000000000e+00
23.140000,0.000000000e+00,3.748749990e-01,0.000000000e+00,0.000000000e+00,9.846771495e-10,0.000000000e+00
23.150000,0.000000000e+00,3.748749990e-01,0.000000000e+00,0.000000000e+00,9.748794481e-10,0.000000000e+00
23.160000,0.000000000e+00,3.748749990e-01,0.000000000e+00,0.000000000e+00,9.651792356e-10,0.000000000e+00
23.170000,0.000000000e+00,3.748749990e-01,0.000000000e+00,0.000000000e+00,9.555755417e-10,0.000000000e+00
23.180000,0.000000000e+00,3.748749991e-01,0.000000000e+00,0.000000000e+00,9.460674062e-10,0.000000000e+00
23.190000,0.000000000e+00,3.748749991e-01,0.000000000e+00,0.000000000e+00,9.366538782e-10,0.000000000e+00
23.200000,0.000000000e+00,3.748749991e-01,0.000000000e+00,0.000000000e+00,9.273340164e-10,0.000000000e+00
23.210000,0.000000000e+00,3.748749991e-01,0.000000000e+00,0.000000000e+00,9.181068888e-10,0.000000000e+00
23.220000,0.000000000e+00,3.748749991e-01,0.000000000e+00,0.000000000e+00,9.089715726e-10,0.000000000e+00
23.230000,0.000000000e+00,3.748749991e-01,0.000000000e+00,0.000000000e+00,8.999271543e-10,0.000000000e+00
23.240000,0.000000000e+00,3.748749991e-01,0.000000000e+00,0.000000000e+00,8.909727295e-10,0.000000000e+00
23.250000,0.000000000e+00,3.748749991e-01,0.000000000e+00,0.000000000e+00,8.821074028e-10,0.000000000e+00
23.260000,0.000000000e+00,3.748749991e-01,0.000000000e+00,0.000000000e+00,8.733302875e-10,0.000000000e+00
23.270000,0.000000000e+00,3.748749991e-01,0.000000000e+00,0.000000000e+00,8.646405059e-10,0.000000000e+00
23.280000,0.000000000e+00,3.748749991e-01,0.000000000e+00,0.000000000e+00,8.560371891e-10,0.000000000e+00
23.290000,0.000000000e+00,3.748749992e-01,0.000000000e+00,0.000000000e+00,8.475194768e-10,0.000000000e+00
23.300000,0.000000000e+00,3.748749992e-01,0.000000000e+00,0.000000000e+00,8.390865171e-10,0.000000000e+00
23.310000,0.000000000e+00,3.748749992e-01,0.000000000e+00,0.000000000e+00,8.307374667e-10,0.000000000e+00
23.320000,0.000000000e+00,3.748749992e-01,0.000000000e+00,0.000000000e+00,8.224714908e-10,0.000000000e+00
23.330000,0.000000000e+00,3.748749992e-01,0.000000000e+00,0.000000000e+00,8.142877628e-10,0.000000000e+00
23.340000,0.000000000e+00,3.748749992e-01,0.000000000e+00,0.000000000e+00,8.061854641e-10,0.000000000e+00
23.350000,0.000000000e+00,3.748749992e-01,0.000000000e+00,0.000000000e+00,7.981637848e-10,0.000000000e+00
23.360000,0.000000000e+00,3.748749992e-01,0.000000000e+00,0.000000000e+00,7.902219224e-10,0.000000000e+00
23.370000,0.000000000e+00,3.748749992e-01,0.000000000e+00,0.000000000e+00,7.823590829e-10,0.000000000e+00
23.380000,0.000000000e+00,3.748749992e-01,0.000000000e+00,0.000000000e+00,7.745744800e-10,0.000000000e+00
23.390000,0.000000000e+00,3.748749992e-01,0.000000000e+00,0.000000000e+00,7.668673351e-10,0.000000000e+00
23.400000,0.000000000e+00,3.748749992e-01,0.000000000e+00,0.000000000e+00,7.592368776e-10,0.000000000e+00
23.410000,0.000000000e+00,3.748749992e-01,0.000000000e+00,0.000000000e+00,7.516823445e-10,0.000000000e+00
23.420000,0.000000000e+00,3.748749993e-01,0.000000000e+00,0.000000000e+00,7.442029802e-10,0.000000000e+00
23.430000,0.000000000e+00,3.748749993e-01,0.000000000e+00,0.000000000e+00,7.367980368e-10,0.000000000e+00
23.440000,0.000000000e+00,3.748749993e-01,0.000000000e+00,0.000000000e+00,7.294667738e-10,0.000000000e+00
23.450000,0.000000000e+00,3.748749993e-01,0.000000000e+00,0.000000000e+00,7.222084582e-10,0.000000000e+00
23.460000,0.000000000e+00,3.748749993e-01,0.000000000e+00,0.000000000e+00,7.150223639e-10,0.000000000e+00
23.470000,0.000000000e+00,3.748749993e-01,0.000000000e+00,0.000000000e+00,7.079077726e-10,0.000000000e+00
23.480000,0.000000000e+00,3.748749993e-01,0.000000000e+00,0.000000000e+00,7.008639725e-10,0.000000000e+00
23.490000,0.000000000e+00,3.748749993e-01,0.000000000e+00,0.000000000e+00,6.938902595e-10,0.000000000e+00
23.500000,0.000000000e+00,3.748749993e-01,0.000000000e+00,0.000000000e+00,6.869859360e-10,0.000000000e+00
23.510000,0.000000000e+00,3.748749993e-01,0.000000000e+00,0.000000000e+00,6.801503118e-10,0.000000000e+00
23.520000,0.000000000e+00,3.748749993e-01,0.000000000e+00,0.000000000e+00,6.733827031e-10,0.000000000e+00
23.530000,0.000000000e+00,3.748749993e-01,0.000000000e+00,0.000000000e+00,6.666824332e-10,0.000000000e+00
23.540000,0.000000000e+00,3.748749993e-01,0.000000000e+00,0.000000000e+00,6.600488322e-10,0.000000000e+00
23.550000,0.000000000e+00,3.748749993e-01,0.000000000e+00,0.000000000e+00,6.534812366e-10,0.000000000e+00
23.560000,0.000000000e+00,3.748749994e-01,0.000000000e+00,0.000000000e+00,6.469789896e-10,0.000000000e+00
23.570000,0.000000000e+00,3.748749994e-01,0.000000000e+00,0.000000000e+00,6.405414411e-10,0.000000000e+00
23.580000,0.000000000e+00,3.748749994e-01,0.000000000e+00,0.000000000e+00,6.341679473e-10,0.000000000e+00
23.590000,0.000000000e+00,3.748749994e-01,0.000000000e+00,0.000000000e+00,6.278578708e-10,0.000000000e+00
23.600000,0.000000000e+00,3.748749994e-01,0.000000000e+00,0.000000000e+00,6.216105806e-10,0.000000000e+00
23.610000,0.000000000e+00,3.748749994e-01,0.000000000e+00,0.000000000e+00,6.154254520e-10,0.000000000e+00
23.620000,0.000000000e+00,3.748749994e-01,0.000000000e+00,0.000000000e+00,6.093018664e-10,0.000000000e+00
23.630000,0.000000000e+00,3.748749994e-01,0.000000000e+00,0.000000000e+00,6.032392115e-10,0.000000000e+00
23.640000,0.000000000e+00,3.748749994e-01,0.000000000e+00,0.000000000e+00,5.972368811e-10,0.000000000e+00
23.650000,0.000000000e+00,3.748749994e-01,0.000000000e+00,0.000000000e+00,5.912942748e-10,0.000000000e+00
23.660000,0.000000000e+00,3.748749994e-01,0.000000000e+00,0.000000000e+00,5.854107985e-10,0.000000000e+00
23.670000,0.000000000e+00,3.748749994e-01,0.000000000e+00,0.000000000e+00,5.795858637e-10,0.000000000e+00
23.680000,0.000000000e+00,3.748749994e-01,0.000000000e+00,0.000000000e+00,5.738188880e-10,0.000000000e+00
23.690000,0.000000000e+00,3.748749994e-01,0.000000000e+00,0.000000000e+00,5.681092947e-10,0.000000000e+00
23.700000,0.000000000e+00,3.748749994e-01,0.000000000e+00,0.000000000e+00,5.624565128e-10,0.000000000e+00
23.710000,0.000000000e+00,3.748749994e-01,0.000000000e+00,0.000000000e+00,5.568599770e-10,0.000000000e+00
23.720000,0.000000000e+00,3.748749994e-01,0.000000000e+00,0.000000000e+00,5.513191276e-10,0.000000000e+00
23.730000,0.000000000e+00,3.748749995e-01,0.000000000e+00,0.000000000e+00,5.458334106e-10,0.000000000e+00
23.740000,0.000000000e+00,3.748749995e-01,0.000000000e+00,0.000000000e+00,5.404022775e-10,0.000000000e+00
23.750000,0.000000000e+00,3.748749995e-01,0.000000000e+00,0.000000000e+00,5.350251850e-10,0.000000000e+00
23.760000,0.000000000e+00,3.748749995e-01,0.000000000e+00,0.000000000e+00,5.297015954e-10,0.000000000e+00
23.770000,0.000000000e+00,3.748749995e-01,0.000000000e+00,0.000000000e+00,5.244309765e-10,0.000000000e+00
23.780000,0.000000000e+00,3.748749995e-01,0.000000000e+00,0.000000000e+00,5.192128011e-10,0.000000000e+00
23.790000,0.000000000e+00,3.748749995e-01,0.000000000e+00,0.000000000e+00,5.140465474e-10,0.000000000e+00
23.800000,0.000000000e+00,3.748749995e-01,0.000000000e+00,0.000000000e+00,5.089316988e-10,0.000000000e+00
23.810000,0.000000000e+00,3.748749995e-01,0.000000000e+00,0.000000000e+00,5.038677438e-10,0.000000000e+00
23.820000,0.000000000e+00,3.748749995e-01,0.000000000e+00,0.000000000e+00,4.988541760e-10,0.000000000e+00
23.830000,0.000000000e+00,3.748749995e-01,0.000000000e+00,0.000000000e+00,4.938904940e-10,0.000000000e+00
23.840000,0.000000000e+00,3.748749995e-01,0.000000000e+00,0.000000000e+00,4.889762014e-10,0.000000000e+00
23.850000,0.000000000e+00,3.748749995e-01,0.000000000e+00,0.000000000e+00,4.841108069e-10,0.000000000e+00
23.860000,0.000000000e+00,3.748749995e-01,0.000000000e+00,0.000000000e+00,4.792938239e-10,0.000000000e+00
23.870000,0.000000000e+00,3.748749995e-01,0.000000000e+00,0.000000000e+00,4.745247707e-10,0.000000000e+00
23.880000,0.000000000e+00,3.748749995e-01,0.000000000e+00,0.000000000e+00,4.698031703e-10,0.000000000e+00
23.890000,0.000000000e+00,3.748749995e-01,0.000000000e+00,0.000000000e+00,4.651285507e-10,0.000000000e+00
23.900000,0.000000000e+00,3.748749995e-01,0.000000000e+00,0.000000000e+00,4.605004443e-10,0.000000000e+00
23.910000,0.000000000e+00,3.748749995e-01,0.000000000e+00,0.000000000e+00,4.559183883e-10,0.000000000e+00
23.920000,0.000000000e+00,3.748749995e-01,0.000000000e+00,0.000000000e+00,4.513819245e-10,0.000000000e+00
23.930000,0.000000000e+00,3.748749996e-01,0.000000000e+00,0.000000000e+00,4.468905994e-10,0.000000000e+00
23.940000,0.000000000e+00,3.748749996e-01,0.000000000e+00,0.000000000e+00,4.424439636e-10,0.000000000e+00
23.950000,0.000000000e+00,3.748749996e-01,0.000000000e+00,0.000000000e+00,4.380415726e-10,0.000000000e+00
23.960000,0.000000000e+00,3.748749996e-01,0.000000000e+00,0.000000000e+00,4.336829861e-10,0.000000000e+00
23.970000,0.000000000e+00,3.748749996e-01,0.000000000e+00,0.000000000e+00,4.293677683e-10,0.000000000e+00
23.980000,0.000000000e+00,3.748749996e-01,0.000000000e+00,0.000000000e+00,4.250954876e-10,0.000000000e+00
23.990000,0.000000000e+00,3.748749996e-01,0.000000000e+00,0.000000000e+00,4.208657169e-10,0.000000000e+00
24.000000,0.000000000e+00,3.748749996e-01,0.000000000e+00,0.000000000e+00,4.166780330e-10,0.000000000e+00
24.010000,0.000000000e+00,3.748749996e-01,0.000000000e+00,0.000000000e+00,4.125320173e-10,0.000000000e+00
24.020000,0.000000000e+00,3.748749996e-01,0.000000000e+00,0.000000000e+00,4.084272552e-10,0.000000000e+00
24.030000,0.000000000e+00,3.748749996e-01,0.000000000e+00,0.000000000e+00,4.043633361e-10,0.000000000e+00
24.040000,0.000000000e+00,3.748749996e-01,0.000000000e+00,0.000000000e+00,4.003398537e-10,0.000000000e+00
24.050000,0.000000000e+00,3.748749996e-01,0.000000000e+00,0.000000000e+00,3.963564056e-10,0.000000000e+00
24.060000,0.000000000e+00,3.748749996e-01,0.000000000e+00,0.000000000e+00,3.924125934e-10,0.000000000e+00
24.070000,0.000000000e+00,3.748749996e-01,0.000000000e+00,0.000000000e+00,3.885080229e-10,0.000000000e+00
24.080000,0.000000000e+00,3.748749996e-01,0.000000000e+00,0.000000000e+00,3.846423035e-10,0.000000000e+00
24.090000,0.000000000e+00,3.748749996e-01,0.000000000e+00,0.000000000e+00,3.808150486e-10,0.000000000e+00
24.100000,0.000000000e+00,3.748749996e-01,0.000000000e+00,0.000000000e+00,3.770258756e-10,0.000000000e+00
24.110000,0.000000000e+00,3.748749996e-01,0.000000000e+00,0.000000000e+00,3.732744054e-10,0.000000000e+00
24.120000,0.000000000e+00,3.748749996e-01,0.000000000e+00,0.000000000e+00,3.695602630e-10,0.000000000e+00
24.130000,0.000000000e+00,3.748749996e-01,0.000000000e+00,0.000000000e+00,3.658830770e-10,0.000000000e+00
24.140000,0.000000000e+00,3.748749996e-01,0.000000000e+00,0.000000000e+00,3.622424795e-10,0.000000000e+00
24.150000,0.000000000e+00,3.748749996e-01,0.000000000e+00,0.000000000e+00,3.586381066e-10,0.000000000e+00
24.160000,0.000000000e+00,3.748749996e-01,0.000000000e+00,0.000000000e+00,3.550695978e-10,0.000000000e+00
24.170000,0.000000000e+00,3.748749996e-01,0.000000000e+00,0.000000000e+00,3.515365963e-10,0.000000000e+00
24.180000,0.000000000e+00,3.748749997e-01,0.000000000e+00,0.000000000e+00,3.480387487e-10,0.000000000e+00
24.190000,0.000000000e+00,3.748749997e-01,0.000000000e+00,0.000000000e+00,3.445757053e-10,0.000000000e+00
24.200000,0.000000000e+00,3.748749997e-01,0.000000000e+00,0.000000000e+00,3.411471198e-10,0.000000000e+00
24.210000,0.000000000e+00,3.748749997e-01,0.000000000e+00,0.000000000e+00,3.377526492e-10,0.000000000e+00
24.220000,0.000000000e+00,3.748749997e-01,0.000000000e+00,0.000000000e+00,3.343919542e-10,0.000000000e+00
24.230000,0.000000000e+00,3.748749997e-01,0.000000000e+00,0.000000000e+00,3.310646987e-10,0.000000000e+00
24.240000,0.000000000e+00,3.748749997e-01,0.000000000e+00,0.000000000e+00,3.277705499e-10,0.000000000e+00
24.250000,0.000000000e+00,3.748749997e-01,0.000000000e+00,0.000000000e+00,3.245091784e-10,0.000000000e+00
24.260000,0.000000000e+00,3.748749997e-01,0.000000000e+00,0.000000000e+00,3.212802581e-10,0.000000000e+00
24.270000,0.000000000e+00,3.748749997e-01,0.000000000e+00,0.000000000e+00,3.180834662e-10,0.000000000e+00
24.280000,0.000000000e+00,3.748749997e-01,0.000000000e+00,0.000000000e+00,3.149184828e-10,0.000000000e+00
24.290000,0.000000000e+00,3.748749997e-01,0.000000000e+00,0.000000000e+00,3.117849915e-10,0.000000000e+00
24.300000,0.000000000e+00,3.748749997e-01,0.000000000e+00,0.000000000e+00,3.086826790e-10,0.000000000e+00
24.310000,0.000000000e+00,3.748749997e-01,0.000000000e+00,0.000000000e+00,3.056112350e-10,0.000000000e+00
24.320000,0.000000000e+00,3.748749997e-01,0.000000000e+00,0.000000000e+00,3.025703525e-10,0.000000000e+00
24.330000,0.000000000e+00,3.748749997e-01,0.000000000e+00,0.000000000e+00,2.995597271e-10,0.000000000e+00
24.340000,0.000000000e+00,3.748749997e-01,0.000000000e+00,0.000000000e+00,2.965790581e-10,0.000000000e+00
24.350000,0.000000000e+00,3.748749997e-01,0.000000000e+00,0.000000000e+00,2.936280471e-10,0.000000000e+00
24.360000,0.000000000e+00,3.748749997e-01,0.000000000e+00,0.000000000e+00,2.907063992e-10,0.000000000e+00
24.370000,0.000000000e+00,3.748749997e-01,0.000000000e+00,0.000000000e+00,2.878138222e-10,0.000000000e+00
24.380000,0.000000000e+00,3.748749997e-01,0.000000000e+00,0.000000000e+00,2.849500269e-10,0.000000000e+00
24.390000,0.000000000e+00,3.748749997e-01,0.000000000e+00,0.000000000e+00,2.821147267e-10,0.000000000e+00
24.400000,0.000000000e+00,3.748749997e-01,0.000000000e+00,0.000000000e+00,2.793076383e-10,0.000000000e+00
24.410000,0.000000000e+00,3.748749997e-01,0.000000000e+00,0.000000000e+00,2.765284808e-10,0.000000000e+00
24.420000,0.000000000e+00,3.748749997e-01,0.000000000e+00,0.000000000e+00,2.737769765e-10,0.000000000e+00
24.430000,0.000000000e+00,3.748749997e-01,0.000000000e+00,0.000000000e+00,2.710528501e-10,0.000000000e+00
24.440000,0.000000000e+00,3.748749997e-01,0.000000000e+00,0.000000000e+00,2.683558291e-10,0.000000000e+00
24.450000,0.000000000e+00,3.748749997e-01,0.000000000e+00,0.000000000e+00,2.656856440e-10,0.000000000e+00
24.460000,0.000000000e+00,3.748749997e-01,0.000000000e+00,0.000000000e+00,2.630420277e-10,0.000000000e+00
24.470000,0.000000000e+00,3.748749997e-01,0.000000000e+00,0.000000000e+00,2.604247158e-10,0.000000000e+00
24.480000,0.000000000e+00,3.748749997e-01,0.000000000e+00,0.000000000e+00,2.578334466e-10,0.000000000e+00
24.490000,0.000000000e+00,3.748749997e-01,0.000000000e+00,0.000000000e+00,2.552679609e-10,0.000000000e+00
24.500000,0.000000000e+00,3.748749997e-01,0.000000000e+00,0.000000000e+00,2.527280023e-10,0.000000000e+00
24.510000,0.000000000e+00,3.748749997e-01,0.000000000e+00,0.000000000e+00,2.502133166e-10,0.000000000e+00
24.520000,0.000000000e+00,3.748749998e-01,0.000000000e+00,0.000000000e+00,2.477236525e-10,0.000000000e+00
24.530000,0.000000000e+00,3.748749998e-01,0.000000000e+00,0.000000000e+00,2.452587610e-10,0.000000000e+00
24.540000,0.000000000e+00,3.748749998e-01,0.000000000e+00,0.000000000e+00,2.428183956e-10,0.000000000e+00
24.550000,0.000000000e+00,3.748749998e-01,0.000000000e+00,0.000000000e+00,2.404023121e-10,0.000000000e+00
24.560000,0.000000000e+00,3.748749998e-01,0.000000000e+00,0.000000000e+00,2.380102692e-10,0.000000000e+00
24.570000,0.000000000e+00,3.748749998e-01,0.000000000e+00,0.000000000e+00,2.356420274e-10,0.000000000e+00
24.580000,0.000000000e+00,3.748749998e-01,0.000000000e+00,0.000000000e+00,2.332973501e-10,0.000000000e+00
24.590000,0.000000000e+00,3.748749998e-01,0.000000000e+00,0.000000000e+00,2.309760027e-10,0.000000000e+00
24.600000,0.000000000e+00,3.748749998e-01,0.000000000e+00,0.000000000e+00,2.286777530e-10,0.000000000e+00
24.610000,0.000000000e+00,3.748749998e-01,0.000000000e+00,0.000000000e+00,2.264023714e-10,0.000000000e+00
24.620000,0.000000000e+00,3.748749998e-01,0.000000000e+00,0.000000000e+00,2.241496301e-10,0.000000000e+00
24.630000,0.000000000e+00,3.748749998e-01,0.000000000e+00,0.000000000e+00,2.219193041e-10,0.000000000e+00
24.640000,0.000000000e+00,3.748749998e-01,0.000000000e+00,0.000000000e+00,2.197111701e-10,0.000000000e+00
24.650000,0.000000000e+00,3.748749998e-01,0.000000000e+00,0.000000000e+00,2.175250074e-10,0.000000000e+00
24.660000,0.000000000e+00,3.748749998e-01,0.000000000e+00,0.000000000e+00,2.153605974e-10,0.000000000e+00
24.670000,0.000000000e+00,3.748749998e-01,0.000000000e+00,0.000000000e+00,2.132177237e-10,0.000000000e+00
24.680000,0.000000000e+00,3.748749998e-01,0.000000000e+00,0.000000000e+00,2.110961719e-10,0.000000000e+00
24.690000,0.000000000e+00,3.748749998e-01,0.000000000e+00,0.000000000e+00,2.089957299e-10,0.000000000e+00
24.700000,0.000000000e+00,3.748749998e-01,0.000000000e+00,0.000000000e+00,2.069161876e-10,0.000000000e+00
24.710000,0.000000000e+00,3.748749998e-01,0.000000000e+00,0.000000000e+00,2.048573372e-10,0.000000000e+00
24.720000,0.000000000e+00,3.748749998e-01,0.000000000e+00,0.000000000e+00,2.028189726e-10,0.000000000e+00
24.730000,0.000000000e+00,3.748749998e-01,0.000000000e+00,0.000000000e+00,2.008008901e-10,0.000000000e+00
24.740000,0.000000000e+00,3.748749998e-01,0.000000000e+00,0.000000000e+00,1.988028879e-10,0.000000000e+00
24.750000,0.000000000e+00,3.748749998e-01,0.000000000e+00,0.000000000e+00,1.968247661e-10,0.000000000e+00
24.760000,0.000000000e+00,3.748749998e-01,0.000000000e+00,0.000000000e+00,1.948663269e-10,0.000000000e+00
24.770000,0.000000000e+00,3.748749998e-01,0.000000000e+00,0.000000000e+00,1.929273746e-10,0.000000000e+00
24.780000,0.000000000e+00,3.748749998e-01,0.000000000e+00,0.000000000e+00,1.910077151e-10,0.000000000e+00
24.790000,0.000000000e+00,3.748749998e-01,0.000000000e+00,0.000000000e+00,1.891071566e-10,0.000000000e+00
24.800000,0.000000000e+00,3.748749998e-01,0.000000000e+00,0.000000000e+00,1.872255090e-10,0.000000000e+00
24.810000,0.000000000e+00,3.748749998e-01,0.000000000e+00,0.000000000e+00,1.853625840e-10,0.000000000e+00
24.820000,0.000000000e+00,3.748749998e-01,0.000000000e+00,0.000000000e+00,1.835181955e-10,0.000000000e+00
24.830000,0.000000000e+00,3.748749998e-01,0.000000000e+00,0.000000000e+00,1.816921589e-10,0.000000000e+00
24.840000,0.000000000e+00,3.748749998e-01,0.000000000e+00,0.000000000e+00,1.798842917e-10,0.000000000e+00
24.850000,0.000000000e+00,3.748749998e-01,0.000000000e+00,0.000000000e+00,1.780944131e-10,0.000000000e+00
24.860000,0.000000000e+00,3.748749998e-01,0.000000000e+00,0.000000000e+00,1.763223441e-10,0.000000000e+00
24.870000,0.000000000e+00,3.748749998e-01,0.000000000e+00,0.000000000e+00,1.745679075e-10,0.000000000e+00
24.880000,0.000000000e+00,3.748749998e-01,0.000000000e+00,0.000000000e+00,1.728309278e-10,0.000000000e+00
24.890000,0.000000000e+00,3.748749998e-01,0.000000000e+00,0.000000000e+00,1.711112313e-10,0.000000000e+00
24.900000,0.000000000e+00,3.748749998e-01,0.000000000e+00,0.000000000e+00,1.694086461e-10,0.000000000e+00
24.910000,0.000000000e+00,3.748749998e-01,0.000000000e+00,0.000000000e+00,1.677230019e-10,0.000000000e+00
24.920000,0.000000000e+00,3.748749998e-01,0.000000000e+00,0.000000000e+00,1.660541302e-10,0.000000000e+00
24.930000,0.000000000e+00,3.748749998e-01,0.000000000e+00,0.000000000e+00,1.644018640e-10,0.000000000e+00
24.940000,0.000000000e+00,3.748749998e-01,0.000000000e+00,0.000000000e+00,1.627660381e-10,0.000000000e+00
24.950000,0.000000000e+00,3.748749998e-01,0.000000000e+00,0.000000000e+00,1.611464890e-10,0.000000000e+00
24.960000,0.000000000e+00,3.748749998e-01,0.000000000e+00,0.000000000e+00,1.595430546e-10,0.000000000e+00
24.970000,0.000000000e+00,3.748749998e-01,0.000000000e+00,0.000000000e+00,1.579555747e-10,0.000000000e+00
24.980000,0.000000000e+00,3.748749998e-01,0.000000000e+00,0.000000000e+00,1.563838905e-10,0.000000000e+00
24.990000,0.000000000e+00,3.748749998e-01,0.000000000e+00,0.000000000e+00,1.548278447e-10,0.000000000e+00
25.000000,0.000000000e+00,3.748749998e-01,0.000000000e+00,0.000000000e+00,1.532872819e-10,0.000000000e+00
25.010000,0.000000000e+00,3.748749998e-01,0.000000000e+00,0.000000000e+00,1.517620480e-10,0.000000000e+00
25.020000,0.000000000e+00,3.748749998e-01,0.000000000e+00,0.000000000e+00,1.502519904e-10,0.000000000e+00
25.030000,0.000000000e+00,3.748749999e-01,0.000000000e+00,0.000000000e+00,1.487569581e-10,0.000000000e+00
25.040000,0.000000000e+00,3.748749999e-01,0.000000000e+00,0.000000000e+00,1.472768017e-10,0.000000000e+00
25.050000,0.000000000e+00,3.748749999e-01,0.000000000e+00,0.000000000e+00,1.458113730e-10,0.000000000e+00
25.060000,0.000000000e+00,3.748749999e-01,0.000000000e+00,0.000000000e+00,1.443605256e-10,0.000000000e+00
25.070000,0.000000000e+00,3.748749999e-01,0.000000000e+00,0.000000000e+00,1.429241144e-10,0.000000000e+00
25.080000,0.000000000e+00,3.748749999e-01,0.000000000e+00,0.000000000e+00,1.415019957e-10,0.000000000e+00
25.090000,0.000000000e+00,3.748749999e-01,0.000000000e+00,0.000000000e+00,1.400940273e-10,0.000000000e+00
25.100000,0.000000000e+00,3.748749999e-01,0.000000000e+00,0.000000000e+00,1.387000684e-10,0.000000000e+00
25.110000,0.000000000e+00,3.748749999e-01,0.000000000e+00,0.000000000e+00,1.373199797e-10,0.000000000e+00
25.120000,0.000000000e+00,3.748749999e-01,0.000000000e+00,0.000000000e+00,1.359536230e-10,0.000000000e+00
25.130000,0.000000000e+00,3.748749999e-01,0.000000000e+00,0.000000000e+00,1.346008619e-10,0.000000000e+00
25.140000,0.000000000e+00,3.748749999e-01,0.000000000e+00,0.000000000e+00,1.332615609e-10,0.000000000e+00
25.150000,0.000000000e+00,3.748749999e-01,0.000000000e+00,0.000000000e+00,1.319355863e-10,0.000000000e+00
25.160000,0.000000000e+00,3.748749999e-01,0.000000000e+00,0.000000000e+00,1.306228052e-10,0.000000000e+00
25.170000,0.000000000e+00,3.748749999e-01,0.000000000e+00,0.000000000e+00,1.293230866e-10,0.000000000e+00
25.180000,0.000000000e+00,3.748749999e-01,0.000000000e+00,0.000000000e+00,1.280363004e-10,0.000000000e+00
25.190000,0.000000000e+00,3.748749999e-01,0.000000000e+00,0.000000000e+00,1.267623179e-10,0.000000000e+00
25.200000,0.000000000e+00,3.748749999e-01,0.000000000e+00,0.000000000e+00,1.255010118e-10,0.000000000e+00
25.210000,0.000000000e+00,3.748749999e-01,0.000000000e+00,0.000000000e+00,1.242522559e-10,0.000000000e+00
25.220000,0.000000000e+00,3.748749999e-01,0.000000000e+00,0.000000000e+00,1.230159253e-10,0.000000000e+00
25.230000,0.000000000e+00,3.748749999e-01,0.000000000e+00,0.000000000e+00,1.217918963e-10,0.000000000e+00
25.240000,0.000000000e+00,3.748749999e-01,0.000000000e+00,0.000000000e+00,1.205800467e-10,0.000000000e+00
25.250000,0.000000000e+00,3.748749999e-01,0.000000000e+00,0.000000000e+00,1.193802552e-10,0.000000000e+00
25.260000,0.000000000e+00,3.748749999e-01,0.000000000e+00,0.000000000e+00,1.181924018e-10,0.000000000e+00
25.270000,0.000000000e+00,3.748749999e-01,0.000000000e+00,0.000000000e+00,1.170163678e-10,0.000000000e+00
25.280000,0.000000000e+00,3.748749999e-01,0.000000000e+00,0.000000000e+00,1.158520355e-10,0.000000000e+00
25.290000,0.000000000e+00,3.748749999e-01,0.000000000e+00,0.000000000e+00,1.146992885e-10,0.000000000e+00
25.300000,0.000000000e+00,3.748749999e-01,0.000000000e+00,0.000000000e+00,1.135580115e-10,0.000000000e+00
25.310000,0.000000000e+00,3.748749999e-01,0.000000000e+00,0.000000000e+00,1.124280904e-10,0.000000000e+00
25.320000,0.000000000e+00,3.748749999e-01,0.000000000e+00,0.000000000e+00,1.113094122e-10,0.000000000e+00
25.330000,0.000000000e+00,3.748749999e-01,0.000000000e+00,0.000000000e+00,1.102018650e-10,0.000000000e+00
25.340000,0.000000000e+00,3.748749999e-01,0.000000000e+00,0.000000000e+00,1.091053382e-10,0.000000000e+00
25.350000,0.000000000e+00,3.748749999e-01,0.000000000e+00,0.000000000e+00,1.080197219e-10,0.000000000e+00
25.360000,0.000000000e+00,3.748749999e-01,0.000000000e+00,0.000000000e+00,1.069449077e-10,0.000000000e+00
25.370000,0.000000000e+00,3.748749999e-01,0.000000000e+00,0.000000000e+00,1.058807881e-10,0.000000000e+00
25.380000,0.000000000e+00,3.748749999e-01,0.000000000e+00,0.000000000e+00,1.048272567e-10,0.000000000e+00
25.390000,0.000000000e+00,3.748749999e-01,0.000000000e+00,0.000000000e+00,1.037842080e-10,0.000000000e+00
25.400000,0.000000000e+00,3.748749999e-01,0.000000000e+00,0.000000000e+00,1.027515379e-10,0.000000000e+00
25.410000,0.000000000e+00,3.748749999e-01,0.000000000e+00,0.000000000e+00,1.017291430e-10,0.000000000e+00
25.420000,0.000000000e+00,3.748749999e-01,0.000000000e+00,0.000000000e+00,1.007169211e-10,0.000000000e+00
25.430000,0.000000000e+00,3.748749999e-01,0.000000000e+00,0.000000000e+00,9.971477102e-11,0.000000000e+00
25.440000,0.000000000e+00,3.748749999e-01,0.000000000e+00,0.000000000e+00,9.872259247e-11,0.000000000e+00
25.450000,0.000000000e+00,3.748749999e-01,0.000000000e+00,0.000000000e+00,9.774028626e-11,0.000000000e+00
25.460000,0.000000000e+00,3.748749999e-01,0.000000000e+00,0.000000000e+00,9.676775416e-11,0.000000000e+00
25.470000,0.000000000e+00,3.748749999e-01,0.000000000e+00,0.000000000e+00,9.580489892e-11,0.000000000e+00
25.480000,0.000000000e+00,3.748749999e-01,0.000000000e+00,0.000000000e+00,9.485162425e-11,0.000000000e+00
25.490000,0.000000000e+00,3.748749999e-01,0.000000000e+00,0.000000000e+00,9.390783482e-11,0.000000000e+00
25.500000,0.000000000e+00,3.748749999e-01,0.000000000e+00,0.000000000e+00,9.297343625e-11,0.000000000e+00
25.510000,0.000000000e+00,3.748749999e-01,0.000000000e+00,0.000000000e+00,9.204833510e-11,0.000000000e+00
25.520000,0.000000000e+00,3.748749999e-01,0.000000000e+00,0.000000000e+00,9.113243886e-11,0.000000000e+00
25.530000,0.000000000e+00,3.748749999e-01,0.000000000e+00,0.000000000e+00,9.022565595e-11,0.000000000e+00
25.540000,0.000000000e+00,3.748749999e-01,0.000000000e+00,0.000000000e+00,8.932789567e-11,0.000000000e+00
25.550000,0.000000000e+00,3.748749999e-01,0.000000000e+00,0.000000000e+00,8.843906826e-11,0.000000000e+00
25.560000,0.000000000e+00,3.748749999e-01,0.000000000e+00,0.000000000e+00,8.755908483e-11,0.000000000e+00
25.570000,0.000000000e+00,3.748749999e-01,0.000000000e+00,0.000000000e+00,8.668785737e-11,0.000000000e+00
25.580000,0.000000000e+00,3.748749999e-01,0.000000000e+00,0.000000000e+00,8.582529878e-11,0.000000000e+00
25.590000,0.000000000e+00,3.748749999e-01,0.000000000e+00,0.000000000e+00,8.497132279e-11,0.000000000e+00
25.600000,0.000000000e+00,3.748749999e-01,0.000000000e+00,0.000000000e+00,8.412584400e-11,0.000000000e+00
25.610000,0.000000000e+00,3.748749999e-01,0.000000000e+00,0.000000000e+00,8.328877787e-11,0.000000000e+00
25.620000,0.000000000e+00,3.748749999e-01,0.000000000e+00,0.000000000e+00,8.246004068e-11,0.000000000e+00
25.630000,0.000000000e+00,3.748749999e-01,0.000000000e+00,0.000000000e+00,8.163954957e-11,0.000000000e+00
25.640000,0.000000000e+00,3.748749999e-01,0.000000000e+00,0.000000000e+00,8.082722248e-11,0.000000000e+00
25.650000,0.000000000e+00,3.748749999e-01,0.000000000e+00,0.000000000e+00,8.002297818e-11,0.000000000e+00
25.660000,0.000000000e+00,3.748749999e-01,0.000000000e+00,0.000000000e+00,7.922673624e-11,0.000000000e+00
25.670000,0.000000000e+00,3.748749999e-01,0.000000000e+00,0.000000000e+00,7.843841704e-11,0.000000000e+00
25.680000,0.000000000e+00,3.748749999e-01,0.000000000e+00,0.000000000e+00,7.765794175e-11,0.000000000e+00
25.690000,0.000000000e+00,3.748749999e-01,0.000000000e+00,0.000000000e+00,7.688523232e-11,0.000000000e+00
25.700000,0.000000000e+00,3.748749999e-01,0.000000000e+00,0.000000000e+00,7.612021148e-11,0.000000000e+00
25.710000,0.000000000e+00,3.748749999e-01,0.000000000e+00,0.000000000e+00,7.536280272e-11,0.000000000e+00
25.720000,0.000000000e+00,3.748749999e-01,0.000000000e+00,0.000000000e+00,7.461293030e-11,0.000000000e+00
25.730000,0.000000000e+00,3.748749999e-01,0.000000000e+00,0.000000000e+00,7.387051924e-11,0.000000000e+00
25.740000,0.000000000e+00,3.748749999e-01,0.000000000e+00,0.000000000e+00,7.313549529e-11,0.000000000e+00
25.750000,0.000000000e+00,3.748749999e-01,0.000000000e+00,0.000000000e+00,7.240778496e-11,0.000000000e+00
25.760000,0.000000000e+00,3.748749999e-01,0.000000000e+00,0.000000000e+00,7.168731546e-11,0.000000000e+00
25.770000,0.000000000e+00,3.748749999e-01,0.000000000e+00,0.000000000e+00,7.097401475e-11,0.000000000e+00
25.780000,0.000000000e+00,3.748749999e-01,0.000000000e+00,0.000000000e+00,7.026781151e-11,0.000000000e+00
25.790000,0.000000000e+00,3.748749999e-01,0.000000000e+00,0.000000000e+00,6.956863510e-11,0.000000000e+00
25.800000,0.000000000e+00,3.748749999e-01,0.000000000e+00,0.000000000e+00,6.887641561e-11,0.000000000e+00
25.810000,0.000000000e+00,3.748749999e-01,0.000000000e+00,0.000000000e+00,6.819108383e-11,0.000000000e+00
25.820000,0.000000000e+00,3.748749999e-01,0.000000000e+00,0.000000000e+00,6.751257121e-11,0.000000000e+00
25.830000,0.000000000e+00,3.748749999e-01,0.000000000e+00,0.000000000e+00,6.684080990e-11,0.000000000e+00
25.840000,0.000000000e+00,3.748749999e-01,0.000000000e+00,0.000000000e+00,6.617573273e-11,0.000000000e+00
25.850000,0.000000000e+00,3.748749999e-01,0.000000000e+00,0.000000000e+00,6.551727319e-11,0.000000000e+00
25.860000,0.000000000e+00,3.748749999e-01,0.000000000e+00,0.000000000e+00,6.486536543e-11,0.000000000e+00
25.870000,0.000000000e+00,3.748749999e-01,0.000000000e+00,0.000000000e+00,6.421994426e-11,0.000000000e+00
25.880000,0.000000000e+00,3.748749999e-01,0.000000000e+00,0.000000000e+00,6.358094513e-11,0.000000000e+00
25.890000,0.000000000e+00,3.748749999e-01,0.000000000e+00,0.000000000e+00,6.294830416e-11,0.000000000e+00
25.900000,0.000000000e+00,3.748749999e-01,0.000000000e+00,0.000000000e+00,6.232195807e-11,0.000000000e+00
25.910000,0.000000000e+00,3.748749999e-01,0.000000000e+00,0.000000000e+00,6.170184422e-11,0.000000000e+00
25.920000,0.000000000e+00,3.748749999e-01,0.000000000e+00,0.000000000e+00,6.108790062e-11,0.000000000e+00
25.930000,0.000000000e+00,3.748749999e-01,0.000000000e+00,0.000000000e+00,6.048006585e-11,0.000000000e+00
25.940000,0.000000000e+00,3.748749999e-01,0.000000000e+00,0.000000000e+00,5.987827914e-11,0.000000000e+00
25.950000,0.000000000e+00,3.748749999e-01,0.000000000e+00,0.000000000e+00,5.928248031e-11,0.000000000e+00
25.960000,0.000000000e+00,3.748749999e-01,0.000000000e+00,0.000000000e+00,5.869260977e-11,0.000000000e+00
25.970000,0.000000000e+00,3.748749999e-01,0.000000000e+00,0.000000000e+00,5.810860855e-11,0.000000000e+00
25.980000,0.000000000e+00,3.748749999e-01,0.000000000e+00,0.000000000e+00,5.753041823e-11,0.000000000e+00
25.990000,0.000000000e+00,3.748749999e-01,0.000000000e+00,0.000000000e+00,5.695798101e-11,0.000000000e+00
26.000000,0.000000000e+00,3.748749999e-01,0.000000000e+00,0.000000000e+00,5.639123963e-11,0.000000000e+00
26.010000,0.000000000e+00,3.748749999e-01,0.000000000e+00,0.000000000e+00,5.583013742e-11,0.000000000e+00
26.020000,0.000000000e+00,3.748749999e-01,0.000000000e+00,0.000000000e+00,5.527461827e-11,0.000000000e+00
26.030000,0.000000000e+00,3.748749999e-01,0.000000000e+00,0.000000000e+00,5.472462663e-11,0.000000000e+00
26.040000,0.000000000e+00,3.748749999e-01,0.000000000e+00,0.000000000e+00,5.418010749e-11,0.000000000e+00
26.050000,0.000000000e+00,3.748749999e-01,0.000000000e+00,0.000000000e+00,5.364100642e-11,0.000000000e+00
26.060000,0.000000000e+00,3.748749999e-01,0.000000000e+00,0.000000000e+00,5.310726949e-11,0.000000000e+00
26.070000,0.000000000e+00,3.748749999e-01,0.000000000e+00,0.000000000e+00,5.257884332e-11,0.000000000e+00
26.080000,0.000000000e+00,3.748749999e-01,0.000000000e+00,0.000000000e+00,5.205567509e-11,0.000000000e+00
26.090000,0.000000000e+00,3.748749999e-01,0.000000000e+00,0.000000000e+00,5.153771247e-11,0.000000000e+00
26.100000,0.000000000e+00,3.748749999e-01,0.000000000e+00,0.000000000e+00,5.102490366e-11,0.000000000e+00
26.110000,0.000000000e+00,3.748749999e-01,0.000000000e+00,0.000000000e+00,5.051719739e-11,0.000000000e+00
26.120000,0.000000000e+00,3.748749999e-01,0.000000000e+00,0.000000000e+00,5.001454288e-11,0.000000000e+00
26.130000,0.000000000e+00,3.748750000e-01,0.000000000e+00,0.000000000e+00,4.951688986e-11,0.000000000e+00
26.140000,0.000000000e+00,3.748750000e-01,0.000000000e+00,0.000000000e+00,4.902418857e-11,0.000000000e+00
26.150000,0.000000000e+00,3.748750000e-01,0.000000000e+00,0.000000000e+00,4.853638975e-11,0.000000000e+00
26.160000,0.000000000e+00,3.748750000e-01,0.000000000e+00,0.000000000e+00,4.805344460e-11,0.000000000e+00
26.170000,0.000000000e+00,3.748750000e-01,0.000000000e+00,0.000000000e+00,4.757530484e-11,0.000000000e+00
26.180000,0.000000000e+00,3.748750000e-01,0.000000000e+00,0.000000000e+00,4.710192265e-11,0.000000000e+00
26.190000,0.000000000e+00,3.748750000e-01,0.000000000e+00,0.000000000e+00,4.663325068e-11,0.000000000e+00
26.200000,0.000000000e+00,3.748750000e-01,0.000000000e+00,0.000000000e+00,4.616924209e-11,0.000000000e+00
26.210000,0.000000000e+00,3.748750000e-01,0.000000000e+00,0.000000000e+00,4.570985045e-11,0.000000000e+00
26.220000,0.000000000e+00,3.748750000e-01,0.000000000e+00,0.000000000e+00,4.525502984e-11,0.000000000e+00
26.230000,0.000000000e+00,3.748750000e-01,0.000000000e+00,0.000000000e+00,4.480473477e-11,0.000000000e+00
26.240000,0.000000000e+00,3.748750000e-01,0.000000000e+00,0.000000000e+00,4.435892021e-11,0.000000000e+00
26.250000,0.000000000e+00,3.748750000e-01,0.000000000e+00,0.000000000e+00,4.391754158e-11,0.000000000e+00
26.260000,0.000000000e+00,3.748750000e-01,0.000000000e+00,0.000000000e+00,4.348055474e-11,0.000000000e+00
26.270000,0.000000000e+00,3.748750000e-01,0.000000000e+00,0.000000000e+00,4.304791599e-11,0.000000000e+00
26.280000,0.000000000e+00,3.748750000e-01,0.000000000e+00,0.000000000e+00,4.261958207e-11,0.000000000e+00
26.290000,0.000000000e+00,3.748750000e-01,0.000000000e+00,0.000000000e+00,4.219551014e-11,0.000000000e+00
26.300000,0.000000000e+00,3.748750000e-01,0.000000000e+00,0.000000000e+00,4.177565780e-11,0.000000000e+00
26.310000,0.000000000e+00,3.748750000e-01,0.000000000e+00,0.000000000e+00,4.135998306e-11,0.000000000e+00
26.320000,0.000000000e+00,3.748750000e-01,0.000000000e+00,0.000000000e+00,4.094844436e-11,0.000000000e+00
26.330000,0.000000000e+00,3.748750000e-01,0.000000000e+00,0.000000000e+00,4.054100053e-11,0.000000000e+00
26.340000,0.000000000e+00,3.748750000e-01,0.000000000e+00,0.000000000e+00,4.013761083e-11,0.000000000e+00
26.350000,0.000000000e+00,3.748750000e-01,0.000000000e+00,0.000000000e+00,3.973823493e-11,0.000000000e+00
26.360000,0.000000000e+00,3.748750000e-01,0.000000000e+00,0.000000000e+00,3.934283289e-11,0.000000000e+00
26.370000,0.000000000e+00,3.748750000e-01,0.000000000e+00,0.000000000e+00,3.895136516e-11,0.000000000e+00
26.380000,0.000000000e+00,3.748750000e-01,0.000000000e+00,0.000000000e+00,3.856379260e-11,0.000000000e+00
26.390000,0.000000000e+00,3.748750000e-01,0.000000000e+00,0.000000000e+00,3.818007645e-11,0.000000000e+00
26.400000,0.000000000e+00,3.748750000e-01,0.000000000e+00,0.000000000e+00,3.780017834e-11,0.000000000e+00
26.410000,0.000000000e+00,3.748750000e-01,0.000000000e+00,0.000000000e+00,3.742406028e-11,0.000000000e+00
26.420000,0.000000000e+00,3.748750000e-01,0.000000000e+00,0.000000000e+00,3.705168466e-11,0.000000000e+00
26.430000,0.000000000e+00,3.748750000e-01,0.000000000e+00,0.000000000e+00,3.668301424e-11,0.000000000e+00
26.440000,0.000000000e+00,3.748750000e-01,0.000000000e+00,0.000000000e+00,3.631801215e-11,0.000000000e+00
26.450000,0.000000000e+00,3.748750000e-01,0.000000000e+00,0.000000000e+00,3.595664189e-11,0.000000000e+00
26.460000,0.000000000e+00,3.748750000e-01,0.000000000e+00,0.000000000e+00,3.559886733e-11,0.000000000e+00
26.470000,0.000000000e+00,3.748750000e-01,0.000000000e+00,0.000000000e+00,3.524465268e-11,0.000000000e+00
26.480000,0.000000000e+00,3.748750000e-01,0.000000000e+00,0.000000000e+00,3.489396253e-11,0.000000000e+00
26.490000,0.000000000e+00,3.748750000e-01,0.000000000e+00,0.000000000e+00,3.454676180e-11,0.000000000e+00
26.500000,0.000000000e+00,3.748750000e-01,0.000000000e+00,0.000000000e+00,3.420301577e-11,0.000000000e+00
26.510000,0.000000000e+00,3.748750000e-01,0.000000000e+00,0.000000000e+00,3.386269008e-11,0.000000000e+00
26.520000,0.000000000e+00,3.748750000e-01,0.000000000e+00,0.000000000e+00,3.352575068e-11,0.000000000e+00
26.530000,0.000000000e+00,3.748750000e-01,0.000000000e+00,0.000000000e+00,3.319216389e-11,0.000000000e+00
26.540000,0.000000000e+00,3.748750000e-01,0.000000000e+00,0.000000000e+00,3.286189634e-11,0.000000000e+00
26.550000,0.000000000e+00,3.748750000e-01,0.000000000e+00,0.000000000e+00,3.253491501e-11,0.000000000e+00
26.560000,0.000000000e+00,3.748750000e-01,0.000000000e+00,0.000000000e+00,3.221118720e-11,0.000000000e+00
26.570000,0.000000000e+00,3.748750000e-01,0.000000000e+00,0.000000000e+00,3.189068053e-11,0.000000000e+00
26.580000,0.000000000e+00,3.748750000e-01,0.000000000e+00,0.000000000e+00,3.157336296e-11,0.000000000e+00
26.590000,0.000000000e+00,3.748750000e-01,0.000000000e+00,0.000000000e+00,3.125920275e-11,0.000000000e+00
26.600000,0.000000000e+00,3.748750000e-01,0.000000000e+00,0.000000000e+00,3.094816848e-11,0.000000000e+00
26.610000,0.000000000e+00,3.748750000e-01,0.000000000e+00,0.000000000e+00,3.064022906e-11,0.000000000e+00
26.620000,0.000000000e+00,3.748750000e-01,0.000000000e+00,0.000000000e+00,3.033535369e-11,0.000000000e+00
26.630000,0.000000000e+00,3.748750000e-01,0.000000000e+00,0.000000000e+00,3.003351188e-11,0.000000000e+00
26.640000,0.000000000e+00,3.748750000e-01,0.000000000e+00,0.000000000e+00,2.973467344e-11,0.000000000e+00
26.650000,0.000000000e+00,3.748750000e-01,0.000000000e+00,0.000000000e+00,2.943880849e-11,0.000000000e+00
26.660000,0.000000000e+00,3.748750000e-01,0.000000000e+00,0.000000000e+00,2.914588746e-11,0.000000000e+00
26.670000,0.000000000e+00,3.748750000e-01,0.000000000e+00,0.000000000e+00,2.885588103e-11,0.000000000e+00
26.680000,0.000000000e+00,3.748750000e-01,0.000000000e+00,0.000000000e+00,2.856876022e-11,0.000000000e+00
26.690000,0.000000000e+00,3.748750000e-01,0.000000000e+00,0.000000000e+00,2.828449630e-11,0.000000000e+00
26.700000,0.000000000e+00,3.748750000e-01,0.000000000e+00,0.000000000e+00,2.800306086e-11,0.000000000e+00
26.710000,0.000000000e+00,3.748750000e-01,0.000000000e+00,0.000000000e+00,2.772442575e-11,0.000000000e+00
26.720000,0.000000000e+00,3.748750000e-01,0.000000000e+00,0.000000000e+00,2.744856311e-11,0.000000000e+00
26.730000,0.000000000e+00,3.748750000e-01,0.000000000e+00,0.000000000e+00,2.717544534e-11,0.000000000e+00
26.740000,0.000000000e+00,3.748750000e-01,0.000000000e+00,0.000000000e+00,2.690504514e-11,0.000000000e+00
26.750000,0.000000000e+00,3.748750000e-01,0.000000000e+00,0.000000000e+00,2.663733547e-11,0.000000000e+00
26.760000,0.000000000e+00,3.748750000e-01,0.000000000e+00,0.000000000e+00,2.637228955e-11,0.000000000e+00
26.770000,0.000000000e+00,3.748750000e-01,0.000000000e+00,0.000000000e+00,2.610988089e-11,0.000000000e+00
26.780000,0.000000000e+00,3.748750000e-01,0.000000000e+00,0.000000000e+00,2.585008323e-11,0.000000000e+00
26.790000,0.000000000e+00,3.748750000e-01,0.000000000e+00,0.000000000e+00,2.559287061e-11,0.000000000e+00
26.800000,0.000000000e+00,3.748750000e-01,0.000000000e+00,0.000000000e+00,2.533821729e-11,0.000000000e+00
26.810000,0.000000000e+00,3.748750000e-01,0.000000000e+00,0.000000000e+00,2.508609781e-11,0.000000000e+00
26.820000,0.000000000e+00,3.748750000e-01,0.000000000e+00,0.000000000e+00,2.483648697e-11,0.000000000e+00
26.830000,0.000000000e+00,3.748750000e-01,0.000000000e+00,0.000000000e+00,2.458935980e-11,0.000000000e+00
26.840000,0.000000000e+00,3.748750000e-01,0.000000000e+00,0.000000000e+00,2.434469158e-11,0.000000000e+00
26.850000,0.000000000e+00,3.748750000e-01,0.000000000e+00,0.000000000e+00,2.410245785e-11,0.000000000e+00
26.860000,0.000000000e+00,3.748750000e-01,0.000000000e+00,0.000000000e+00,2.386263439e-11,0.000000000e+00
26.870000,0.000000000e+00,3.748750000e-01,0.000000000e+00,0.000000000e+00,2.362519721e-11,0.000000000e+00
26.880000,0.000000000e+00,3.748750000e-01,0.000000000e+00,0.000000000e+00,2.339012257e-11,0.000000000e+00
26.890000,0.000000000e+00,3.748750000e-01,0.000000000e+00,0.000000000e+00,2.315738696e-11,0.000000000e+00
26.900000,0.000000000e+00,3.748750000e-01,0.000000000e+00,0.000000000e+00,2.292696711e-11,0.000000000e+00
26.910000,0.000000000e+00,3.748750000e-01,0.000000000e+00,0.000000000e+00,2.269883997e-11,0.000000000e+00
26.920000,0.000000000e+00,3.748750000e-01,0.000000000e+00,0.000000000e+00,2.247298274e-11,0.000000000e+00
26.930000,0.000000000e+00,3.748750000e-01,0.000000000e+00,0.000000000e+00,2.224937283e-11,0.000000000e+00
26.940000,0.000000000e+00,3.748750000e-01,0.000000000e+00,0.000000000e+00,2.202798787e-11,0.000000000e+00
26.950000,0.000000000e+00,3.748750000e-01,0.000000000e+00,0.000000000e+00,2.180880573e-11,0.000000000e+00
26.960000,0.000000000e+00,3.748750000e-01,0.000000000e+00,0.000000000e+00,2.159180449e-11,0.000000000e+00
26.970000,0.000000000e+00,3.748750000e-01,0.000000000e+00,0.000000000e+00,2.137696244e-11,0.000000000e+00
26.980000,0.000000000e+00,3.748750000e-01,0.000000000e+00,0.000000000e+00,2.116425811e-11,0.000000000e+00
26.990000,0.000000000e+00,3.748750000e-01,0.000000000e+00,0.000000000e+00,2.095367022e-11,0.000000000e+00
27.000000,0.000000000e+00,3.748750000e-01,0.000000000e+00,0.000000000e+00,2.074517772e-11,0.000000000e+00
27.010000,0.000000000e+00,3.748750000e-01,0.000000000e+00,0.000000000e+00,2.053875976e-11,0.000000000e+00
27.020000,0.000000000e+00,3.748750000e-01,0.000000000e+00,0.000000000e+00,2.033439568e-11,0.000000000e+00
27.030000,0.000000000e+00,3.748750000e-01,0.000000000e+00,0.000000000e+00,2.013206506e-11,0.000000000e+00
27.040000,0.000000000e+00,3.748750000e-01,0.000000000e+00,0.000000000e+00,1.993174767e-11,0.000000000e+00
27.050000,0.000000000e+00,3.748750000e-01,0.000000000e+00,0.000000000e+00,1.973342347e-11,0.000000000e+00
27.060000,0.000000000e+00,3.748750000e-01,0.000000000e+00,0.000000000e+00,1.953707262e-11,0.000000000e+00
27.070000,0.000000000e+00,3.748750000e-01,0.000000000e+00,0.000000000e+00,1.934267550e-11,0.000000000e+00
27.080000,0.000000000e+00,3.748750000e-01,0.000000000e+00,0.000000000e+00,1.915021266e-11,0.000000000e+00
27.090000,0.000000000e+00,3.748750000e-01,0.000000000e+00,0.000000000e+00,1.895966486e-11,0.000000000e+00
27.100000,0.000000000e+00,3.748750000e-01,0.000000000e+00,0.000000000e+00,1.877101305e-11,0.000000000e+00
27.110000,0.000000000e+00,3.748750000e-01,0.000000000e+00,0.000000000e+00,1.858423835e-11,0.000000000e+00
27.120000,0.000000000e+00,3.748750000e-01,0.000000000e+00,0.000000000e+00,1.839932209e-11,0.000000000e+00
27.130000,0.000000000e+00,3.748750000e-01,0.000000000e+00,0.000000000e+00,1.821624577e-11,0.000000000e+00
27.140000,0.000000000e+00,3.748750000e-01,0.000000000e+00,0.000000000e+00,1.803499110e-11,0.000000000e+00
27.150000,0.000000000e+00,3.748750000e-01,0.000000000e+00,0.000000000e+00,1.785553994e-11,0.000000000e+00
27.160000,0.000000000e+00,3.748750000e-01,0.000000000e+00,0.000000000e+00,1.767787435e-11,0.000000000e+00
27.170000,0.000000000e+00,3.748750000e-01,0.000000000e+00,0.000000000e+00,1.750197656e-11,0.000000000e+00
27.180000,0.000000000e+00,3.748750000e-01,0.000000000e+00,0.000000000e+00,1.732782898e-11,0.000000000e+00
27.190000,0.000000000e+00,3.748750000e-01,0.000000000e+00,0.000000000e+00,1.715541420e-11,0.000000000e+00
27.200000,0.000000000e+00,3.748750000e-01,0.000000000e+00,0.000000000e+00,1.698471498e-11,0.000000000e+00
27.210000,0.000000000e+00,3.748750000e-01,0.000000000e+00,0.000000000e+00,1.681571424e-11,0.000000000e+00
27.220000,0.000000000e+00,3.748750000e-01,0.000000000e+00,0.000000000e+00,1.664839509e-11,0.000000000e+00
27.230000,0.000000000e+00,3.748750000e-01,0.000000000e+00,0.000000000e+00,1.648274079e-11,0.000000000e+00
27.240000,0.000000000e+00,3.748750000e-01,0.000000000e+00,0.000000000e+00,1.631873478e-11,0.000000000e+00
27.250000,0.000000000e+00,3.748750000e-01,0.000000000e+00,0.000000000e+00,1.615636066e-11,0.000000000e+00
27.260000,0.000000000e+00,3.748750000e-01,0.000000000e+00,0.000000000e+00,1.599560218e-11,0.000000000e+00
27.270000,0.000000000e+00,3.748750000e-01,0.000000000e+00,0.000000000e+00,1.583644328e-11,0.000000000e+00
27.280000,0.000000000e+00,3.748750000e-01,0.000000000e+00,0.000000000e+00,1.567886804e-11,0.000000000e+00
27.290000,0.000000000e+00,3.748750000e-01,0.000000000e+00,0.000000000e+00,1.552286069e-11,0.000000000e+00
27.300000,0.000000000e+00,3.748750000e-01,0.000000000e+00,0.000000000e+00,1.536840565e-11,0.000000000e+00
27.310000,0.000000000e+00,3.748750000e-01,0.000000000e+00,0.000000000e+00,1.521548746e-11,0.000000000e+00
27.320000,0.000000000e+00,3.748750000e-01,0.000000000e+00,0.000000000e+00,1.506409083e-11,0.000000000e+00
27.330000,0.000000000e+00,3.748750000e-01,0.000000000e+00,0.000000000e+00,1.491420062e-11,0.000000000e+00
27.340000,0.000000000e+00,3.748750000e-01,0.000000000e+00,0.000000000e+00,1.476580184e-11,0.000000000e+00
27.350000,0.000000000e+00,3.748750000e-01,0.000000000e+00,0.000000000e+00,1.461887966e-11,0.000000000e+00
27.360000,0.000000000e+00,3.748750000e-01,0.000000000e+00,0.000000000e+00,1.447341938e-11,0.000000000e+00
27.370000,0.000000000e+00,3.748750000e-01,0.000000000e+00,0.000000000e+00,1.432940645e-11,0.000000000e+00
27.380000,0.000000000e+00,3.748750000e-01,0.000000000e+00,0.000000000e+00,1.418682647e-11,0.000000000e+00
27.390000,0.000000000e+00,3.748750000e-01,0.000000000e+00,0.000000000e+00,1.404566519e-11,0.000000000e+00
27.400000,0.000000000e+00,3.748750000e-01,0.000000000e+00,0.000000000e+00,1.390590849e-11,0.000000000e+00
27.410000,0.000000000e+00,3.748750000e-01,0.000000000e+00,0.000000000e+00,1.376754239e-11,0.000000000e+00
27.420000,0.000000000e+00,3.748750000e-01,0.000000000e+00,0.000000000e+00,1.363055305e-11,0.000000000e+00
27.430000,0.000000000e+00,3.748750000e-01,0.000000000e+00,0.000000000e+00,1.349492678e-11,0.000000000e+00
27.440000,0.000000000e+00,3.748750000e-01,0.000000000e+00,0.000000000e+00,1.336065002e-11,0.000000000e+00
27.450000,0.000000000e+00,3.748750000e-01,0.000000000e+00,0.000000000e+00,1.322770933e-11,0.000000000e+00
27.460000,0.000000000e+00,3.748750000e-01,0.000000000e+00,0.000000000e+00,1.309609142e-11,0.000000000e+00
27.470000,0.000000000e+00,3.748750000e-01,0.000000000e+00,0.000000000e+00,1.296578313e-11,0.000000000e+00
27.480000,0.000000000e+00,3.748750000e-01,0.000000000e+00,0.000000000e+00,1.283677144e-11,0.000000000e+00
27.490000,0.000000000e+00,3.748750000e-01,0.000000000e+00,0.000000000e+00,1.270904343e-11,0.000000000e+00
27.500000,0.000000000e+00,3.748750000e-01,0.000000000e+00,0.000000000e+00,1.258258633e-11,0.000000000e+00
27.510000,0.000000000e+00,3.748750000e-01,0.000000000e+00,0.000000000e+00,1.245738750e-11,0.000000000e+00
27.520000,0.000000000e+00,3.748750000e-01,0.000000000e+00,0.000000000e+00,1.233343443e-11,0.000000000e+00
27.530000,0.000000000e+00,3.748750000e-01,0.000000000e+00,0.000000000e+00,1.221071470e-11,0.000000000e+00
27.540000,0.000000000e+00,3.748750000e-01,0.000000000e+00,0.000000000e+00,1.208921606e-11,0.000000000e+00
27.550000,0.000000000e+00,3.748750000e-01,0.000000000e+00,0.000000000e+00,1.196892635e-11,0.000000000e+00
27.560000,0.000000000e+00,3.748750000e-01,0.000000000e+00,0.000000000e+00,1.184983355e-11,0.000000000e+00
27.570000,0.000000000e+00,3.748750000e-01,0.000000000e+00,0.000000000e+00,1.173192573e-11,0.000000000e+00
27.580000,0.000000000e+00,3.748750000e-01,0.000000000e+00,0.000000000e+00,1.161519112e-11,0.000000000e+00
27.590000,0.000000000e+00,3.748750000e-01,0.000000000e+00,0.000000000e+00,1.149961804e-11,0.000000000e+00
27.600000,0.000000000e+00,3.748750000e-01,0.000000000e+00,0.000000000e+00,1.138519493e-11,0.000000000e+00
27.610000,0.000000000e+00,3.748750000e-01,0.000000000e+00,0.000000000e+00,1.127191035e-11,0.000000000e+00
27.620000,0.000000000e+00,3.748750000e-01,0.000000000e+00,0.000000000e+00,1.115975296e-11,0.000000000e+00
27.630000,0.000000000e+00,3.748750000e-01,0.000000000e+00,0.000000000e+00,1.104871157e-11,0.000000000e+00
27.640000,0.000000000e+00,3.748750000e-01,0.000000000e+00,0.000000000e+00,1.093877505e-11,0.000000000e+00
27.650000,0.000000000e+00,3.748750000e-01,0.000000000e+00,0.000000000e+00,1.082993242e-11,0.000000000e+00
27.660000,0.000000000e+00,3.748750000e-01,0.000000000e+00,0.000000000e+00,1.072217279e-11,0.000000000e+00
27.670000,0.000000000e+00,3.748750000e-01,0.000000000e+00,0.000000000e+00,1.061548539e-11,0.000000000e+00
27.680000,0.000000000e+00,3.748750000e-01,0.000000000e+00,0.000000000e+00,1.050985954e-11,0.000000000e+00
27.690000,0.000000000e+00,3.748750000e-01,0.000000000e+00,0.000000000e+00,1.040528469e-11,0.000000000e+00
27.700000,0.000000000e+00,3.748750000e-01,0.000000000e+00,0.000000000e+00,1.030175038e-11,0.000000000e+00
27.710000,0.000000000e+00,3.748750000e-01,0.000000000e+00,0.000000000e+00,1.019924625e-11,0.000000000e+00
27.720000,0.000000000e+00,3.748750000e-01,0.000000000e+00,0.000000000e+00,1.009776206e-11,0.000000000e+00
27.730000,0.000000000e+00,3.748750000e-01,0.000000000e+00,0.000000000e+00,9.997287646e-12,0.000000000e+00
27.740000,0.000000000e+00,3.748750000e-01,0.000000000e+00,0.000000000e+00,9.897812972e-12,0.000000000e+00
27.750000,0.000000000e+00,3.748750000e-01,0.000000000e+00,0.000000000e+00,9.799328087e-12,0.000000000e+00
27.760000,0.000000000e+00,3.748750000e-01,0.000000000e+00,0.000000000e+00,9.701823144e-12,0.000000000e+00
27.770000,0.000000000e+00,3.748750000e-01,0.000000000e+00,0.000000000e+00,9.605288391e-12,0.000000000e+00
27.780000,0.000000000e+00,3.748750000e-01,0.000000000e+00,0.000000000e+00,9.509714174e-12,0.000000000e+00
27.790000,0.000000000e+00,3.748750000e-01,0.000000000e+00,0.000000000e+00,9.415090937e-12,0.000000000e+00
27.800000,0.000000000e+00,3.748750000e-01,0.000000000e+00,0.000000000e+00,9.321409217e-12,0.000000000e+00
27.810000,0.000000000e+00,3.748750000e-01,0.000000000e+00,0.000000000e+00,9.228659646e-12,0.000000000e+00
27.820000,0.000000000e+00,3.748750000e-01,0.000000000e+00,0.000000000e+00,9.136832948e-12,0.000000000e+00
27.830000,0.000000000e+00,3.748750000e-01,0.000000000e+00,0.000000000e+00,9.045919941e-12,0.000000000e+00
27.840000,0.000000000e+00,3.748750000e-01,0.000000000e+00,0.000000000e+00,8.955911534e-12,0.000000000e+00
27.850000,0.000000000e+00,3.748750000e-01,0.000000000e+00,0.000000000e+00,8.866798725e-12,0.000000000e+00
27.860000,0.000000000e+00,3.748750000e-01,0.000000000e+00,0.000000000e+00,8.778572604e-12,0.000000000e+00
27.870000,0.000000000e+00,3.748750000e-01,0.000000000e+00,0.000000000e+00,8.691224347e-12,0.000000000e+00
27.880000,0.000000000e+00,3.748750000e-01,0.000000000e+00,0.000000000e+00,8.604745220e-12,0.000000000e+00
27.890000,0.000000000e+00,3.748750000e-01,0.000000000e+00,0.000000000e+00,8.519126574e-12,0.000000000e+00
27.900000,0.000000000e+00,3.748750000e-01,0.000000000e+00,0.000000000e+00,8.434359848e-12,0.000000000e+00
27.910000,0.000000000e+00,3.748750000e-01,0.000000000e+00,0.000000000e+00,8.350436566e-12,0.000000000e+00
27.920000,0.000000000e+00,3.748750000e-01,0.000000000e+00,0.000000000e+00,8.267348334e-12,0.000000000e+00
27.930000,0.000000000e+00,3.748750000e-01,0.000000000e+00,0.000000000e+00,8.185086843e-12,0.000000000e+00
27.940000,0.000000000e+00,3.748750000e-01,0.000000000e+00,0.000000000e+00,8.103643868e-12,0.000000000e+00
27.950000,0.000000000e+00,3.748750000e-01,0.000000000e+00,0.000000000e+00,8.023011265e-12,0.000000000e+00
27.960000,0.000000000e+00,3.748750000e-01,0.000000000e+00,0.000000000e+00,7.943180969e-12,0.000000000e+00
27.970000,0.000000000e+00,3.748750000e-01,0.000000000e+00,0.000000000e+00,7.864144998e-12,0.000000000e+00
27.980000,0.000000000e+00,3.748750000e-01,0.000000000e+00,0.000000000e+00,7.785895448e-12,0.000000000e+00
27.990000,0.000000000e+00,3.748750000e-01,0.000000000e+00,0.000000000e+00,7.708424493e-12,0.000000000e+00
28.000000,0.000000000e+00,3.748750000e-01,0.000000000e+00,0.000000000e+00,7.631724388e-12,0.000000000e+00
28.010000,0.000000000e+00,3.748750000e-01,0.000000000e+00,0.000000000e+00,7.555787462e-12,0.000000000e+00
28.020000,0.000000000e+00,3.748750000e-01,0.000000000e+00,0.000000000e+00,7.480606120e-12,0.000000000e+00
28.030000,0.000000000e+00,3.748750000e-01,0.000000000e+00,0.000000000e+00,7.406172846e-12,0.000000000e+00
28.040000,0.000000000e+00,3.748750000e-01,0.000000000e+00,0.000000000e+00,7.332480195e-12,0.000000000e+00
28.050000,0.000000000e+00,3.748750000e-01,0.000000000e+00,0.000000000e+00,7.259520798e-12,0.000000000e+00
28.060000,0.000000000e+00,3.748750000e-01,0.000000000e+00,0.000000000e+00,7.187287359e-12,0.000000000e+00
28.070000,0.000000000e+00,3.748750000e-01,0.000000000e+00,0.000000000e+00,7.115772655e-12,0.000000000e+00
28.080000,0.000000000e+00,3.748750000e-01,0.000000000e+00,0.000000000e+00,7.044969534e-12,0.000000000e+00
28.090000,0.000000000e+00,3.748750000e-01,0.000000000e+00,0.000000000e+00,6.974870916e-12,0.000000000e+00
28.100000,0.000000000e+00,3.748750000e-01,0.000000000e+00,0.000000000e+00,6.905469791e-12,0.000000000e+00
28.110000,0.000000000e+00,3.748750000e-01,0.000000000e+00,0.000000000e+00,6.836759218e-12,0.000000000e+00
28.120000,0.000000000e+00,3.748750000e-01,0.000000000e+00,0.000000000e+00,6.768732327e-12,0.000000000e+00
28.130000,0.000000000e+00,3.748750000e-01,0.000000000e+00,0.000000000e+00,6.701382315e-12,0.000000000e+00
28.140000,0.000000000e+00,3.748750000e-01,0.000000000e+00,0.000000000e+00,6.634702447e-12,0.000000000e+00
28.150000,0.000000000e+00,3.748750000e-01,0.000000000e+00,0.000000000e+00,6.568686055e-12,0.000000000e+00
28.160000,0.000000000e+00,3.748750000e-01,0.000000000e+00,0.000000000e+00,6.503326537e-12,0.000000000e+00
28.170000,0.000000000e+00,3.748750000e-01,0.000000000e+00,0.000000000e+00,6.438617356e-12,0.000000000e+00
28.180000,0.000000000e+00,3.748750000e-01,0.000000000e+00,0.000000000e+00,6.374552043e-12,0.000000000e+00
28.190000,0.000000000e+00,3.748750000e-01,0.000000000e+00,0.000000000e+00,6.311124191e-12,0.000000000e+00
28.200000,0.000000000e+00,3.748750000e-01,0.000000000e+00,0.000000000e+00,6.248327456e-12,0.000000000e+00
28.210000,0.000000000e+00,3.748750000e-01,0.000000000e+00,0.000000000e+00,6.186155559e-12,0.000000000e+00
28.220000,0.000000000e+00,3.748750000e-01,0.000000000e+00,0.000000000e+00,6.124602282e-12,0.000000000e+00
28.230000,0.000000000e+00,3.748750000e-01,0.000000000e+00,0.000000000e+00,6.063661472e-12,0.000000000e+00
28.240000,0.000000000e+00,3.748750000e-01,0.000000000e+00,0.000000000e+00,6.003327032e-12,0.000000000e+00
28.250000,0.000000000e+00,3.748750000e-01,0.000000000e+00,0.000000000e+00,5.943592930e-12,0.000000000e+00
28.260000,0.000000000e+00,3.748750000e-01,0.000000000e+00,0.000000000e+00,5.884453192e-12,0.000000000e+00
28.270000,0.000000000e+00,3.748750000e-01,0.000000000e+00,0.000000000e+00,5.825901904e-12,0.000000000e+00
28.280000,0.000000000e+00,3.748750000e-01,0.000000000e+00,0.000000000e+00,5.767933212e-12,0.000000000e+00
28.290000,0.000000000e+00,3.748750000e-01,0.000000000e+00,0.000000000e+00,5.710541318e-12,0.000000000e+00
28.300000,0.000000000e+00,3.748750000e-01,0.000000000e+00,0.000000000e+00,5.653720482e-12,0.000000000e+00
28.310000,0.000000000e+00,3.748750000e-01,0.000000000e+00,0.000000000e+00,5.597465023e-12,0.000000000e+00
28.320000,0.000000000e+00,3.748750000e-01,0.000000000e+00,0.000000000e+00,5.541769316e-12,0.000000000e+00
28.330000,0.000000000e+00,3.748750000e-01,0.000000000e+00,0.000000000e+00,5.486627790e-12,0.000000000e+00
28.340000,0.000000000e+00,3.748750000e-01,0.000000000e+00,0.000000000e+00,5.432034931e-12,0.000000000e+00
28.350000,0.000000000e+00,3.748750000e-01,0.000000000e+00,0.000000000e+00,5.377985281e-12,0.000000000e+00
28.360000,0.000000000e+00,3.748750000e-01,0.000000000e+00,0.000000000e+00,5.324473433e-12,0.000000000e+00
28.370000,0.000000000e+00,3.748750000e-01,0.000000000e+00,0.000000000e+00,5.271494037e-12,0.000000000e+00
28.380000,0.000000000e+00,3.748750000e-01,0.000000000e+00,0.000000000e+00,5.219041795e-12,0.000000000e+00
28.390000,0.000000000e+00,3.748750000e-01,0.000000000e+00,0.000000000e+00,5.167111461e-12,0.000000000e+00
28.400000,0.000000000e+00,3.748750000e-01,0.000000000e+00,0.000000000e+00,5.115697843e-12,0.000000000e+00
28.410000,0.000000000e+00,3.748750000e-01,0.000000000e+00,0.000000000e+00,5.064795799e-12,0.000000000e+00
28.420000,0.000000000e+00,3.748750000e-01,0.000000000e+00,0.000000000e+00,5.014400239e-12,0.000000000e+00
28.430000,0.000000000e+00,3.748750000e-01,0.000000000e+00,0.000000000e+00,4.964506123e-12,0.000000000e+00
28.440000,0.000000000e+00,3.748750000e-01,0.000000000e+00,0.000000000e+00,4.915108462e-12,0.000000000e+00
28.450000,0.000000000e+00,3.748750000e-01,0.000000000e+00,0.000000000e+00,4.866202315e-12,0.000000000e+00
28.460000,0.000000000e+00,3.748750000e-01,0.000000000e+00,0.000000000e+00,4.817782793e-12,0.000000000e+00
28.470000,0.000000000e+00,3.748750000e-01,0.000000000e+00,0.000000000e+00,4.769845054e-12,0.000000000e+00
28.480000,0.000000000e+00,3.748750000e-01,0.000000000e+00,0.000000000e+00,4.722384302e-12,0.000000000e+00
28.490000,0.000000000e+00,3.748750000e-01,0.000000000e+00,0.000000000e+00,4.675395794e-12,0.000000000e+00
28.500000,0.000000000e+00,3.748750000e-01,0.000000000e+00,0.000000000e+00,4.628874828e-12,0.000000000e+00
28.510000,0.000000000e+00,3.748750000e-01,0.000000000e+00,0.000000000e+00,4.582816754e-12,0.000000000e+00
28.520000,0.000000000e+00,3.748750000e-01,0.000000000e+00,0.000000000e+00,4.537216965e-12,0.000000000e+00
28.530000,0.000000000e+00,3.748750000e-01,0.000000000e+00,0.000000000e+00,4.492070902e-12,0.000000000e+00
28.540000,0.000000000e+00,3.748750000e-01,0.000000000e+00,0.000000000e+00,4.447374050e-12,0.000000000e+00
28.550000,0.000000000e+00,3.748750000e-01,0.000000000e+00,0.000000000e+00,4.403121939e-12,0.000000000e+00
28.560000,0.000000000e+00,3.748750000e-01,0.000000000e+00,0.000000000e+00,4.359310144e-12,0.000000000e+00
28.570000,0.000000000e+00,3.748750000e-01,0.000000000e+00,0.000000000e+00,4.315934283e-12,0.000000000e+00
28.580000,0.000000000e+00,3.748750000e-01,0.000000000e+00,0.000000000e+00,4.272990019e-12,0.000000000e+00
28.590000,0.000000000e+00,3.748750000e-01,0.000000000e+00,0.000000000e+00,4.230473058e-12,0.000000000e+00
28.600000,0.000000000e+00,3.748750000e-01,0.000000000e+00,0.000000000e+00,4.188379148e-12,0.000000000e+00
28.610000,0.000000000e+00,3.748750000e-01,0.000000000e+00,0.000000000e+00,4.146704079e-12,0.000000000e+00
28.620000,0.000000000e+00,3.748750000e-01,0.000000000e+00,0.000000000e+00,4.105443684e-12,0.000000000e+00
28.630000,0.000000000e+00,3.748750000e-01,0.000000000e+00,0.000000000e+00,4.064593837e-12,0.000000000e+00
28.640000,0.000000000e+00,3.748750000e-01,0.000000000e+00,0.000000000e+00,4.024150452e-12,0.000000000e+00
28.650000,0.000000000e+00,3.748750000e-01,0.000000000e+00,0.000000000e+00,3.984109486e-12,0.000000000e+00
28.660000,0.000000000e+00,3.748750000e-01,0.000000000e+00,0.000000000e+00,3.944466935e-12,0.000000000e+00
28.670000,0.000000000e+00,3.748750000e-01,0.000000000e+00,0.000000000e+00,3.905218833e-12,0.000000000e+00
28.680000,0.000000000e+00,3.748750000e-01,0.000000000e+00,0.000000000e+00,3.866361256e-12,0.000000000e+00
28.690000,0.000000000e+00,3.748750000e-01,0.000000000e+00,0.000000000e+00,3.827890319e-12,0.000000000e+00
28.700000,0.000000000e+00,3.748750000e-01,0.000000000e+00,0.000000000e+00,3.789802174e-12,0.000000000e+00
28.710000,0.000000000e+00,3.748750000e-01,0.000000000e+00,0.000000000e+00,3.752093012e-12,0.000000000e+00
28.720000,0.000000000e+00,3.748750000e-01,0.000000000e+00,0.000000000e+00,3.714759063e-12,0.000000000e+00
28.730000,0.000000000e+00,3.748750000e-01,0.000000000e+00,0.000000000e+00,3.677796593e-12,0.000000000e+00
28.740000,0.000000000e+00,3.748750000e-01,0.000000000e+00,0.000000000e+00,3.641201905e-12,0.000000000e+00
28.750000,0.000000000e+00,3.748750000e-01,0.000000000e+00,0.000000000e+00,3.604971341e-12,0.000000000e+00
28.760000,0.000000000e+00,3.748750000e-01,0.000000000e+00,0.000000000e+00,3.569101277e-12,0.000000000e+00
28.770000,0.000000000e+00,3.748750000e-01,0.000000000e+00,0.000000000e+00,3.533588126e-12,0.000000000e+00
28.780000,0.000000000e+00,3.748750000e-01,0.000000000e+00,0.000000000e+00,3.498428336e-12,0.000000000e+00
28.790000,0.000000000e+00,3.748750000e-01,0.000000000e+00,0.000000000e+00,3.463618393e-12,0.000000000e+00
28.800000,0.000000000e+00,3.748750000e-01,0.000000000e+00,0.000000000e+00,3.429154814e-12,0.000000000e+00
28.810000,0.000000000e+00,3.748750000e-01,0.000000000e+00,0.000000000e+00,3.395034153e-12,0.000000000e+00
28.820000,0.000000000e+00,3.748750000e-01,0.000000000e+00,0.000000000e+00,3.361252999e-12,0.000000000e+00
28.830000,0.000000000e+00,3.748750000e-01,0.000000000e+00,0.000000000e+00,3.327807973e-12,0.000000000e+00
28.840000,0.000000000e+00,3.748750000e-01,0.000000000e+00,0.000000000e+00,3.294695731e-12,0.000000000e+00
28.850000,0.000000000e+00,3.748750000e-01,0.000000000e+00,0.000000000e+00,3.261912960e-12,0.000000000e+00
28.860000,0.000000000e+00,3.748750000e-01,0.000000000e+00,0.000000000e+00,3.229456384e-12,0.000000000e+00
28.870000,0.000000000e+00,3.748750000e-01,0.000000000e+00,0.000000000e+00,3.197322756e-12,0.000000000e+00
28.880000,0.000000000e+00,3.748750000e-01,0.000000000e+00,0.000000000e+00,3.165508863e-12,0.000000000e+00
28.890000,0.000000000e+00,3.748750000e-01,0.000000000e+00,0.000000000e+00,3.134011524e-12,0.000000000e+00
28.900000,0.000000000e+00,3.748750000e-01,0.000000000e+00,0.000000000e+00,3.102827588e-12,0.000000000e+00
28.910000,0.000000000e+00,3.748750000e-01,0.000000000e+00,0.000000000e+00,3.071953938e-12,0.000000000e+00
28.920000,0.000000000e+00,3.748750000e-01,0.000000000e+00,0.000000000e+00,3.041387485e-12,0.000000000e+00
28.930000,0.000000000e+00,3.748750000e-01,0.000000000e+00,0.000000000e+00,3.011125174e-12,0.000000000e+00
28.940000,0.000000000e+00,3.748750000e-01,0.000000000e+00,0.000000000e+00,2.981163978e-12,0.000000000e+00
28.950000,0.000000000e+00,3.748750000e-01,0.000000000e+00,0.000000000e+00,2.951500901e-12,0.000000000e+00
28.960000,0.000000000e+00,3.748750000e-01,0.000000000e+00,0.000000000e+00,2.922132976e-12,0.000000000e+00
28.970000,0.000000000e+00,3.748750000e-01,0.000000000e+00,0.000000000e+00,2.893057267e-12,0.000000000e+00
28.980000,0.000000000e+00,3.748750000e-01,0.000000000e+00,0.000000000e+00,2.864270866e-12,0.000000000e+00
28.990000,0.000000000e+00,3.748750000e-01,0.000000000e+00,0.000000000e+00,2.835770895e-12,0.000000000e+00
29.000000,0.000000000e+00,3.748750000e-01,0.000000000e+00,0.000000000e+00,2.807554503e-12,0.000000000e+00
29.010000,0.000000000e+00,3.748750000e-01,0.000000000e+00,0.000000000e+00,2.779618869e-12,0.000000000e+00
29.020000,0.000000000e+00,3.748750000e-01,0.000000000e+00,0.000000000e+00,2.751961199e-12,0.000000000e+00
29.030000,0.000000000e+00,3.748750000e-01,0.000000000e+00,0.000000000e+00,2.724578728e-12,0.000000000e+00
29.040000,0.000000000e+00,3.748750000e-01,0.000000000e+00,0.000000000e+00,2.697468717e-12,0.000000000e+00
29.050000,0.000000000e+00,3.748750000e-01,0.000000000e+00,0.000000000e+00,2.670628454e-12,0.000000000e+00
29.060000,0.000000000e+00,3.748750000e-01,0.000000000e+00,0.000000000e+00,2.644055257e-12,0.000000000e+00
29.070000,0.000000000e+00,3.748750000e-01,0.000000000e+00,0.000000000e+00,2.617746468e-12,0.000000000e+00
29.080000,0.000000000e+00,3.748750000e-01,0.000000000e+00,0.000000000e+00,2.591699455e-12,0.000000000e+00
29.090000,0.000000000e+00,3.748750000e-01,0.000000000e+00,0.000000000e+00,2.565911615e-12,0.000000000e+00
29.100000,0.000000000e+00,3.748750000e-01,0.000000000e+00,0.000000000e+00,2.540380368e-12,0.000000000e+00
29.110000,0.000000000e+00,3.748750000e-01,0.000000000e+00,0.000000000e+00,2.515103161e-12,0.000000000e+00
29.120000,0.000000000e+00,3.748750000e-01,0.000000000e+00,0.000000000e+00,2.490077466e-12,0.000000000e+00
29.130000,0.000000000e+00,3.748750000e-01,0.000000000e+00,0.000000000e+00,2.465300781e-12,0.000000000e+00
29.140000,0.000000000e+00,3.748750000e-01,0.000000000e+00,0.000000000e+00,2.440770629e-12,0.000000000e+00
29.150000,0.000000000e+00,3.748750000e-01,0.000000000e+00,0.000000000e+00,2.416484555e-12,0.000000000e+00
29.160000,0.000000000e+00,3.748750000e-01,0.000000000e+00,0.000000000e+00,2.392440132e-12,0.000000000e+00
29.170000,0.000000000e+00,3.748750000e-01,0.000000000e+00,0.000000000e+00,2.368634955e-12,0.000000000e+00
29.180000,0.000000000e+00,3.748750000e-01,0.000000000e+00,0.000000000e+00,2.345066644e-12,0.000000000e+00
29.190000,0.000000000e+00,3.748750000e-01,0.000000000e+00,0.000000000e+00,2.321732841e-12,0.000000000e+00
29.200000,0.000000000e+00,3.748750000e-01,0.000000000e+00,0.000000000e+00,2.298631213e-12,0.000000000e+00
29.210000,0.000000000e+00,3.748750000e-01,0.000000000e+00,0.000000000e+00,2.275759450e-12,0.000000000e+00
29.220000,0.000000000e+00,3.748750000e-01,0.000000000e+00,0.000000000e+00,2.253115265e-12,0.000000000e+00
29.230000,0.000000000e+00,3.748750000e-01,0.000000000e+00,0.000000000e+00,2.230696394e-12,0.000000000e+00
29.240000,0.000000000e+00,3.748750000e-01,0.000000000e+00,0.000000000e+00,2.208500594e-12,0.000000000e+00
29.250000,0.000000000e+00,3.748750000e-01,0.000000000e+00,0.000000000e+00,2.186525646e-12,0.000000000e+00
29.260000,0.000000000e+00,3.748750000e-01,0.000000000e+00,0.000000000e+00,2.164769352e-12,0.000000000e+00
29.270000,0.000000000e+00,3.748750000e-01,0.000000000e+00,0.000000000e+00,2.143229537e-12,0.000000000e+00
29.280000,0.000000000e+00,3.748750000e-01,0.000000000e+00,0.000000000e+00,2.121904047e-12,0.000000000e+00
29.290000,0.000000000e+00,3.748750000e-01,0.000000000e+00,0.000000000e+00,2.100790749e-12,0.000000000e+00
29.300000,0.000000000e+00,3.748750000e-01,0.000000000e+00,0.000000000e+00,2.079887532e-12,0.000000000e+00
29.310000,0.000000000e+00,3.748750000e-01,0.000000000e+00,0.000000000e+00,2.059192305e-12,0.000000000e+00
29.320000,0.000000000e+00,3.748750000e-01,0.000000000e+00,0.000000000e+00,2.038702999e-12,0.000000000e+00
29.330000,0.000000000e+00,3.748750000e-01,0.000000000e+00,0.000000000e+00,2.018417565e-12,0.000000000e+00
29.340000,0.000000000e+00,3.748750000e-01,0.000000000e+00,0.000000000e+00,1.998333975e-12,0.000000000e+00
29.350000,0.000000000e+00,3.748750000e-01,0.000000000e+00,0.000000000e+00,1.978450220e-12,0.000000000e+00
29.360000,0.000000000e+00,3.748750000e-01,0.000000000e+00,0.000000000e+00,1.958764311e-12,0.000000000e+00
29.370000,0.000000000e+00,3.748750000e-01,0.000000000e+00,0.000000000e+00,1.939274281e-12,0.000000000e+00
29.380000,0.000000000e+00,3.748750000e-01,0.000000000e+00,0.000000000e+00,1.919978179e-12,0.000000000e+00
29.390000,0.000000000e+00,3.748750000e-01,0.000000000e+00,0.000000000e+00,1.900874077e-12,0.000000000e+00
29.400000,0.000000000e+00,3.748750000e-01,0.000000000e+00,0.000000000e+00,1.881960064e-12,0.000000000e+00
29.410000,0.000000000e+00,3.748750000e-01,0.000000000e+00,0.000000000e+00,1.863234248e-12,0.000000000e+00
29.420000,0.000000000e+00,3.748750000e-01,0.000000000e+00,0.000000000e+00,1.844694758e-12,0.000000000e+00
29.430000,0.000000000e+00,3.748750000e-01,0.000000000e+00,0.000000000e+00,1.826339738e-12,0.000000000e+00
29.440000,0.000000000e+00,3.748750000e-01,0.000000000e+00,0.000000000e+00,1.808167354e-12,0.000000000e+00
29.450000,0.000000000e+00,3.748750000e-01,0.000000000e+00,0.000000000e+00,1.790175789e-12,0.000000000e+00
29.460000,0.000000000e+00,3.748750000e-01,0.000000000e+00,0.000000000e+00,1.772363242e-12,0.000000000e+00
29.470000,0.000000000e+00,3.748750000e-01,0.000000000e+00,0.000000000e+00,1.754727933e-12,0.000000000e+00
29.480000,0.000000000e+00,3.748750000e-01,0.000000000e+00,0.000000000e+00,1.737268098e-12,0.000000000e+00
29.490000,0.000000000e+00,3.748750000e-01,0.000000000e+00,0.000000000e+00,1.719981992e-12,0.000000000e+00
29.500000,0.000000000e+00,3.748750000e-01,0.000000000e+00,0.000000000e+00,1.702867885e-12,0.000000000e+00
29.510000,0.000000000e+00,3.748750000e-01,0.000000000e+00,0.000000000e+00,1.685924067e-12,0.000000000e+00
29.520000,0.000000000e+00,3.748750000e-01,0.000000000e+00,0.000000000e+00,1.669148842e-12,0.000000000e+00
29.530000,0.000000000e+00,3.748750000e-01,0.000000000e+00,0.000000000e+00,1.652540533e-12,0.000000000e+00
29.540000,0.000000000e+00,3.748750000e-01,0.000000000e+00,0.000000000e+00,1.636097480e-12,0.000000000e+00
29.550000,0.000000000e+00,3.748750000e-01,0.000000000e+00,0.000000000e+00,1.619818038e-12,0.000000000e+00
29.560000,0.000000000e+00,3.748750000e-01,0.000000000e+00,0.000000000e+00,1.603700580e-12,0.000000000e+00
29.570000,0.000000000e+00,3.748750000e-01,0.000000000e+00,0.000000000e+00,1.587743492e-12,0.000000000e+00
29.580000,0.000000000e+00,3.748750000e-01,0.000000000e+00,0.000000000e+00,1.571945181e-12,0.000000000e+00
29.590000,0.000000000e+00,3.748750000e-01,0.000000000e+00,0.000000000e+00,1.556304065e-12,0.000000000e+00
29.600000,0.000000000e+00,3.748750000e-01,0.000000000e+00,0.000000000e+00,1.540818580e-12,0.000000000e+00
29.610000,0.000000000e+00,3.748750000e-01,0.000000000e+00,0.000000000e+00,1.525487179e-12,0.000000000e+00
29.620000,0.000000000e+00,3.748750000e-01,0.000000000e+00,0.000000000e+00,1.510308328e-12,0.000000000e+00
29.630000,0.000000000e+00,3.748750000e-01,0.000000000e+00,0.000000000e+00,1.495280509e-12,0.000000000e+00
29.640000,0.000000000e+00,3.748750000e-01,0.000000000e+00,0.000000000e+00,1.480402220e-12,0.000000000e+00
29.650000,0.000000000e+00,3.748750000e-01,0.000000000e+00,0.000000000e+00,1.465671972e-12,0.000000000e+00
29.660000,0.000000000e+00,3.748750000e-01,0.000000000e+00,0.000000000e+00,1.451088292e-12,0.000000000e+00
29.670000,0.000000000e+00,3.748750000e-01,0.000000000e+00,0.000000000e+00,1.436649722e-12,0.000000000e+00
29.680000,0.000000000e+00,3.748750000e-01,0.000000000e+00,0.000000000e+00,1.422354818e-12,0.000000000e+00
29.690000,0.000000000e+00,3.748750000e-01,0.000000000e+00,0.000000000e+00,1.408202152e-12,0.000000000e+00
29.700000,0.000000000e+00,3.748750000e-01,0.000000000e+00,0.000000000e+00,1.394190306e-12,0.000000000e+00
29.710000,0.000000000e+00,3.748750000e-01,0.000000000e+00,0.000000000e+00,1.380317881e-12,0.000000000e+00
29.720000,0.000000000e+00,3.748750000e-01,0.000000000e+00,0.000000000e+00,1.366583488e-12,0.000000000e+00
29.730000,0.000000000e+00,3.748750000e-01,0.000000000e+00,0.000000000e+00,1.352985755e-12,0.000000000e+00
29.740000,0.000000000e+00,3.748750000e-01,0.000000000e+00,0.000000000e+00,1.339523322e-12,0.000000000e+00
29.750000,0.000000000e+00,3.748750000e-01,0.000000000e+00,0.000000000e+00,1.326194842e-12,0.000000000e+00
29.760000,0.000000000e+00,3.748750000e-01,0.000000000e+00,0.000000000e+00,1.312998983e-12,0.000000000e+00
29.770000,0.000000000e+00,3.748750000e-01,0.000000000e+00,0.000000000e+00,1.299934425e-12,0.000000000e+00
29.780000,0.000000000e+00,3.748750000e-01,0.000000000e+00,0.000000000e+00,1.286999861e-12,0.000000000e+00
29.790000,0.000000000e+00,3.748750000e-01,0.000000000e+00,0.000000000e+00,1.274193999e-12,0.000000000e+00
29.800000,0.000000000e+00,3.748750000e-01,0.000000000e+00,0.000000000e+00,1.261515557e-12,0.000000000e+00
29.810000,0.000000000e+00,3.748750000e-01,0.000000000e+00,0.000000000e+00,1.248963267e-12,0.000000000e+00
29.820000,0.000000000e+00,3.748750000e-01,0.000000000e+00,0.000000000e+00,1.236535875e-12,0.000000000e+00
29.830000,0.000000000e+00,3.748750000e-01,0.000000000e+00,0.000000000e+00,1.224232138e-12,0.000000000e+00
29.840000,0.000000000e+00,3.748750000e-01,0.000000000e+00,0.000000000e+00,1.212050824e-12,0.000000000e+00
29.850000,0.000000000e+00,3.748750000e-01,0.000000000e+00,0.000000000e+00,1.199990717e-12,0.000000000e+00
29.860000,0.000000000e+00,3.748750000e-01,0.000000000e+00,0.000000000e+00,1.188050610e-12,0.000000000e+00
29.870000,0.000000000e+00,3.748750000e-01,0.000000000e+00,0.000000000e+00,1.176229309e-12,0.000000000e+00
29.880000,0.000000000e+00,3.748750000e-01,0.000000000e+00,0.000000000e+00,1.164525632e-12,0.000000000e+00
29.890000,0.000000000e+00,3.748750000e-01,0.000000000e+00,0.000000000e+00,1.152938408e-12,0.000000000e+00
29.900000,0.000000000e+00,3.748750000e-01,0.000000000e+00,0.000000000e+00,1.141466479e-12,0.000000000e+00
29.910000,0.000000000e+00,3.748750000e-01,0.000000000e+00,0.000000000e+00,1.130108698e-12,0.000000000e+00
29.920000,0.000000000e+00,3.748750000e-01,0.000000000e+00,0.000000000e+00,1.118863929e-12,0.000000000e+00
29.930000,0.000000000e+00,3.748750000e-01,0.000000000e+00,0.000000000e+00,1.107731046e-12,0.000000000e+00
29.940000,0.000000000e+00,3.748750000e-01,0.000000000e+00,0.000000000e+00,1.096708938e-12,0.000000000e+00
29.950000,0.000000000e+00,3.748750000e-01,0.000000000e+00,0.000000000e+00,1.085796502e-12,0.000000000e+00
29.960000,0.000000000e+00,3.748750000e-01,0.000000000e+00,0.000000000e+00,1.074992646e-12,0.000000000e+00
29.970000,0.000000000e+00,3.748750000e-01,0.000000000e+00,0.000000000e+00,1.064296291e-12,0.000000000e+00
29.980000,0.000000000e+00,3.748750000e-01,0.000000000e+00,0.000000000e+00,1.053706366e-12,0.000000000e+00
29.990000,0.000000000e+00,3.748750000e-01,0.000000000e+00,0.000000000e+00,1.043221812e-12,0.000000000e+00
30.000000,0.000000000e+00,3.748750000e-01,0.000000000e+00,0.000000000e+00,1.032841582e-12,0.000000000e+00
30.010000,0.000000000e+00,3.748750000e-01,0.000000000e+00,0.000000000e+00,1.022564636e-12,0.000000000e+00
30.020000,0.000000000e+00,3.748750000e-01,0.000000000e+00,0.000000000e+00,1.012389948e-12,0.000000000e+00
30.030000,0.000000000e+00,3.748750000e-01,0.000000000e+00,0.000000000e+00,1.002316500e-12,0.000000000e+00
30.040000,0.000000000e+00,3.748750000e-01,0.000000000e+00,0.000000000e+00,9.923432841e-13,0.000000000e+00
30.050000,0.000000000e+00,3.748750000e-01,0.000000000e+00,0.000000000e+00,9.824693035e-13,0.000000000e+00
30.060000,0.000000000e+00,3.748750000e-01,0.000000000e+00,0.000000000e+00,9.726935706e-13,0.000000000e+00
30.070000,0.000000000e+00,3.748750000e-01,0.000000000e+00,0.000000000e+00,9.630151078e-13,0.000000000e+00
30.080000,0.000000000e+00,3.748750000e-01,0.000000000e+00,0.000000000e+00,9.534329474e-13,0.000000000e+00
30.090000,0.000000000e+00,3.748750000e-01,0.000000000e+00,0.000000000e+00,9.439461311e-13,0.000000000e+00
30.100000,0.000000000e+00,3.748750000e-01,0.000000000e+00,0.000000000e+00,9.345537102e-13,0.000000000e+00
30.110000,0.000000000e+00,3.748750000e-01,0.000000000e+00,0.000000000e+00,9.252547454e-13,0.000000000e+00
30.120000,0.000000000e+00,3.748750000e-01,0.000000000e+00,0.000000000e+00,9.160483068e-13,0.000000000e+00
30.130000,0.000000000e+00,3.748750000e-01,0.000000000e+00,0.000000000e+00,9.069334739e-13,0.000000000e+00
30.140000,0.000000000e+00,3.748750000e-01,0.000000000e+00,0.000000000e+00,8.979093350e-13,0.000000000e+00
30.150000,0.000000000e+00,3.748750000e-01,0.000000000e+00,0.000000000e+00,8.889749879e-13,0.000000000e+00
30.160000,0.000000000e+00,3.748750000e-01,0.000000000e+00,0.000000000e+00,8.801295390e-13,0.000000000e+00
30.170000,0.000000000e+00,3.748750000e-01,0.000000000e+00,0.000000000e+00,8.713721037e-13,0.000000000e+00
30.180000,0.000000000e+00,3.748750000e-01,0.000000000e+00,0.000000000e+00,8.627018064e-13,0.000000000e+00
30.190000,0.000000000e+00,3.748750000e-01,0.000000000e+00,0.000000000e+00,8.541177800e-13,0.000000000e+00
30.200000,0.000000000e+00,3.748750000e-01,0.000000000e+00,0.000000000e+00,8.456191661e-13,0.000000000e+00
30.210000,0.000000000e+00,3.748750000e-01,0.000000000e+00,0.000000000e+00,8.372051148e-13,0.000000000e+00
30.220000,0.000000000e+00,3.748750000e-01,0.000000000e+00,0.000000000e+00,8.288747848e-13,0.000000000e+00
30.230000,0.000000000e+00,3.748750000e-01,0.000000000e+00,0.000000000e+00,8.206273428e-13,0.000000000e+00
30.240000,0.000000000e+00,3.748750000e-01,0.000000000e+00,0.000000000e+00,8.124619644e-13,0.000000000e+00
30.250000,0.000000000e+00,3.748750000e-01,0.000000000e+00,0.000000000e+00,8.043778327e-13,0.000000000e+00
30.260000,0.000000000e+00,3.748750000e-01,0.000000000e+00,0.000000000e+00,7.963741396e-13,0.000000000e+00
30.270000,0.000000000e+00,3.748750000e-01,0.000000000e+00,0.000000000e+00,7.884500845e-13,0.000000000e+00
30.280000,0.000000000e+00,3.748750000e-01,0.000000000e+00,0.000000000e+00,7.806048751e-13,0.000000000e+00
30.290000,0.000000000e+00,3.748750000e-01,0.000000000e+00,0.000000000e+00,7.728377268e-13,0.000000000e+00
30.300000,0.000000000e+00,3.748750000e-01,0.000000000e+00,0.000000000e+00,7.651478629e-13,0.000000000e+00
30.310000,0.000000000e+00,3.748750000e-01,0.000000000e+00,0.000000000e+00,7.575345145e-13,0.000000000e+00
30.320000,0.000000000e+00,3.748750000e-01,0.000000000e+00,0.000000000e+00,7.499969201e-13,0.000000000e+00
30.330000,0.000000000e+00,3.748750000e-01,0.000000000e+00,0.000000000e+00,7.425343261e-13,0.000000000e+00
30.340000,0.000000000e+00,3.748750000e-01,0.000000000e+00,0.000000000e+00,7.351459861e-13,0.000000000e+00
30.350000,0.000000000e+00,3.748750000e-01,0.000000000e+00,0.000000000e+00,7.278311613e-13,0.000000000e+00
30.360000,0.000000000e+00,3.748750000e-01,0.000000000e+00,0.000000000e+00,7.205891202e-13,0.000000000e+00
30.370000,0.000000000e+00,3.748750000e-01,0.000000000e+00,0.000000000e+00,7.134191387e-13,0.000000000e+00
30.380000,0.000000000e+00,3.748750000e-01,0.000000000e+00,0.000000000e+00,7.063204997e-13,0.000000000e+00
30.390000,0.000000000e+00,3.748750000e-01,0.000000000e+00,0.000000000e+00,6.992924933e-13,0.000000000e+00
30.400000,0.000000000e+00,3.748750000e-01,0.000000000e+00,0.000000000e+00,6.923344167e-13,0.000000000e+00
30.410000,0.000000000e+00,3.748750000e-01,0.000000000e+00,0.000000000e+00,6.854455742e-13,0.000000000e+00
30.420000,0.000000000e+00,3.748750000e-01,0.000000000e+00,0.000000000e+00,6.786252767e-13,0.000000000e+00
30.430000,0.000000000e+00,3.748750000e-01,0.000000000e+00,0.000000000e+00,6.718728424e-13,0.000000000e+00
30.440000,0.000000000e+00,3.748750000e-01,0.000000000e+00,0.000000000e+00,6.651875959e-13,0.000000000e+00
30.450000,0.000000000e+00,3.748750000e-01,0.000000000e+00,0.000000000e+00,6.585688688e-13,0.000000000e+00
30.460000,0.000000000e+00,3.748750000e-01,0.000000000e+00,0.000000000e+00,6.520159990e-13,0.000000000e+00
30.470000,0.000000000e+00,3.748750000e-01,0.000000000e+00,0.000000000e+00,6.455283314e-13,0.000000000e+00
30.480000,0.000000000e+00,3.748750000e-01,0.000000000e+00,0.000000000e+00,6.391052172e-13,0.000000000e+00
30.490000,0.000000000e+00,3.748750000e-01,0.000000000e+00,0.000000000e+00,6.327460141e-13,0.000000000e+00
30.500000,0.000000000e+00,3.748750000e-01,0.000000000e+00,0.000000000e+00,6.264500860e-13,0.000000000e+00
30.510000,0.000000000e+00,3.748750000e-01,0.000000000e+00,0.000000000e+00,6.202168035e-13,0.000000000e+00
30.520000,0.000000000e+00,3.748750000e-01,0.000000000e+00,0.000000000e+00,6.140455432e-13,0.000000000e+00
30.530000,0.000000000e+00,3.748750000e-01,0.000000000e+00,0.000000000e+00,6.079356880e-13,0.000000000e+00
30.540000,0.000000000e+00,3.748750000e-01,0.000000000e+00,0.000000000e+00,6.018866268e-13,0.000000000e+00
30.550000,0.000000000e+00,3.748750000e-01,0.000000000e+00,0.000000000e+00,5.958977548e-13,0.000000000e+00
30.560000,0.000000000e+00,3.748750000e-01,0.000000000e+00,0.000000000e+00,5.899684731e-13,0.000000000e+00
30.570000,0.000000000e+00,3.748750000e-01,0.000000000e+00,0.000000000e+00,5.840981887e-13,0.000000000e+00
30.580000,0.000000000e+00,3.748750000e-01,0.000000000e+00,0.000000000e+00,5.782863146e-13,0.000000000e+00
30.590000,0.000000000e+00,3.748750000e-01,0.000000000e+00,0.000000000e+00,5.725322696e-13,0.000000000e+00
30.600000,0.000000000e+00,3.748750000e-01,0.000000000e+00,0.000000000e+00,5.668354784e-13,0.000000000e+00
30.610000,0.000000000e+00,3.748750000e-01,0.000000000e+00,0.000000000e+00,5.611953711e-13,0.000000000e+00
30.620000,0.000000000e+00,3.748750000e-01,0.000000000e+00,0.000000000e+00,5.556113839e-13,0.000000000e+00
30.630000,0.000000000e+00,3.748750000e-01,0.000000000e+00,0.000000000e+00,5.500829583e-13,0.000000000e+00
30.640000,0.000000000e+00,3.748750000e-01,0.000000000e+00,0.000000000e+00,5.446095414e-13,0.000000000e+00
30.650000,0.000000000e+00,3.748750000e-01,0.000000000e+00,0.000000000e+00,5.391905859e-13,0.000000000e+00
30.660000,0.000000000e+00,3.748750000e-01,0.000000000e+00,0.000000000e+00,5.338255499e-13,0.000000000e+00
30.670000,0.000000000e+00,3.748750000e-01,0.000000000e+00,0.000000000e+00,5.285138969e-13,0.000000000e+00
30.680000,0.000000000e+00,3.748750000e-01,0.000000000e+00,0.000000000e+00,5.232550958e-13,0.000000000e+00
30.690000,0.000000000e+00,3.748750000e-01,0.000000000e+00,0.000000000e+00,5.180486206e-13,0.000000000e+00
30.700000,0.000000000e+00,3.748750000e-01,0.000000000e+00,0.000000000e+00,5.128939507e-13,0.000000000e+00
30.710000,0.000000000e+00,3.748750000e-01,0.000000000e+00,0.000000000e+00,5.077905706e-13,0.000000000e+00
30.720000,0.000000000e+00,3.748750000e-01,0.000000000e+00,0.000000000e+00,5.027379700e-13,0.000000000e+00
30.730000,0.000000000e+00,3.748750000e-01,0.000000000e+00,0.000000000e+00,4.977356437e-13,0.000000000e+00
30.740000,0.000000000e+00,3.748750000e-01,0.000000000e+00,0.000000000e+00,4.927830913e-13,0.000000000e+00
30.750000,0.000000000e+00,3.748750000e-01,0.000000000e+00,0.000000000e+00,4.878798176e-13,0.000000000e+00
30.760000,0.000000000e+00,3.748750000e-01,0.000000000e+00,0.000000000e+00,4.830253323e-13,0.000000000e+00
30.770000,0.000000000e+00,3.748750000e-01,0.000000000e+00,0.000000000e+00,4.782191499e-13,0.000000000e+00
30.780000,0.000000000e+00,3.748750000e-01,0.000000000e+00,0.000000000e+00,4.734607899e-13,0.000000000e+00
30.790000,0.000000000e+00,3.748750000e-01,0.000000000e+00,0.000000000e+00,4.687497763e-13,0.000000000e+00
30.800000,0.000000000e+00,3.748750000e-01,0.000000000e+00,0.000000000e+00,4.640856381e-13,0.000000000e+00
30.810000,0.000000000e+00,3.748750000e-01,0.000000000e+00,0.000000000e+00,4.594679088e-13,0.000000000e+00
30.820000,0.000000000e+00,3.748750000e-01,0.000000000e+00,0.000000000e+00,4.548961268e-13,0.000000000e+00
30.830000,0.000000000e+00,3.748750000e-01,0.000000000e+00,0.000000000e+00,4.503698347e-13,0.000000000e+00
30.840000,0.000000000e+00,3.748750000e-01,0.000000000e+00,0.000000000e+00,4.458885799e-13,0.000000000e+00
30.850000,0.000000000e+00,3.748750000e-01,0.000000000e+00,0.000000000e+00,4.414519144e-13,0.000000000e+00
30.860000,0.000000000e+00,3.748750000e-01,0.000000000e+00,0.000000000e+00,4.370593945e-13,0.000000000e+00
30.870000,0.000000000e+00,3.748750000e-01,0.000000000e+00,0.000000000e+00,4.327105809e-13,0.000000000e+00
30.880000,0.000000000e+00,3.748750000e-01,0.000000000e+00,0.000000000e+00,4.284050386e-13,0.000000000e+00
30.890000,0.000000000e+00,3.748750000e-01,0.000000000e+00,0.000000000e+00,4.241423373e-13,0.000000000e+00
30.900000,0.000000000e+00,3.748750000e-01,0.000000000e+00,0.000000000e+00,4.199220505e-13,0.000000000e+00
30.910000,0.000000000e+00,3.748750000e-01,0.000000000e+00,0.000000000e+00,4.157437563e-13,0.000000000e+00
30.920000,0.000000000e+00,3.748750000e-01,0.000000000e+00,0.000000000e+00,4.116070368e-13,0.000000000e+00
30.930000,0.000000000e+00,3.748750000e-01,0.000000000e+00,0.000000000e+00,4.075114784e-13,0.000000000e+00
30.940000,0.000000000e+00,3.748750000e-01,0.000000000e+00,0.000000000e+00,4.034566714e-13,0.000000000e+00
30.950000,0.000000000e+00,3.748750000e-01,0.000000000e+00,0.000000000e+00,3.994422105e-13,0.000000000e+00
30.960000,0.000000000e+00,3.748750000e-01,0.000000000e+00,0.000000000e+00,3.954676941e-13,0.000000000e+00
30.970000,0.000000000e+00,3.748750000e-01,0.000000000e+00,0.000000000e+00,3.915327248e-13,0.000000000e+00
30.980000,0.000000000e+00,3.748750000e-01,0.000000000e+00,0.000000000e+00,3.876369090e-13,0.000000000e+00
30.990000,0.000000000e+00,3.748750000e-01,0.000000000e+00,0.000000000e+00,3.837798574e-13,0.000000000e+00
31.000000,0.000000000e+00,3.748750000e-01,0.000000000e+00,0.000000000e+00,3.799611840e-13,0.000000000e+00
31.010000,0.000000000e+00,3.748750000e-01,0.000000000e+00,0.000000000e+00,3.761805070e-13,0.000000000e+00
31.020000,0.000000000e+00,3.748750000e-01,0.000000000e+00,0.000000000e+00,3.724374484e-13,0.000000000e+00
31.030000,0.000000000e+00,3.748750000e-01,0.000000000e+00,0.000000000e+00,3.687316339e-13,0.000000000e+00
31.040000,0.000000000e+00,3.748750000e-01,0.000000000e+00,0.000000000e+00,3.650626929e-13,0.000000000e+00
31.050000,0.000000000e+00,3.748750000e-01,0.000000000e+00,0.000000000e+00,3.614302584e-13,0.000000000e+00
31.060000,0.000000000e+00,3.748750000e-01,0.000000000e+00,0.000000000e+00,3.578339672e-13,0.000000000e+00
31.070000,0.000000000e+00,3.748750000e-01,0.000000000e+00,0.000000000e+00,3.542734597e-13,0.000000000e+00
31.080000,0.000000000e+00,3.748750000e-01,0.000000000e+00,0.000000000e+00,3.507483799e-13,0.000000000e+00
31.090000,0.000000000e+00,3.748750000e-01,0.000000000e+00,0.000000000e+00,3.472583752e-13,0.000000000e+00
31.100000,0.000000000e+00,3.748750000e-01,0.000000000e+00,0.000000000e+00,3.438030967e-13,0.000000000e+00
31.110000,0.000000000e+00,3.748750000e-01,0.000000000e+00,0.000000000e+00,3.403821987e-13,0.000000000e+00
31.120000,0.000000000e+00,3.748750000e-01,0.000000000e+00,0.000000000e+00,3.369953392e-13,0.000000000e+00
31.130000,0.000000000e+00,3.748750000e-01,0.000000000e+00,0.000000000e+00,3.336421796e-13,0.000000000e+00
31.140000,0.000000000e+00,3.748750000e-01,0.000000000e+00,0.000000000e+00,3.303223844e-13,0.000000000e+00
31.150000,0.000000000e+00,3.748750000e-01,0.000000000e+00,0.000000000e+00,3.270356218e-13,0.000000000e+00
31.160000,0.000000000e+00,3.748750000e-01,0.000000000e+00,0.000000000e+00,3.237815630e-13,0.000000000e+00
31.170000,0.000000000e+00,3.748750000e-01,0.000000000e+00,0.000000000e+00,3.205598826e-13,0.000000000e+00
31.180000,0.000000000e+00,3.748750000e-01,0.000000000e+00,0.000000000e+00,3.173702585e-13,0.000000000e+00
31.190000,0.000000000e+00,3.748750000e-01,0.000000000e+00,0.000000000e+00,3.142123716e-13,0.000000000e+00
31.200000,0.000000000e+00,3.748750000e-01,0.000000000e+00,0.000000000e+00,3.110859063e-13,0.000000000e+00
31.210000,0.000000000e+00,3.748750000e-01,0.000000000e+00,0.000000000e+00,3.079905498e-13,0.000000000e+00
31.220000,0.000000000e+00,3.748750000e-01,0.000000000e+00,0.000000000e+00,3.049259926e-13,0.000000000e+00
31.230000,0.000000000e+00,3.748750000e-01,0.000000000e+00,0.000000000e+00,3.018919283e-13,0.000000000e+00
31.240000,0.000000000e+00,3.748750000e-01,0.000000000e+00,0.000000000e+00,2.988880534e-13,0.000000000e+00
31.250000,0.000000000e+00,3.748750000e-01,0.000000000e+00,0.000000000e+00,2.959140676e-13,0.000000000e+00
31.260000,0.000000000e+00,3.748750000e-01,0.000000000e+00,0.000000000e+00,2.929696735e-13,0.000000000e+00
31.270000,0.000000000e+00,3.748750000e-01,0.000000000e+00,0.000000000e+00,2.900545765e-13,0.000000000e+00
31.280000,0.000000000e+00,3.748750000e-01,0.000000000e+00,0.000000000e+00,2.871684852e-13,0.000000000e+00
31.290000,0.000000000e+00,3.748750000e-01,0.000000000e+00,0.000000000e+00,2.843111111e-13,0.000000000e+00
31.300000,0.000000000e+00,3.748750000e-01,0.000000000e+00,0.000000000e+00,2.814821682e-13,0.000000000e+00
31.310000,0.000000000e+00,3.748750000e-01,0.000000000e+00,0.000000000e+00,2.786813739e-13,0.000000000e+00
31.320000,0.000000000e+00,3.748750000e-01,0.000000000e+00,0.000000000e+00,2.759084479e-13,0.000000000e+00
31.330000,0.000000000e+00,3.748750000e-01,0.000000000e+00,0.000000000e+00,2.731631129e-13,0.000000000e+00
31.340000,0.000000000e+00,3.748750000e-01,0.000000000e+00,0.000000000e+00,2.704450946e-13,0.000000000e+00
31.350000,0.000000000e+00,3.748750000e-01,0.000000000e+00,0.000000000e+00,2.677541209e-13,0.000000000e+00
31.360000,0.000000000e+00,3.748750000e-01,0.000000000e+00,0.000000000e+00,2.650899229e-13,0.000000000e+00
31.370000,0.000000000e+00,3.748750000e-01,0.000000000e+00,0.000000000e+00,2.624522341e-13,0.000000000e+00
31.380000,0.000000000e+00,3.748750000e-01,0.000000000e+00,0.000000000e+00,2.598407907e-13,0.000000000e+00
31.390000,0.000000000e+00,3.748750000e-01,0.000000000e+00,0.000000000e+00,2.572553317e-13,0.000000000e+00
31.400000,0.000000000e+00,3.748750000e-01,0.000000000e+00,0.000000000e+00,2.546955983e-13,0.000000000e+00
31.410000,0.000000000e+00,3.748750000e-01,0.000000000e+00,0.000000000e+00,2.521613348e-13,0.000000000e+00
31.420000,0.000000000e+00,3.748750000e-01,0.000000000e+00,0.000000000e+00,2.496522876e-13,0.000000000e+00
31.430000,0.000000000e+00,3.748750000e-01,0.000000000e+00,0.000000000e+00,2.471682058e-13,0.000000000e+00
31.440000,0.000000000e+00,3.748750000e-01,0.000000000e+00,0.000000000e+00,2.447088411e-13,0.000000000e+00
31.450000,0.000000000e+00,3.748750000e-01,0.000000000e+00,0.000000000e+00,2.422739474e-13,0.000000000e+00
31.460000,0.000000000e+00,3.748750000e-01,0.000000000e+00,0.000000000e+00,2.398632814e-13,0.000000000e+00
31.470000,0.000000000e+00,3.748750000e-01,0.000000000e+00,0.000000000e+00,2.374766019e-13,0.000000000e+00
31.480000,0.000000000e+00,3.748750000e-01,0.000000000e+00,0.000000000e+00,2.351136702e-13,0.000000000e+00
31.490000,0.000000000e+00,3.748750000e-01,0.000000000e+00,0.000000000e+00,2.327742501e-13,0.000000000e+00
31.500000,0.000000000e+00,3.748750000e-01,0.000000000e+00,0.000000000e+00,2.304581076e-13,0.000000000e+00
31.510000,0.000000000e+00,3.748750000e-01,0.000000000e+00,0.000000000e+00,2.281650111e-13,0.000000000e+00
31.520000,0.000000000e+00,3.748750000e-01,0.000000000e+00,0.000000000e+00,2.258947313e-13,0.000000000e+00
31.530000,0.000000000e+00,3.748750000e-01,0.000000000e+00,0.000000000e+00,2.236470412e-13,0.000000000e+00
31.540000,0.000000000e+00,3.748750000e-01,0.000000000e+00,0.000000000e+00,2.214217159e-13,0.000000000e+00
31.550000,0.000000000e+00,3.748750000e-01,0.000000000e+00,0.000000000e+00,2.192185331e-13,0.000000000e+00
31.560000,0.000000000e+00,3.748750000e-01,0.000000000e+00,0.000000000e+00,2.170372722e-13,0.000000000e+00
31.570000,0.000000000e+00,3.748750000e-01,0.000000000e+00,0.000000000e+00,2.148777153e-13,0.000000000e+00
31.580000,0.000000000e+00,3.748750000e-01,0.000000000e+00,0.000000000e+00,2.127396463e-13,0.000000000e+00
31.590000,0.000000000e+00,3.748750000e-01,0.000000000e+00,0.000000000e+00,2.106228514e-13,0.000000000e+00
31.600000,0.000000000e+00,3.748750000e-01,0.000000000e+00,0.000000000e+00,2.085271190e-13,0.000000000e+00
31.610000,0.000000000e+00,3.748750000e-01,0.000000000e+00,0.000000000e+00,2.064522395e-13,0.000000000e+00
31.620000,0.000000000e+00,3.748750000e-01,0.000000000e+00,0.000000000e+00,2.043980054e-13,0.000000000e+00
31.630000,0.000000000e+00,3.748750000e-01,0.000000000e+00,0.000000000e+00,2.023642113e-13,0.000000000e+00
31.640000,0.000000000e+00,3.748750000e-01,0.000000000e+00,0.000000000e+00,2.003506538e-13,0.000000000e+00
31.650000,0.000000000e+00,3.748750000e-01,0.000000000e+00,0.000000000e+00,1.983571314e-13,0.000000000e+00
31.660000,0.000000000e+00,3.748750000e-01,0.000000000e+00,0.000000000e+00,1.963834450e-13,0.000000000e+00
31.670000,0.000000000e+00,3.748750000e-01,0.000000000e+00,0.000000000e+00,1.944293971e-13,0.000000000e+00
31.680000,0.000000000e+00,3.748750000e-01,0.000000000e+00,0.000000000e+00,1.924947923e-13,0.000000000e+00
31.690000,0.000000000e+00,3.748750000e-01,0.000000000e+00,0.000000000e+00,1.905794371e-13,0.000000000e+00
31.700000,0.000000000e+00,3.748750000e-01,0.000000000e+00,0.000000000e+00,1.886831400e-13,0.000000000e+00
31.710000,0.000000000e+00,3.748750000e-01,0.000000000e+00,0.000000000e+00,1.868057114e-13,0.000000000e+00
31.720000,0.000000000e+00,3.748750000e-01,0.000000000e+00,0.000000000e+00,1.849469635e-13,0.000000000e+00
31.730000,0.000000000e+00,3.748750000e-01,0.000000000e+00,0.000000000e+00,1.831067105e-13,0.000000000e+00
31.740000,0.000000000e+00,3.748750000e-01,0.000000000e+00,0.000000000e+00,1.812847682e-13,0.000000000e+00
31.750000,0.000000000e+00,3.748750000e-01,0.000000000e+00,0.000000000e+00,1.794809547e-13,0.000000000e+00
31.760000,0.000000000e+00,3.748750000e-01,0.000000000e+00,0.000000000e+00,1.776950893e-13,0.000000000e+00
31.770000,0.000000000e+00,3.748750000e-01,0.000000000e+00,0.000000000e+00,1.759269936e-13,0.000000000e+00
31.780000,0.000000000e+00,3.748750000e-01,0.000000000e+00,0.000000000e+00,1.741764908e-13,0.000000000e+00
31.790000,0.000000000e+00,3.748750000e-01,0.000000000e+00,0.000000000e+00,1.724434058e-13,0.000000000e+00
31.800000,0.000000000e+00,3.748750000e-01,0.000000000e+00,0.000000000e+00,1.707275652e-13,0.000000000e+00
31.810000,0.000000000e+00,3.748750000e-01,0.000000000e+00,0.000000000e+00,1.690287976e-13,0.000000000e+00
31.820000,0.000000000e+00,3.748750000e-01,0.000000000e+00,0.000000000e+00,1.673469329e-13,0.000000000e+00
31.830000,0.000000000e+00,3.748750000e-01,0.000000000e+00,0.000000000e+00,1.656818031e-13,0.000000000e+00
31.840000,0.000000000e+00,3.748750000e-01,0.000000000e+00,0.000000000e+00,1.640332416e-13,0.000000000e+00
31.850000,0.000000000e+00,3.748750000e-01,0.000000000e+00,0.000000000e+00,1.624010836e-13,0.000000000e+00
31.860000,0.000000000e+00,3.748750000e-01,0.000000000e+00,0.000000000e+00,1.607851658e-13,0.000000000e+00
31.870000,0.000000000e+00,3.748750000e-01,0.000000000e+00,0.000000000e+00,1.591853267e-13,0.000000000e+00
31.880000,0.000000000e+00,3.748750000e-01,0.000000000e+00,0.000000000e+00,1.576014062e-13,0.000000000e+00
31.890000,0.000000000e+00,3.748750000e-01,0.000000000e+00,0.000000000e+00,1.560332460e-13,0.000000000e+00
31.900000,0.000000000e+00,3.748750000e-01,0.000000000e+00,0.000000000e+00,1.544806893e-13,0.000000000e+00
31.910000,0.000000000e+00,3.748750000e-01,0.000000000e+00,0.000000000e+00,1.529435808e-13,0.000000000e+00
31.920000,0.000000000e+00,3.748750000e-01,0.000000000e+00,0.000000000e+00,1.514217667e-13,0.000000000e+00
31.930000,0.000000000e+00,3.748750000e-01,0.000000000e+00,0.000000000e+00,1.499150949e-13,0.000000000e+00
31.940000,0.000000000e+00,3.748750000e-01,0.000000000e+00,0.000000000e+00,1.484234148e-13,0.000000000e+00
31.950000,0.000000000e+00,3.748750000e-01,0.000000000e+00,0.000000000e+00,1.469465772e-13,0.000000000e+00
31.960000,0.000000000e+00,3.748750000e-01,0.000000000e+00,0.000000000e+00,1.454844343e-13,0.000000000e+00
31.970000,0.000000000e+00,3.748750000e-01,0.000000000e+00,0.000000000e+00,1.440368400e-13,0.000000000e+00
31.980000,0.000000000e+00,3.748750000e-01,0.000000000e+00,0.000000000e+00,1.426036495e-13,0.000000000e+00
31.990000,0.000000000e+00,3.748750000e-01,0.000000000e+00,0.000000000e+00,1.411847195e-13,0.000000000e+00
32.000000,0.000000000e+00,3.748750000e-01,0.000000000e+00,0.000000000e+00,1.397799080e-13,0.000000000e+00
32.010000,0.000000000e+00,3.748750000e-01,0.000000000e+00,0.000000000e+00,1.383890747e-13,0.000000000e+00
32.020000,0.000000000e+00,3.748750000e-01,0.000000000e+00,0.000000000e+00,1.370120804e-13,0.000000000e+00
32.030000,0.000000000e+00,3.748750000e-01,0.000000000e+00,0.000000000e+00,1.356487874e-13,0.000000000e+00
32.040000,0.000000000e+00,3.748750000e-01,0.000000000e+00,0.000000000e+00,1.342990594e-13,0.000000000e+00
32.050000,0.000000000e+00,3.748750000e-01,0.000000000e+00,0.000000000e+00,1.329627615e-13,0.000000000e+00
32.060000,0.000000000e+00,3.748750000e-01,0.000000000e+00,0.000000000e+00,1.316397599e-13,0.000000000e+00
32.070000,0.000000000e+00,3.748750000e-01,0.000000000e+00,0.000000000e+00,1.303299224e-13,0.000000000e+00
32.080000,0.000000000e+00,3.748750000e-01,0.000000000e+00,0.000000000e+00,1.290331180e-13,0.000000000e+00
32.090000,0.000000000e+00,3.748750000e-01,0.000000000e+00,0.000000000e+00,1.277492170e-13,0.000000000e+00
32.100000,0.000000000e+00,3.748750000e-01,0.000000000e+00,0.000000000e+00,1.264780911e-13,0.000000000e+00
32.110000,0.000000000e+00,3.748750000e-01,0.000000000e+00,0.000000000e+00,1.252196131e-13,0.000000000e+00
32.120000,0.000000000e+00,3.748750000e-01,0.000000000e+00,0.000000000e+00,1.239736571e-13,0.000000000e+00
32.130000,0.000000000e+00,3.748750000e-01,0.000000000e+00,0.000000000e+00,1.227400986e-13,0.000000000e+00
32.140000,0.000000000e+00,3.748750000e-01,0.000000000e+00,0.000000000e+00,1.215188142e-13,0.000000000e+00
32.150000,0.000000000e+00,3.748750000e-01,0.000000000e+00,0.000000000e+00,1.203096818e-13,0.000000000e+00
32.160000,0.000000000e+00,3.748750000e-01,0.000000000e+00,0.000000000e+00,1.191125805e-13,0.000000000e+00
32.170000,0.000000000e+00,3.748750000e-01,0.000000000e+00,0.000000000e+00,1.179273905e-13,0.000000000e+00
32.180000,0.000000000e+00,3.748750000e-01,0.000000000e+00,0.000000000e+00,1.167539933e-13,0.000000000e+00
32.190000,0.000000000e+00,3.748750000e-01,0.000000000e+00,0.000000000e+00,1.155922717e-13,0.000000000e+00
32.200000,0.000000000e+00,3.748750000e-01,0.000000000e+00,0.000000000e+00,1.144421094e-13,0.000000000e+00
32.210000,0.000000000e+00,3.748750000e-01,0.000000000e+00,0.000000000e+00,1.133033914e-13,0.000000000e+00
32.220000,0.000000000e+00,3.748750000e-01,0.000000000e+00,0.000000000e+00,1.121760038e-13,0.000000000e+00
32.230000,0.000000000e+00,3.748750000e-01,0.000000000e+00,0.000000000e+00,1.110598339e-13,0.000000000e+00
32.240000,0.000000000e+00,3.748750000e-01,0.000000000e+00,0.000000000e+00,1.099547701e-13,0.000000000e+00
32.250000,0.000000000e+00,3.748750000e-01,0.000000000e+00,0.000000000e+00,1.088607018e-13,0.000000000e+00
32.260000,0.000000000e+00,3.748750000e-01,0.000000000e+00,0.000000000e+00,1.077775198e-13,0.000000000e+00
32.270000,0.000000000e+00,3.748750000e-01,0.000000000e+00,0.000000000e+00,1.067051155e-13,0.000000000e+00
32.280000,0.000000000e+00,3.748750000e-01,0.000000000e+00,0.000000000e+00,1.056433819e-13,0.000000000e+00
32.290000,0.000000000e+00,3.748750000e-01,0.000000000e+00,0.000000000e+00,1.045922127e-13,0.000000000e+00
32.300000,0.000000000e+00,3.748750000e-01,0.000000000e+00,0.000000000e+00,1.035515028e-13,0.000000000e+00
32.310000,0.000000000e+00,3.748750000e-01,0.000000000e+00,0.000000000e+00,1.025211481e-13,0.000000000e+00
32.320000,0.000000000e+00,3.748750000e-01,0.000000000e+00,0.000000000e+00,1.015010456e-13,0.000000000e+00
32.330000,0.000000000e+00,3.748750000e-01,0.000000000e+00,0.000000000e+00,1.004910933e-13,0.000000000e+00
32.340000,0.000000000e+00,3.748750000e-01,0.000000000e+00,0.000000000e+00,9.949119026e-14,0.000000000e+00
32.350000,0.000000000e+00,3.748750000e-01,0.000000000e+00,0.000000000e+00,9.850123638e-14,0.000000000e+00
32.360000,0.000000000e+00,3.748750000e-01,0.000000000e+00,0.000000000e+00,9.752113270e-14,0.000000000e+00
32.370000,0.000000000e+00,3.748750000e-01,0.000000000e+00,0.000000000e+00,9.655078122e-14,0.000000000e+00
32.380000,0.000000000e+00,3.748750000e-01,0.000000000e+00,0.000000000e+00,9.559008489e-14,0.000000000e+00
32.390000,0.000000000e+00,3.748750000e-01,0.000000000e+00,0.000000000e+00,9.463894766e-14,0.000000000e+00
32.400000,0.000000000e+00,3.748750000e-01,0.000000000e+00,0.000000000e+00,9.369727439e-14,0.000000000e+00
32.410000,0.000000000e+00,3.748750000e-01,0.000000000e+00,0.000000000e+00,9.276497094e-14,0.000000000e+00
32.420000,0.000000000e+00,3.748750000e-01,0.000000000e+00,0.000000000e+00,9.184194405e-14,0.000000000e+00
32.430000,0.000000000e+00,3.748750000e-01,0.000000000e+00,0.000000000e+00,9.092810144e-14,0.000000000e+00
32.440000,0.000000000e+00,3.748750000e-01,0.000000000e+00,0.000000000e+00,9.002335172e-14,0.000000000e+00
32.450000,0.000000000e+00,3.748750000e-01,0.000000000e+00,0.000000000e+00,8.912760440e-14,0.000000000e+00
32.460000,0.000000000e+00,3.748750000e-01,0.000000000e+00,0.000000000e+00,8.824076992e-14,0.000000000e+00
32.470000,0.000000000e+00,3.748750000e-01,0.000000000e+00,0.000000000e+00,8.736275959e-14,0.000000000e+00
32.480000,0.000000000e+00,3.748750000e-01,0.000000000e+00,0.000000000e+00,8.649348561e-14,0.000000000e+00
32.490000,0.000000000e+00,3.748750000e-01,0.000000000e+00,0.000000000e+00,8.563286104e-14,0.000000000e+00
32.500000,0.000000000e+00,3.748750000e-01,0.000000000e+00,0.000000000e+00,8.478079984e-14,0.000000000e+00
32.510000,0.000000000e+00,3.748750000e-01,0.000000000e+00,0.000000000e+00,8.393721679e-14,0.000000000e+00
32.520000,0.000000000e+00,3.748750000e-01,0.000000000e+00,0.000000000e+00,8.310202753e-14,0.000000000e+00
32.530000,0.000000000e+00,3.748750000e-01,0.000000000e+00,0.000000000e+00,8.227514854e-14,0.000000000e+00
32.540000,0.000000000e+00,3.748750000e-01,0.000000000e+00,0.000000000e+00,8.145649713e-14,0.000000000e+00
32.550000,0.000000000e+00,3.748750000e-01,0.000000000e+00,0.000000000e+00,8.064599144e-14,0.000000000e+00
32.560000,0.000000000e+00,3.748750000e-01,0.000000000e+00,0.000000000e+00,7.984355042e-14,0.000000000e+00
32.570000,0.000000000e+00,3.748750000e-01,0.000000000e+00,0.000000000e+00,7.904909382e-14,0.000000000e+00
32.580000,0.000000000e+00,3.748750000e-01,0.000000000e+00,0.000000000e+00,7.826254219e-14,0.000000000e+00
32.590000,0.000000000e+00,3.748750000e-01,0.000000000e+00,0.000000000e+00,7.748381689e-14,0.000000000e+00
32.600000,0.000000000e+00,3.748750000e-01,0.000000000e+00,0.000000000e+00,7.671284003e-14,0.000000000e+00
32.610000,0.000000000e+00,3.748750000e-01,0.000000000e+00,0.000000000e+00,7.594953452e-14,0.000000000e+00
32.620000,0.000000000e+00,3.748750000e-01,0.000000000e+00,0.000000000e+00,7.519382402e-14,0.000000000e+00
32.630000,0.000000000e+00,3.748750000e-01,0.000000000e+00,0.000000000e+00,7.444563297e-14,0.000000000e+00
32.640000,0.000000000e+00,3.748750000e-01,0.000000000e+00,0.000000000e+00,7.370488655e-14,0.000000000e+00
32.650000,0.000000000e+00,3.748750000e-01,0.000000000e+00,0.000000000e+00,7.297151067e-14,0.000000000e+00
32.660000,0.000000000e+00,3.748750000e-01,0.000000000e+00,0.000000000e+00,7.224543201e-14,0.000000000e+00
32.670000,0.000000000e+00,3.748750000e-01,0.000000000e+00,0.000000000e+00,7.152657795e-14,0.000000000e+00
32.680000,0.000000000e+00,3.748750000e-01,0.000000000e+00,0.000000000e+00,7.081487661e-14,0.000000000e+00
32.690000,0.000000000e+00,3.748750000e-01,0.000000000e+00,0.000000000e+00,7.011025681e-14,0.000000000e+00
32.700000,0.000000000e+00,3.748750000e-01,0.000000000e+00,0.000000000e+00,6.941264810e-14,0.000000000e+00
32.710000,0.000000000e+00,3.748750000e-01,0.000000000e+00,0.000000000e+00,6.872198071e-14,0.000000000e+00
32.720000,0.000000000e+00,3.748750000e-01,0.000000000e+00,0.000000000e+00,6.803818558e-14,0.000000000e+00
32.730000,0.000000000e+00,3.748750000e-01,0.000000000e+00,0.000000000e+00,6.736119432e-14,0.000000000e+00
32.740000,0.000000000e+00,3.748750000e-01,0.000000000e+00,0.000000000e+00,6.669093924e-14,0.000000000e+00
32.750000,0.000000000e+00,3.748750000e-01,0.000000000e+00,0.000000000e+00,6.602735331e-14,0.000000000e+00
32.760000,0.000000000e+00,3.748750000e-01,0.000000000e+00,0.000000000e+00,6.537037016e-14,0.000000000e+00
32.770000,0.000000000e+00,3.748750000e-01,0.000000000e+00,0.000000000e+00,6.471992411e-14,0.000000000e+00
32.780000,0.000000000e+00,3.748750000e-01,0.000000000e+00,0.000000000e+00,6.407595011e-14,0.000000000e+00
32.790000,0.000000000e+00,3.748750000e-01,0.000000000e+00,0.000000000e+00,6.343838375e-14,0.000000000e+00
32.800000,0.000000000e+00,3.748750000e-01,0.000000000e+00,0.000000000e+00,6.280716129e-14,0.000000000e+00
32.810000,0.000000000e+00,3.748750000e-01,0.000000000e+00,0.000000000e+00,6.218221959e-14,0.000000000e+00
32.820000,0.000000000e+00,3.748750000e-01,0.000000000e+00,0.000000000e+00,6.156349617e-14,0.000000000e+00
32.830000,0.000000000e+00,3.748750000e-01,0.000000000e+00,0.000000000e+00,6.095092915e-14,0.000000000e+00
32.840000,0.000000000e+00,3.748750000e-01,0.000000000e+00,0.000000000e+00,6.034445727e-14,0.000000000e+00
32.850000,0.000000000e+00,3.748750000e-01,0.000000000e+00,0.000000000e+00,5.974401989e-14,0.000000000e+00
32.860000,0.000000000e+00,3.748750000e-01,0.000000000e+00,0.000000000e+00,5.914955696e-14,0.000000000e+00
32.870000,0.000000000e+00,3.748750000e-01,0.000000000e+00,0.000000000e+00,5.856100903e-14,0.000000000e+00
32.880000,0.000000000e+00,3.748750000e-01,0.000000000e+00,0.000000000e+00,5.797831726e-14,0.000000000e+00
32.890000,0.000000000e+00,3.748750000e-01,0.000000000e+00,0.000000000e+00,5.740142336e-14,0.000000000e+00
32.900000,0.000000000e+00,3.748750000e-01,0.000000000e+00,0.000000000e+00,5.683026965e-14,0.000000000e+00
32.910000,0.000000000e+00,3.748750000e-01,0.000000000e+00,0.000000000e+00,5.626479902e-14,0.000000000e+00
32.920000,0.000000000e+00,3.748750000e-01,0.000000000e+00,0.000000000e+00,5.570495492e-14,0.000000000e+00
32.930000,0.000000000e+00,3.748750000e-01,0.000000000e+00,0.000000000e+00,5.515068136e-14,0.000000000e+00
32.940000,0.000000000e+00,3.748750000e-01,0.000000000e+00,0.000000000e+00,5.460192291e-14,0.000000000e+00
32.950000,0.000000000e+00,3.748750000e-01,0.000000000e+00,0.000000000e+00,5.405862470e-14,0.000000000e+00
32.960000,0.000000000e+00,3.748750000e-01,0.000000000e+00,0.000000000e+00,5.352073239e-14,0.000000000e+00
32.970000,0.000000000e+00,3.748750000e-01,0.000000000e+00,0.000000000e+00,5.298819221e-14,0.000000000e+00
32.980000,0.000000000e+00,3.748750000e-01,0.000000000e+00,0.000000000e+00,5.246095089e-14,0.000000000e+00
32.990000,0.000000000e+00,3.748750000e-01,0.000000000e+00,0.000000000e+00,5.193895570e-14,0.000000000e+00
33.000000,0.000000000e+00,3.748750000e-01,0.000000000e+00,0.000000000e+00,5.142215446e-14,0.000000000e+00
33.010000,0.000000000e+00,3.748750000e-01,0.000000000e+00,0.000000000e+00,5.091049547e-14,0.000000000e+00
33.020000,0.000000000e+00,3.748750000e-01,0.000000000e+00,0.000000000e+00,5.040392758e-14,0.000000000e+00
33.030000,0.000000000e+00,3.748750000e-01,0.000000000e+00,0.000000000e+00,4.990240012e-14,0.000000000e+00
33.040000,0.000000000e+00,3.748750000e-01,0.000000000e+00,0.000000000e+00,4.940586294e-14,0.000000000e+00
33.050000,0.000000000e+00,3.748750000e-01,0.000000000e+00,0.000000000e+00,4.891426639e-14,0.000000000e+00
33.060000,0.000000000e+00,3.748750000e-01,0.000000000e+00,0.000000000e+00,4.842756131e-14,0.000000000e+00
33.070000,0.000000000e+00,3.748750000e-01,0.000000000e+00,0.000000000e+00,4.794569903e-14,0.000000000e+00
33.080000,0.000000000e+00,3.748750000e-01,0.000000000e+00,0.000000000e+00,4.746863135e-14,0.000000000e+00
33.090000,0.000000000e+00,3.748750000e-01,0.000000000e+00,0.000000000e+00,4.699631058e-14,0.000000000e+00
33.100000,0.000000000e+00,3.748750000e-01,0.000000000e+00,0.000000000e+00,4.652868947e-14,0.000000000e+00
33.110000,0.000000000e+00,3.748750000e-01,0.000000000e+00,0.000000000e+00,4.606572128e-14,0.000000000e+00
33.120000,0.000000000e+00,3.748750000e-01,0.000000000e+00,0.000000000e+00,4.560735969e-14,0.000000000e+00
33.130000,0.000000000e+00,3.748750000e-01,0.000000000e+00,0.000000000e+00,4.515355888e-14,0.000000000e+00
33.140000,0.000000000e+00,3.748750000e-01,0.000000000e+00,0.000000000e+00,4.470427346e-14,0.000000000e+00
33.150000,0.000000000e+00,3.748750000e-01,0.000000000e+00,0.000000000e+00,4.425945851e-14,0.000000000e+00
33.160000,0.000000000e+00,3.748750000e-01,0.000000000e+00,0.000000000e+00,4.381906954e-14,0.000000000e+00
33.170000,0.000000000e+00,3.748750000e-01,0.000000000e+00,0.000000000e+00,4.338306251e-14,0.000000000e+00
33.180000,0.000000000e+00,3.748750000e-01,0.000000000e+00,0.000000000e+00,4.295139383e-14,0.000000000e+00
33.190000,0.000000000e+00,3.748750000e-01,0.000000000e+00,0.000000000e+00,4.252402032e-14,0.000000000e+00
33.200000,0.000000000e+00,3.748750000e-01,0.000000000e+00,0.000000000e+00,4.210089925e-14,0.000000000e+00
33.210000,0.000000000e+00,3.748750000e-01,0.000000000e+00,0.000000000e+00,4.168198830e-14,0.000000000e+00
33.220000,0.000000000e+00,3.748750000e-01,0.000000000e+00,0.000000000e+00,4.126724559e-14,0.000000000e+00
33.230000,0.000000000e+00,3.748750000e-01,0.000000000e+00,0.000000000e+00,4.085662963e-14,0.000000000e+00
33.240000,0.000000000e+00,3.748750000e-01,0.000000000e+00,0.000000000e+00,4.045009938e-14,0.000000000e+00
33.250000,0.000000000e+00,3.748750000e-01,0.000000000e+00,0.000000000e+00,4.004761416e-14,0.000000000e+00
33.260000,0.000000000e+00,3.748750000e-01,0.000000000e+00,0.000000000e+00,3.964913374e-14,0.000000000e+00
33.270000,0.000000000e+00,3.748750000e-01,0.000000000e+00,0.000000000e+00,3.925461827e-14,0.000000000e+00
33.280000,0.000000000e+00,3.748750000e-01,0.000000000e+00,0.000000000e+00,3.886402829e-14,0.000000000e+00
33.290000,0.000000000e+00,3.748750000e-01,0.000000000e+00,0.000000000e+00,3.847732475e-14,0.000000000e+00
33.300000,0.000000000e+00,3.748750000e-01,0.000000000e+00,0.000000000e+00,3.809446897e-14,0.000000000e+00
33.310000,0.000000000e+00,3.748750000e-01,0.000000000e+00,0.000000000e+00,3.771542267e-14,0.000000000e+00
33.320000,0.000000000e+00,3.748750000e-01,0.000000000e+00,0.000000000e+00,3.734014795e-14,0.000000000e+00
33.330000,0.000000000e+00,3.748750000e-01,0.000000000e+00,0.000000000e+00,3.696860727e-14,0.000000000e+00
33.340000,0.000000000e+00,3.748750000e-01,0.000000000e+00,0.000000000e+00,3.660076348e-14,0.000000000e+00
33.350000,0.000000000e+00,3.748750000e-01,0.000000000e+00,0.000000000e+00,3.623657980e-14,0.000000000e+00
33.360000,0.000000000e+00,3.748750000e-01,0.000000000e+00,0.000000000e+00,3.587601980e-14,0.000000000e+00
33.370000,0.000000000e+00,3.748750000e-01,0.000000000e+00,0.000000000e+00,3.551904744e-14,0.000000000e+00
33.380000,0.000000000e+00,3.748750000e-01,0.000000000e+00,0.000000000e+00,3.516562702e-14,0.000000000e+00
33.390000,0.000000000e+00,3.748750000e-01,0.000000000e+00,0.000000000e+00,3.481572318e-14,0.000000000e+00
33.400000,0.000000000e+00,3.748750000e-01,0.000000000e+00,0.000000000e+00,3.446930095e-14,0.000000000e+00
33.410000,0.000000000e+00,3.748750000e-01,0.000000000e+00,0.000000000e+00,3.412632567e-14,0.000000000e+00
33.420000,0.000000000e+00,3.748750000e-01,0.000000000e+00,0.000000000e+00,3.378676306e-14,0.000000000e+00
33.430000,0.000000000e+00,3.748750000e-01,0.000000000e+00,0.000000000e+00,3.345057915e-14,0.000000000e+00
33.440000,0.000000000e+00,3.748750000e-01,0.000000000e+00,0.000000000e+00,3.311774032e-14,0.000000000e+00
33.450000,0.000000000e+00,3.748750000e-01,0.000000000e+00,0.000000000e+00,3.278821330e-14,0.000000000e+00
33.460000,0.000000000e+00,3.748750000e-01,0.000000000e+00,0.000000000e+00,3.246196513e-14,0.000000000e+00
33.470000,0.000000000e+00,3.748750000e-01,0.000000000e+00,0.000000000e+00,3.213896318e-14,0.000000000e+00
33.480000,0.000000000e+00,3.748750000e-01,0.000000000e+00,0.000000000e+00,3.181917515e-14,0.000000000e+00
33.490000,0.000000000e+00,3.748750000e-01,0.000000000e+00,0.000000000e+00,3.150256907e-14,0.000000000e+00
33.500000,0.000000000e+00,3.748750000e-01,0.000000000e+00,0.000000000e+00,3.118911327e-14,0.000000000e+00
33.510000,0.000000000e+00,3.748750000e-01,0.000000000e+00,0.000000000e+00,3.087877641e-14,0.000000000e+00
33.520000,0.000000000e+00,3.748750000e-01,0.000000000e+00,0.000000000e+00,3.057152745e-14,0.000000000e+00
33.530000,0.000000000e+00,3.748750000e-01,0.000000000e+00,0.000000000e+00,3.026733567e-14,0.000000000e+00
33.540000,0.000000000e+00,3.748750000e-01,0.000000000e+00,0.000000000e+00,2.996617065e-14,0.000000000e+00
33.550000,0.000000000e+00,3.748750000e-01,0.000000000e+00,0.000000000e+00,2.966800227e-14,0.000000000e+00
33.560000,0.000000000e+00,3.748750000e-01,0.000000000e+00,0.000000000e+00,2.937280071e-14,0.000000000e+00
33.570000,0.000000000e+00,3.748750000e-01,0.000000000e+00,0.000000000e+00,2.908053646e-14,0.000000000e+00
33.580000,0.000000000e+00,3.748750000e-01,0.000000000e+00,0.000000000e+00,2.879118029e-14,0.000000000e+00
33.590000,0.000000000e+00,3.748750000e-01,0.000000000e+00,0.000000000e+00,2.850470326e-14,0.000000000e+00
33.600000,0.000000000e+00,3.748750000e-01,0.000000000e+00,0.000000000e+00,2.822107672e-14,0.000000000e+00
33.610000,0.000000000e+00,3.748750000e-01,0.000000000e+00,0.000000000e+00,2.794027232e-14,0.000000000e+00
33.620000,0.000000000e+00,3.748750000e-01,0.000000000e+00,0.000000000e+00,2.766226196e-14,0.000000000e+00
33.630000,0.000000000e+00,3.748750000e-01,0.000000000e+00,0.000000000e+00,2.738701786e-14,0.000000000e+00
33.640000,0.000000000e+00,3.748750000e-01,0.000000000e+00,0.000000000e+00,2.711451248e-14,0.000000000e+00
33.650000,0.000000000e+00,3.748750000e-01,0.000000000e+00,0.000000000e+00,2.684471857e-14,0.000000000e+00
33.660000,0.000000000e+00,3.748750000e-01,0.000000000e+00,0.000000000e+00,2.657760916e-14,0.000000000e+00
33.670000,0.000000000e+00,3.748750000e-01,0.000000000e+00,0.000000000e+00,2.631315753e-14,0.000000000e+00
33.680000,0.000000000e+00,3.748750000e-01,0.000000000e+00,0.000000000e+00,2.605133724e-14,0.000000000e+00
33.690000,0.000000000e+00,3.748750000e-01,0.000000000e+00,0.000000000e+00,2.579212210e-14,0.000000000e+00
33.700000,0.000000000e+00,3.748750000e-01,0.000000000e+00,0.000000000e+00,2.553548620e-14,0.000000000e+00
33.710000,0.000000000e+00,3.748750000e-01,0.000000000e+00,0.000000000e+00,2.528140386e-14,0.000000000e+00
33.720000,0.000000000e+00,3.748750000e-01,0.000000000e+00,0.000000000e+00,2.502984969e-14,0.000000000e+00
33.730000,0.000000000e+00,3.748750000e-01,0.000000000e+00,0.000000000e+00,2.478079853e-14,0.000000000e+00
33.740000,0.000000000e+00,3.748750000e-01,0.000000000e+00,0.000000000e+00,2.453422546e-14,0.000000000e+00
33.750000,0.000000000e+00,3.748750000e-01,0.000000000e+00,0.000000000e+00,2.429010584e-14,0.000000000e+00
33.760000,0.000000000e+00,3.748750000e-01,0.000000000e+00,0.000000000e+00,2.404841525e-14,0.000000000e+00
33.770000,0.000000000e+00,3.748750000e-01,0.000000000e+00,0.000000000e+00,2.380912952e-14,0.000000000e+00
33.780000,0.000000000e+00,3.748750000e-01,0.000000000e+00,0.000000000e+00,2.357222472e-14,0.000000000e+00
33.790000,0.000000000e+00,3.748750000e-01,0.000000000e+00,0.000000000e+00,2.333767717e-14,0.000000000e+00
33.800000,0.000000000e+00,3.748750000e-01,0.000000000e+00,0.000000000e+00,2.310546340e-14,0.000000000e+00
33.810000,0.000000000e+00,3.748750000e-01,0.000000000e+00,0.000000000e+00,2.287556020e-14,0.000000000e+00
33.820000,0.000000000e+00,3.748750000e-01,0.000000000e+00,0.000000000e+00,2.264794457e-14,0.000000000e+00
33.830000,0.000000000e+00,3.748750000e-01,0.000000000e+00,0.000000000e+00,2.242259376e-14,0.000000000e+00
33.840000,0.000000000e+00,3.748750000e-01,0.000000000e+00,0.000000000e+00,2.219948522e-14,0.000000000e+00
33.850000,0.000000000e+00,3.748750000e-01,0.000000000e+00,0.000000000e+00,2.197859665e-14,0.000000000e+00
33.860000,0.000000000e+00,3.748750000e-01,0.000000000e+00,0.000000000e+00,2.175990596e-14,0.000000000e+00
33.870000,0.000000000e+00,3.748750000e-01,0.000000000e+00,0.000000000e+00,2.154339128e-14,0.000000000e+00
33.880000,0.000000000e+00,3.748750000e-01,0.000000000e+00,0.000000000e+00,2.132903095e-14,0.000000000e+00
33.890000,0.000000000e+00,3.748750000e-01,0.000000000e+00,0.000000000e+00,2.111680355e-14,0.000000000e+00
33.900000,0.000000000e+00,3.748750000e-01,0.000000000e+00,0.000000000e+00,2.090668784e-14,0.000000000e+00
33.910000,0.000000000e+00,3.748750000e-01,0.000000000e+00,0.000000000e+00,2.069866282e-14,0.000000000e+00
33.920000,0.000000000e+00,3.748750000e-01,0.000000000e+00,0.000000000e+00,2.049270769e-14,0.000000000e+00
33.930000,0.000000000e+00,3.748750000e-01,0.000000000e+00,0.000000000e+00,2.028880184e-14,0.000000000e+00
33.940000,0.000000000e+00,3.748750000e-01,0.000000000e+00,0.000000000e+00,2.008692489e-14,0.000000000e+00
33.950000,0.000000000e+00,3.748750000e-01,0.000000000e+00,0.000000000e+00,1.988705665e-14,0.000000000e+00
33.960000,0.000000000e+00,3.748750000e-01,0.000000000e+00,0.000000000e+00,1.968917713e-14,0.000000000e+00
33.970000,0.000000000e+00,3.748750000e-01,0.000000000e+00,0.000000000e+00,1.949326654e-14,0.000000000e+00
33.980000,0.000000000e+00,3.748750000e-01,0.000000000e+00,0.000000000e+00,1.929930530e-14,0.000000000e+00
33.990000,0.000000000e+00,3.748750000e-01,0.000000000e+00,0.000000000e+00,1.910727400e-14,0.000000000e+00
34.000000,0.000000000e+00,3.748750000e-01,0.000000000e+00,0.000000000e+00,1.891715345e-14,0.000000000e+00
34.010000,0.000000000e+00,3.748750000e-01,0.000000000e+00,0.000000000e+00,1.872892463e-14,0.000000000e+00
34.020000,0.000000000e+00,3.748750000e-01,0.000000000e+00,0.000000000e+00,1.854256871e-14,0.000000000e+00
34.030000,0.000000000e+00,3.748750000e-01,0.000000000e+00,0.000000000e+00,1.835806707e-14,0.000000000e+00
34.040000,0.000000000e+00,3.748750000e-01,0.000000000e+00,0.000000000e+00,1.817540125e-14,0.000000000e+00
34.050000,0.000000000e+00,3.748750000e-01,0.000000000e+00,0.000000000e+00,1.799455299e-14,0.000000000e+00
34.060000,0.000000000e+00,3.748750000e-01,0.000000000e+00,0.000000000e+00,1.781550419e-14,0.000000000e+00
34.070000,0.000000000e+00,3.748750000e-01,0.000000000e+00,0.000000000e+00,1.763823697e-14,0.000000000e+00
34.080000,0.000000000e+00,3.748750000e-01,0.000000000e+00,0.000000000e+00,1.746273358e-14,0.000000000e+00
34.090000,0.000000000e+00,3.748750000e-01,0.000000000e+00,0.000000000e+00,1.728897647e-14,0.000000000e+00
34.100000,0.000000000e+00,3.748750000e-01,0.000000000e+00,0.000000000e+00,1.711694828e-14,0.000000000e+00
34.110000,0.000000000e+00,3.748750000e-01,0.000000000e+00,0.000000000e+00,1.694663180e-14,0.000000000e+00
34.120000,0.000000000e+00,3.748750000e-01,0.000000000e+00,0.000000000e+00,1.677801000e-14,0.000000000e+00
34.130000,0.000000000e+00,3.748750000e-01,0.000000000e+00,0.000000000e+00,1.661106601e-14,0.000000000e+00
34.140000,0.000000000e+00,3.748750000e-01,0.000000000e+00,0.000000000e+00,1.644578314e-14,0.000000000e+00
34.150000,0.000000000e+00,3.748750000e-01,0.000000000e+00,0.000000000e+00,1.628214486e-14,0.000000000e+00
34.160000,0.000000000e+00,3.748750000e-01,0.000000000e+00,0.000000000e+00,1.612013482e-14,0.000000000e+00
34.170000,0.000000000e+00,3.748750000e-01,0.000000000e+00,0.000000000e+00,1.595973679e-14,0.000000000e+00
34.180000,0.000000000e+00,3.748750000e-01,0.000000000e+00,0.000000000e+00,1.580093476e-14,0.000000000e+00
34.190000,0.000000000e+00,3.748750000e-01,0.000000000e+00,0.000000000e+00,1.564371283e-14,0.000000000e+00
34.200000,0.000000000e+00,3.748750000e-01,0.000000000e+00,0.000000000e+00,1.548805529e-14,0.000000000e+00
34.210000,0.000000000e+00,3.748750000e-01,0.000000000e+00,0.000000000e+00,1.533394656e-14,0.000000000e+00
34.220000,0.000000000e+00,3.748750000e-01,0.000000000e+00,0.000000000e+00,1.518137125e-14,0.000000000e+00
34.230000,0.000000000e+00,3.748750000e-01,0.000000000e+00,0.000000000e+00,1.503031408e-14,0.000000000e+00
34.240000,0.000000000e+00,3.748750000e-01,0.000000000e+00,0.000000000e+00,1.488075995e-14,0.000000000e+00
34.250000,0.000000000e+00,3.748750000e-01,0.000000000e+00,0.000000000e+00,1.473269392e-14,0.000000000e+00
34.260000,0.000000000e+00,3.748750000e-01,0.000000000e+00,0.000000000e+00,1.458610117e-14,0.000000000e+00
34.270000,0.000000000e+00,3.748750000e-01,0.000000000e+00,0.000000000e+00,1.444096703e-14,0.000000000e+00
34.280000,0.000000000e+00,3.748750000e-01,0.000000000e+00,0.000000000e+00,1.429727701e-14,0.000000000e+00
34.290000,0.000000000e+00,3.748750000e-01,0.000000000e+00,0.000000000e+00,1.415501673e-14,0.000000000e+00
34.300000,0.000000000e+00,3.748750000e-01,0.000000000e+00,0.000000000e+00,1.401417196e-14,0.000000000e+00
34.310000,0.000000000e+00,3.748750000e-01,0.000000000e+00,0.000000000e+00,1.387472862e-14,0.000000000e+00
34.320000,0.000000000e+00,3.748750000e-01,0.000000000e+00,0.000000000e+00,1.373667276e-14,0.000000000e+00
34.330000,0.000000000e+00,3.748750000e-01,0.000000000e+00,0.000000000e+00,1.359999058e-14,0.000000000e+00
34.340000,0.000000000e+00,3.748750000e-01,0.000000000e+00,0.000000000e+00,1.346466842e-14,0.000000000e+00
34.350000,0.000000000e+00,3.748750000e-01,0.000000000e+00,0.000000000e+00,1.333069273e-14,0.000000000e+00
34.360000,0.000000000e+00,3.748750000e-01,0.000000000e+00,0.000000000e+00,1.319805012e-14,0.000000000e+00
34.370000,0.000000000e+00,3.748750000e-01,0.000000000e+00,0.000000000e+00,1.306672733e-14,0.000000000e+00
34.380000,0.000000000e+00,3.748750000e-01,0.000000000e+00,0.000000000e+00,1.293671122e-14,0.000000000e+00
34.390000,0.000000000e+00,3.748750000e-01,0.000000000e+00,0.000000000e+00,1.280798879e-14,0.000000000e+00
34.400000,0.000000000e+00,3.748750000e-01,0.000000000e+00,0.000000000e+00,1.268054717e-14,0.000000000e+00
34.410000,0.000000000e+00,3.748750000e-01,0.000000000e+00,0.000000000e+00,1.255437362e-14,0.000000000e+00
34.420000,0.000000000e+00,3.748750000e-01,0.000000000e+00,0.000000000e+00,1.242945551e-14,0.000000000e+00
34.430000,0.000000000e+00,3.748750000e-01,0.000000000e+00,0.000000000e+00,1.230578036e-14,0.000000000e+00
34.440000,0.000000000e+00,3.748750000e-01,0.000000000e+00,0.000000000e+00,1.218333580e-14,0.000000000e+00
34.450000,0.000000000e+00,3.748750000e-01,0.000000000e+00,0.000000000e+00,1.206210959e-14,0.000000000e+00
34.460000,0.000000000e+00,3.748750000e-01,0.000000000e+00,0.000000000e+00,1.194208959e-14,0.000000000e+00
34.470000,0.000000000e+00,3.748750000e-01,0.000000000e+00,0.000000000e+00,1.182326382e-14,0.000000000e+00
34.480000,0.000000000e+00,3.748750000e-01,0.000000000e+00,0.000000000e+00,1.170562037e-14,0.000000000e+00
34.490000,0.000000000e+00,3.748750000e-01,0.000000000e+00,0.000000000e+00,1.158914751e-14,0.000000000e+00
34.500000,0.000000000e+00,3.748750000e-01,0.000000000e+00,0.000000000e+00,1.147383356e-14,0.000000000e+00
34.510000,0.000000000e+00,3.748750000e-01,0.000000000e+00,0.000000000e+00,1.135966701e-14,0.000000000e+00
34.520000,0.000000000e+00,3.748750000e-01,0.000000000e+00,0.000000000e+00,1.124663643e-14,0.000000000e+00
34.530000,0.000000000e+00,3.748750000e-01,0.000000000e+00,0.000000000e+00,1.113473053e-14,0.000000000e+00
34.540000,0.000000000e+00,3.748750000e-01,0.000000000e+00,0.000000000e+00,1.102393811e-14,0.000000000e+00
34.550000,0.000000000e+00,3.748750000e-01,0.000000000e+00,0.000000000e+00,1.091424810e-14,0.000000000e+00
34.560000,0.000000000e+00,3.748750000e-01,0.000000000e+00,0.000000000e+00,1.080564951e-14,0.000000000e+00
34.570000,0.000000000e+00,3.748750000e-01,0.000000000e+00,0.000000000e+00,1.069813150e-14,0.000000000e+00
34.580000,0.000000000e+00,3.748750000e-01,0.000000000e+00,0.000000000e+00,1.059168332e-14,0.000000000e+00
34.590000,0.000000000e+00,3.748750000e-01,0.000000000e+00,0.000000000e+00,1.048629431e-14,0.000000000e+00
34.600000,0.000000000e+00,3.748750000e-01,0.000000000e+00,0.000000000e+00,1.038195393e-14,0.000000000e+00
34.610000,0.000000000e+00,3.748750000e-01,0.000000000e+00,0.000000000e+00,1.027865177e-14,0.000000000e+00
34.620000,0.000000000e+00,3.748750000e-01,0.000000000e+00,0.000000000e+00,1.017637747e-14,0.000000000e+00
34.630000,0.000000000e+00,3.748750000e-01,0.000000000e+00,0.000000000e+00,1.007512083e-14,0.000000000e+00
34.640000,0.000000000e+00,3.748750000e-01,0.000000000e+00,0.000000000e+00,9.974871698e-15,0.000000000e+00
34.650000,0.000000000e+00,3.748750000e-01,0.000000000e+00,0.000000000e+00,9.875620067e-15,0.000000000e+00
34.660000,0.000000000e+00,3.748750000e-01,0.000000000e+00,0.000000000e+00,9.777356005e-15,0.000000000e+00
34.670000,0.000000000e+00,3.748750000e-01,0.000000000e+00,0.000000000e+00,9.680069687e-15,0.000000000e+00
34.680000,0.000000000e+00,3.748750000e-01,0.000000000e+00,0.000000000e+00,9.583751385e-15,0.000000000e+00
34.690000,0.000000000e+00,3.748750000e-01,0.000000000e+00,0.000000000e+00,9.488391465e-15,0.000000000e+00
34.700000,0.000000000e+00,3.748750000e-01,0.000000000e+00,0.000000000e+00,9.393980393e-15,0.000000000e+00
34.710000,0.000000000e+00,3.748750000e-01,0.000000000e+00,0.000000000e+00,9.300508726e-15,0.000000000e+00
34.720000,0.000000000e+00,3.748750000e-01,0.000000000e+00,0.000000000e+00,9.207967118e-15,0.000000000e+00
34.730000,0.000000000e+00,3.748750000e-01,0.000000000e+00,0.000000000e+00,9.116346314e-15,0.000000000e+00
34.740000,0.000000000e+00,3.748750000e-01,0.000000000e+00,0.000000000e+00,9.025637153e-15,0.000000000e+00
34.750000,0.000000000e+00,3.748750000e-01,0.000000000e+00,0.000000000e+00,8.935830563e-15,0.000000000e+00
34.760000,0.000000000e+00,3.748750000e-01,0.000000000e+00,0.000000000e+00,8.846917563e-15,0.000000000e+00
34.770000,0.000000000e+00,3.748750000e-01,0.000000000e+00,0.000000000e+00,8.758889262e-15,0.000000000e+00
34.780000,0.000000000e+00,3.748750000e-01,0.000000000e+00,0.000000000e+00,8.671736858e-15,0.000000000e+00
34.790000,0.000000000e+00,3.748750000e-01,0.000000000e+00,0.000000000e+00,8.585451635e-15,0.000000000e+00
34.800000,0.000000000e+00,3.748750000e-01,0.000000000e+00,0.000000000e+00,8.500024964e-15,0.000000000e+00
34.810000,0.000000000e+00,3.748750000e-01,0.000000000e+00,0.000000000e+00,8.415448302e-15,0.000000000e+00
34.820000,0.000000000e+00,3.748750000e-01,0.000000000e+00,0.000000000e+00,8.331713192e-15,0.000000000e+00
34.830000,0.000000000e+00,3.748750000e-01,0.000000000e+00,0.000000000e+00,8.248811261e-15,0.000000000e+00
34.840000,0.000000000e+00,3.748750000e-01,0.000000000e+00,0.000000000e+00,8.166734218e-15,0.000000000e+00
34.850000,0.000000000e+00,3.748750000e-01,0.000000000e+00,0.000000000e+00,8.085473854e-15,0.000000000e+00
34.860000,0.000000000e+00,3.748750000e-01,0.000000000e+00,0.000000000e+00,8.005022045e-15,0.000000000e+00
34.870000,0.000000000e+00,3.748750000e-01,0.000000000e+00,0.000000000e+00,7.925370745e-15,0.000000000e+00
34.880000,0.000000000e+00,3.748750000e-01,0.000000000e+00,0.000000000e+00,7.846511989e-15,0.000000000e+00
34.890000,0.000000000e+00,3.748750000e-01,0.000000000e+00,0.000000000e+00,7.768437890e-15,0.000000000e+00
34.900000,0.000000000e+00,3.748750000e-01,0.000000000e+00,0.000000000e+00,7.691140641e-15,0.000000000e+00
34.910000,0.000000000e+00,3.748750000e-01,0.000000000e+00,0.000000000e+00,7.614612513e-15,0.000000000e+00
34.920000,0.000000000e+00,3.748750000e-01,0.000000000e+00,0.000000000e+00,7.538845853e-15,0.000000000e+00
34.930000,0.000000000e+00,3.748750000e-01,0.000000000e+00,0.000000000e+00,7.463833083e-15,0.000000000e+00
34.940000,0.000000000e+00,3.748750000e-01,0.000000000e+00,0.000000000e+00,7.389566703e-15,0.000000000e+00
34.950000,0.000000000e+00,3.748750000e-01,0.000000000e+00,0.000000000e+00,7.316039286e-15,0.000000000e+00
34.960000,0.000000000e+00,3.748750000e-01,0.000000000e+00,0.000000000e+00,7.243243479e-15,0.000000000e+00
34.970000,0.000000000e+00,3.748750000e-01,0.000000000e+00,0.000000000e+00,7.171172002e-15,0.000000000e+00
34.980000,0.000000000e+00,3.748750000e-01,0.000000000e+00,0.000000000e+00,7.099817648e-15,0.000000000e+00
34.990000,0.000000000e+00,3.748750000e-01,0.000000000e+00,0.000000000e+00,7.029173283e-15,0.000000000e+00
35.000000,0.000000000e+00,3.748750000e-01,0.000000000e+00,0.000000000e+00,6.959231840e-15,0.000000000e+00
35.010000,0.000000000e+00,3.748750000e-01,0.000000000e+00,0.000000000e+00,6.889986326e-15,0.000000000e+00
35.020000,0.000000000e+00,3.748750000e-01,0.000000000e+00,0.000000000e+00,6.821429817e-15,0.000000000e+00
35.030000,0.000000000e+00,3.748750000e-01,0.000000000e+00,0.000000000e+00,6.753555456e-15,0.000000000e+00
35.040000,0.000000000e+00,3.748750000e-01,0.000000000e+00,0.000000000e+00,6.686356456e-15,0.000000000e+00
35.050000,0.000000000e+00,3.748750000e-01,0.000000000e+00,0.000000000e+00,6.619826098e-15,0.000000000e+00
35.060000,0.000000000e+00,3.748750000e-01,0.000000000e+00,0.000000000e+00,6.553957728e-15,0.000000000e+00
35.070000,0.000000000e+00,3.748750000e-01,0.000000000e+00,0.000000000e+00,6.488744759e-15,0.000000000e+00
35.080000,0.000000000e+00,3.748750000e-01,0.000000000e+00,0.000000000e+00,6.424180670e-15,0.000000000e+00
35.090000,0.000000000e+00,3.748750000e-01,0.000000000e+00,0.000000000e+00,6.360259004e-15,0.000000000e+00
35.100000,0.000000000e+00,3.748750000e-01,0.000000000e+00,0.000000000e+00,6.296973369e-15,0.000000000e+00
35.110000,0.000000000e+00,3.748750000e-01,0.000000000e+00,0.000000000e+00,6.234317438e-15,0.000000000e+00
35.120000,0.000000000e+00,3.748750000e-01,0.000000000e+00,0.000000000e+00,6.172284943e-15,0.000000000e+00
35.130000,0.000000000e+00,3.748750000e-01,0.000000000e+00,0.000000000e+00,6.110869681e-15,0.000000000e+00
35.140000,0.000000000e+00,3.748750000e-01,0.000000000e+00,0.000000000e+00,6.050065512e-15,0.000000000e+00
35.150000,0.000000000e+00,3.748750000e-01,0.000000000e+00,0.000000000e+00,5.989866354e-15,0.000000000e+00
35.160000,0.000000000e+00,3.748750000e-01,0.000000000e+00,0.000000000e+00,5.930266188e-15,0.000000000e+00
35.170000,0.000000000e+00,3.748750000e-01,0.000000000e+00,0.000000000e+00,5.871259054e-15,0.000000000e+00
35.180000,0.000000000e+00,3.748750000e-01,0.000000000e+00,0.000000000e+00,5.812839050e-15,0.000000000e+00
35.190000,0.000000000e+00,3.748750000e-01,0.000000000e+00,0.000000000e+00,5.755000335e-15,0.000000000e+00
35.200000,0.000000000e+00,3.748750000e-01,0.000000000e+00,0.000000000e+00,5.697737125e-15,0.000000000e+00
35.210000,0.000000000e+00,3.748750000e-01,0.000000000e+00,0.000000000e+00,5.641043693e-15,0.000000000e+00
35.220000,0.000000000e+00,3.748750000e-01,0.000000000e+00,0.000000000e+00,5.584914371e-15,0.000000000e+00
35.230000,0.000000000e+00,3.748750000e-01,0.000000000e+00,0.000000000e+00,5.529343544e-15,0.000000000e+00
35.240000,0.000000000e+00,3.748750000e-01,0.000000000e+00,0.000000000e+00,5.474325657e-15,0.000000000e+00
35.250000,0.000000000e+00,3.748750000e-01,0.000000000e+00,0.000000000e+00,5.419855206e-15,0.000000000e+00
35.260000,0.000000000e+00,3.748750000e-01,0.000000000e+00,0.000000000e+00,5.365926746e-15,0.000000000e+00
35.270000,0.000000000e+00,3.748750000e-01,0.000000000e+00,0.000000000e+00,5.312534883e-15,0.000000000e+00
35.280000,0.000000000e+00,3.748750000e-01,0.000000000e+00,0.000000000e+00,5.259674278e-15,0.000000000e+00
35.290000,0.000000000e+00,3.748750000e-01,0.000000000e+00,0.000000000e+00,5.207339644e-15,0.000000000e+00
35.300000,0.000000000e+00,3.748750000e-01,0.000000000e+00,0.000000000e+00,5.155525749e-15,0.000000000e+00
35.310000,0.000000000e+00,3.748750000e-01,0.000000000e+00,0.000000000e+00,5.104227411e-15,0.000000000e+00
35.320000,0.000000000e+00,3.748750000e-01,0.000000000e+00,0.000000000e+00,5.053439499e-15,0.000000000e+00
35.330000,0.000000000e+00,3.748750000e-01,0.000000000e+00,0.000000000e+00,5.003156936e-15,0.000000000e+00
35.340000,0.000000000e+00,3.748750000e-01,0.000000000e+00,0.000000000e+00,4.953374693e-15,0.000000000e+00
35.350000,0.000000000e+00,3.748750000e-01,0.000000000e+00,0.000000000e+00,4.904087791e-15,0.000000000e+00
35.360000,0.000000000e+00,3.748750000e-01,0.000000000e+00,0.000000000e+00,4.855291302e-15,0.000000000e+00
35.370000,0.000000000e+00,3.748750000e-01,0.000000000e+00,0.000000000e+00,4.806980347e-15,0.000000000e+00
35.380000,0.000000000e+00,3.748750000e-01,0.000000000e+00,0.000000000e+00,4.759150093e-15,0.000000000e+00
35.390000,0.000000000e+00,3.748750000e-01,0.000000000e+00,0.000000000e+00,4.711795758e-15,0.000000000e+00
35.400000,0.000000000e+00,3.748750000e-01,0.000000000e+00,0.000000000e+00,4.664912607e-15,0.000000000e+00
35.410000,0.000000000e+00,3.748750000e-01,0.000000000e+00,0.000000000e+00,4.618495951e-15,0.000000000e+00
35.420000,0.000000000e+00,3.748750000e-01,0.000000000e+00,0.000000000e+00,4.572541149e-15,0.000000000e+00
35.430000,0.000000000e+00,3.748750000e-01,0.000000000e+00,0.000000000e+00,4.527043604e-15,0.000000000e+00
35.440000,0.000000000e+00,3.748750000e-01,0.000000000e+00,0.000000000e+00,4.481998768e-15,0.000000000e+00
35.450000,0.000000000e+00,3.748750000e-01,0.000000000e+00,0.000000000e+00,4.437402135e-15,0.000000000e+00
35.460000,0.000000000e+00,3.748750000e-01,0.000000000e+00,0.000000000e+00,4.393249246e-15,0.000000000e+00
35.470000,0.000000000e+00,3.748750000e-01,0.000000000e+00,0.000000000e+00,4.349535686e-15,0.000000000e+00
35.480000,0.000000000e+00,3.748750000e-01,0.000000000e+00,0.000000000e+00,4.306257082e-15,0.000000000e+00
35.490000,0.000000000e+00,3.748750000e-01,0.000000000e+00,0.000000000e+00,4.263409108e-15,0.000000000e+00
35.500000,0.000000000e+00,3.748750000e-01,0.000000000e+00,0.000000000e+00,4.220987479e-15,0.000000000e+00
35.510000,0.000000000e+00,3.748750000e-01,0.000000000e+00,0.000000000e+00,4.178987952e-15,0.000000000e+00
35.520000,0.000000000e+00,3.748750000e-01,0.000000000e+00,0.000000000e+00,4.137406327e-15,0.000000000e+00
35.530000,0.000000000e+00,3.748750000e-01,0.000000000e+00,0.000000000e+00,4.096238446e-15,0.000000000e+00
35.540000,0.000000000e+00,3.748750000e-01,0.000000000e+00,0.000000000e+00,4.055480193e-15,0.000000000e+00
35.550000,0.000000000e+00,3.748750000e-01,0.000000000e+00,0.000000000e+00,4.015127491e-15,0.000000000e+00
35.560000,0.000000000e+00,3.748750000e-01,0.000000000e+00,0.000000000e+00,3.975176304e-15,0.000000000e+00
35.570000,0.000000000e+00,3.748750000e-01,0.000000000e+00,0.000000000e+00,3.935622639e-15,0.000000000e+00
35.580000,0.000000000e+00,3.748750000e-01,0.000000000e+00,0.000000000e+00,3.896462540e-15,0.000000000e+00
35.590000,0.000000000e+00,3.748750000e-01,0.000000000e+00,0.000000000e+00,3.857692090e-15,0.000000000e+00
35.600000,0.000000000e+00,3.748750000e-01,0.000000000e+00,0.000000000e+00,3.819307412e-15,0.000000000e+00
35.610000,0.000000000e+00,3.748750000e-01,0.000000000e+00,0.000000000e+00,3.781304668e-15,0.000000000e+00
35.620000,0.000000000e+00,3.748750000e-01,0.000000000e+00,0.000000000e+00,3.743680058e-15,0.000000000e+00
35.630000,0.000000000e+00,3.748750000e-01,0.000000000e+00,0.000000000e+00,3.706429819e-15,0.000000000e+00
35.640000,0.000000000e+00,3.748750000e-01,0.000000000e+00,0.000000000e+00,3.669550226e-15,0.000000000e+00
35.650000,0.000000000e+00,3.748750000e-01,0.000000000e+00,0.000000000e+00,3.633037592e-15,0.000000000e+00
35.660000,0.000000000e+00,3.748750000e-01,0.000000000e+00,0.000000000e+00,3.596888264e-15,0.000000000e+00
35.670000,0.000000000e+00,3.748750000e-01,0.000000000e+00,0.000000000e+00,3.561098627e-15,0.000000000e+00
35.680000,0.000000000e+00,3.748750000e-01,0.000000000e+00,0.000000000e+00,3.525665104e-15,0.000000000e+00
35.690000,0.000000000e+00,3.748750000e-01,0.000000000e+00,0.000000000e+00,3.490584150e-15,0.000000000e+00
35.700000,0.000000000e+00,3.748750000e-01,0.000000000e+00,0.000000000e+00,3.455852257e-15,0.000000000e+00
35.710000,0.000000000e+00,3.748750000e-01,0.000000000e+00,0.000000000e+00,3.421465953e-15,0.000000000e+00
35.720000,0.000000000e+00,3.748750000e-01,0.000000000e+00,0.000000000e+00,3.387421798e-15,0.000000000e+00
35.730000,0.000000000e+00,3.748750000e-01,0.000000000e+00,0.000000000e+00,3.353716388e-15,0.000000000e+00
35.740000,0.000000000e+00,3.748750000e-01,0.000000000e+00,0.000000000e+00,3.320346352e-15,0.000000000e+00
35.750000,0.000000000e+00,3.748750000e-01,0.000000000e+00,0.000000000e+00,3.287308354e-15,0.000000000e+00
35.760000,0.000000000e+00,3.748750000e-01,0.000000000e+00,0.000000000e+00,3.254599089e-15,0.000000000e+00
35.770000,0.000000000e+00,3.748750000e-01,0.000000000e+00,0.000000000e+00,3.222215287e-15,0.000000000e+00
35.780000,0.000000000e+00,3.748750000e-01,0.000000000e+00,0.000000000e+00,3.190153710e-15,0.000000000e+00
35.790000,0.000000000e+00,3.748750000e-01,0.000000000e+00,0.000000000e+00,3.158411150e-15,0.000000000e+00
35.800000,0.000000000e+00,3.748750000e-01,0.000000000e+00,0.000000000e+00,3.126984434e-15,0.000000000e+00
35.810000,0.000000000e+00,3.748750000e-01,0.000000000e+00,0.000000000e+00,3.095870419e-15,0.000000000e+00
35.820000,0.000000000e+00,3.748750000e-01,0.000000000e+00,0.000000000e+00,3.065065993e-15,0.000000000e+00
35.830000,0.000000000e+00,3.748750000e-01,0.000000000e+00,0.000000000e+00,3.034568077e-15,0.000000000e+00
35.840000,0.000000000e+00,3.748750000e-01,0.000000000e+00,0.000000000e+00,3.004373620e-15,0.000000000e+00
35.850000,0.000000000e+00,3.748750000e-01,0.000000000e+00,0.000000000e+00,2.974479603e-15,0.000000000e+00
35.860000,0.000000000e+00,3.748750000e-01,0.000000000e+00,0.000000000e+00,2.944883037e-15,0.000000000e+00
35.870000,0.000000000e+00,3.748750000e-01,0.000000000e+00,0.000000000e+00,2.915580961e-15,0.000000000e+00
35.880000,0.000000000e+00,3.748750000e-01,0.000000000e+00,0.000000000e+00,2.886570446e-15,0.000000000e+00
35.890000,0.000000000e+00,3.748750000e-01,0.000000000e+00,0.000000000e+00,2.857848590e-15,0.000000000e+00
35.900000,0.000000000e+00,3.748750000e-01,0.000000000e+00,0.000000000e+00,2.829412521e-15,0.000000000e+00
35.910000,0.000000000e+00,3.748750000e-01,0.000000000e+00,0.000000000e+00,2.801259396e-15,0.000000000e+00
35.920000,0.000000000e+00,3.748750000e-01,0.000000000e+00,0.000000000e+00,2.773386400e-15,0.000000000e+00
35.930000,0.000000000e+00,3.748750000e-01,0.000000000e+00,0.000000000e+00,2.745790744e-15,0.000000000e+00
35.940000,0.000000000e+00,3.748750000e-01,0.000000000e+00,0.000000000e+00,2.718469670e-15,0.000000000e+00
35.950000,0.000000000e+00,3.748750000e-01,0.000000000e+00,0.000000000e+00,2.691420444e-15,0.000000000e+00
35.960000,0.000000000e+00,3.748750000e-01,0.000000000e+00,0.000000000e+00,2.664640364e-15,0.000000000e+00
35.970000,0.000000000e+00,3.748750000e-01,0.000000000e+00,0.000000000e+00,2.638126749e-15,0.000000000e+00
35.980000,0.000000000e+00,3.748750000e-01,0.000000000e+00,0.000000000e+00,2.611876949e-15,0.000000000e+00
35.990000,0.000000000e+00,3.748750000e-01,0.000000000e+00,0.000000000e+00,2.585888339e-15,0.000000000e+00
36.000000,0.000000000e+00,3.748750000e-01,0.000000000e+00,0.000000000e+00,2.560158320e-15,0.000000000e+00
36.010000,0.000000000e+00,3.748750000e-01,0.000000000e+00,0.000000000e+00,2.534684319e-15,0.000000000e+00
36.020000,0.000000000e+00,3.748750000e-01,0.000000000e+00,0.000000000e+00,2.509463789e-15,0.000000000e+00
36.030000,0.000000000e+00,3.748750000e-01,0.000000000e+00,0.000000000e+00,2.484494207e-15,0.000000000e+00
36.040000,0.000000000e+00,3.748750000e-01,0.000000000e+00,0.000000000e+00,2.459773077e-15,0.000000000e+00
36.050000,0.000000000e+00,3.748750000e-01,0.000000000e+00,0.000000000e+00,2.435297926e-15,0.000000000e+00
36.060000,0.000000000e+00,3.748750000e-01,0.000000000e+00,0.000000000e+00,2.411066307e-15,0.000000000e+00
36.070000,0.000000000e+00,3.748750000e-01,0.000000000e+00,0.000000000e+00,2.387075796e-15,0.000000000e+00
36.080000,0.000000000e+00,3.748750000e-01,0.000000000e+00,0.000000000e+00,2.363323995e-15,0.000000000e+00
36.090000,0.000000000e+00,3.748750000e-01,0.000000000e+00,0.000000000e+00,2.339808528e-15,0.000000000e+00
36.100000,0.000000000e+00,3.748750000e-01,0.000000000e+00,0.000000000e+00,2.316527044e-15,0.000000000e+00
36.110000,0.000000000e+00,3.748750000e-01,0.000000000e+00,0.000000000e+00,2.293477215e-15,0.000000000e+00
36.120000,0.000000000e+00,3.748750000e-01,0.000000000e+00,0.000000000e+00,2.270656736e-15,0.000000000e+00
36.130000,0.000000000e+00,3.748750000e-01,0.000000000e+00,0.000000000e+00,2.248063324e-15,0.000000000e+00
36.140000,0.000000000e+00,3.748750000e-01,0.000000000e+00,0.000000000e+00,2.225694720e-15,0.000000000e+00
36.150000,0.000000000e+00,3.748750000e-01,0.000000000e+00,0.000000000e+00,2.203548687e-15,0.000000000e+00
36.160000,0.000000000e+00,3.748750000e-01,0.000000000e+00,0.000000000e+00,2.181623012e-15,0.000000000e+00
36.170000,0.000000000e+00,3.748750000e-01,0.000000000e+00,0.000000000e+00,2.159915500e-15,0.000000000e+00
36.180000,0.000000000e+00,3.748750000e-01,0.000000000e+00,0.000000000e+00,2.138423982e-15,0.000000000e+00
36.190000,0.000000000e+00,3.748750000e-01,0.000000000e+00,0.000000000e+00,2.117146307e-15,0.000000000e+00
36.200000,0.000000000e+00,3.748750000e-01,0.000000000e+00,0.000000000e+00,2.096080350e-15,0.000000000e+00
36.210000,0.000000000e+00,3.748750000e-01,0.000000000e+00,0.000000000e+00,2.075224002e-15,0.000000000e+00
36.220000,0.000000000e+00,3.748750000e-01,0.000000000e+00,0.000000000e+00,2.054575178e-15,0.000000000e+00
36.230000,0.000000000e+00,3.748750000e-01,0.000000000e+00,0.000000000e+00,2.034131813e-15,0.000000000e+00
36.240000,0.000000000e+00,3.748750000e-01,0.000000000e+00,0.000000000e+00,2.013891864e-15,0.000000000e+00
36.250000,0.000000000e+00,3.748750000e-01,0.000000000e+00,0.000000000e+00,1.993853305e-15,0.000000000e+00
36.260000,0.000000000e+00,3.748750000e-01,0.000000000e+00,0.000000000e+00,1.974014133e-15,0.000000000e+00
36.270000,0.000000000e+00,3.748750000e-01,0.000000000e+00,0.000000000e+00,1.954372364e-15,0.000000000e+00
36.280000,0.000000000e+00,3.748750000e-01,0.000000000e+00,0.000000000e+00,1.934926034e-15,0.000000000e+00
36.290000,0.000000000e+00,3.748750000e-01,0.000000000e+00,0.000000000e+00,1.915673198e-15,0.000000000e+00
36.300000,0.000000000e+00,3.748750000e-01,0.000000000e+00,0.000000000e+00,1.896611932e-15,0.000000000e+00
36.310000,0.000000000e+00,3.748750000e-01,0.000000000e+00,0.000000000e+00,1.877740328e-15,0.000000000e+00
36.320000,0.000000000e+00,3.748750000e-01,0.000000000e+00,0.000000000e+00,1.859056499e-15,0.000000000e+00
36.330000,0.000000000e+00,3.748750000e-01,0.000000000e+00,0.000000000e+00,1.840558578e-15,0.000000000e+00
36.340000,0.000000000e+00,3.748750000e-01,0.000000000e+00,0.000000000e+00,1.822244714e-15,0.000000000e+00
36.350000,0.000000000e+00,3.748750000e-01,0.000000000e+00,0.000000000e+00,1.804113076e-15,0.000000000e+00
36.360000,0.000000000e+00,3.748750000e-01,0.000000000e+00,0.000000000e+00,1.786161851e-15,0.000000000e+00
36.370000,0.000000000e+00,3.748750000e-01,0.000000000e+00,0.000000000e+00,1.768389244e-15,0.000000000e+00
36.380000,0.000000000e+00,3.748750000e-01,0.000000000e+00,0.000000000e+00,1.750793477e-15,0.000000000e+00
36.390000,0.000000000e+00,3.748750000e-01,0.000000000e+00,0.000000000e+00,1.733372791e-15,0.000000000e+00
36.400000,0.000000000e+00,3.748750000e-01,0.000000000e+00,0.000000000e+00,1.716125443e-15,0.000000000e+00
36.410000,0.000000000e+00,3.748750000e-01,0.000000000e+00,0.000000000e+00,1.699049710e-15,0.000000000e+00
36.420000,0.000000000e+00,3.748750000e-01,0.000000000e+00,0.000000000e+00,1.682143883e-15,0.000000000e+00
36.430000,0.000000000e+00,3.748750000e-01,0.000000000e+00,0.000000000e+00,1.665406271e-15,0.000000000e+00
36.440000,0.000000000e+00,3.748750000e-01,0.000000000e+00,0.000000000e+00,1.648835202e-15,0.000000000e+00
36.450000,0.000000000e+00,3.748750000e-01,0.000000000e+00,0.000000000e+00,1.632429018e-15,0.000000000e+00
36.460000,0.000000000e+00,3.748750000e-01,0.000000000e+00,0.000000000e+00,1.616186078e-15,0.000000000e+00
36.470000,0.000000000e+00,3.748750000e-01,0.000000000e+00,0.000000000e+00,1.600104757e-15,0.000000000e+00
36.480000,0.000000000e+00,3.748750000e-01,0.000000000e+00,0.000000000e+00,1.584183449e-15,0.000000000e+00
36.490000,0.000000000e+00,3.748750000e-01,0.000000000e+00,0.000000000e+00,1.568420560e-15,0.000000000e+00
36.500000,0.000000000e+00,3.748750000e-01,0.000000000e+00,0.000000000e+00,1.552814515e-15,0.000000000e+00
36.510000,0.000000000e+00,3.748750000e-01,0.000000000e+00,0.000000000e+00,1.537363753e-15,0.000000000e+00
36.520000,0.000000000e+00,3.748750000e-01,0.000000000e+00,0.000000000e+00,1.522066728e-15,0.000000000e+00
36.530000,0.000000000e+00,3.748750000e-01,0.000000000e+00,0.000000000e+00,1.506921911e-15,0.000000000e+00
36.540000,0.000000000e+00,3.748750000e-01,0.000000000e+00,0.000000000e+00,1.491927787e-15,0.000000000e+00
36.550000,0.000000000e+00,3.748750000e-01,0.000000000e+00,0.000000000e+00,1.477082858e-15,0.000000000e+00
36.560000,0.000000000e+00,3.748750000e-01,0.000000000e+00,0.000000000e+00,1.462385638e-15,0.000000000e+00
36.570000,0.000000000e+00,3.748750000e-01,0.000000000e+00,0.000000000e+00,1.447834657e-15,0.000000000e+00
36.580000,0.000000000e+00,3.748750000e-01,0.000000000e+00,0.000000000e+00,1.433428462e-15,0.000000000e+00
36.590000,0.000000000e+00,3.748750000e-01,0.000000000e+00,0.000000000e+00,1.419165610e-15,0.000000000e+00
36.600000,0.000000000e+00,3.748750000e-01,0.000000000e+00,0.000000000e+00,1.405044677e-15,0.000000000e+00
36.610000,0.000000000e+00,3.748750000e-01,0.000000000e+00,0.000000000e+00,1.391064248e-15,0.000000000e+00
36.620000,0.000000000e+00,3.748750000e-01,0.000000000e+00,0.000000000e+00,1.377222928e-15,0.000000000e+00
36.630000,0.000000000e+00,3.748750000e-01,0.000000000e+00,0.000000000e+00,1.363519331e-15,0.000000000e+00
36.640000,0.000000000e+00,3.748750000e-01,0.000000000e+00,0.000000000e+00,1.349952087e-15,0.000000000e+00
36.650000,0.000000000e+00,3.748750000e-01,0.000000000e+00,0.000000000e+00,1.336519839e-15,0.000000000e+00
36.660000,0.000000000e+00,3.748750000e-01,0.000000000e+00,0.000000000e+00,1.323221244e-15,0.000000000e+00
36.670000,0.000000000e+00,3.748750000e-01,0.000000000e+00,0.000000000e+00,1.310054973e-15,0.000000000e+00
36.680000,0.000000000e+00,3.748750000e-01,0.000000000e+00,0.000000000e+00,1.297019708e-15,0.000000000e+00
36.690000,0.000000000e+00,3.748750000e-01,0.000000000e+00,0.000000000e+00,1.284114147e-15,0.000000000e+00
36.700000,0.000000000e+00,3.748750000e-01,0.000000000e+00,0.000000000e+00,1.271336997e-15,0.000000000e+00
36.710000,0.000000000e+00,3.748750000e-01,0.000000000e+00,0.000000000e+00,1.258686983e-15,0.000000000e+00
36.720000,0.000000000e+00,3.748750000e-01,0.000000000e+00,0.000000000e+00,1.246162838e-15,0.000000000e+00
36.730000,0.000000000e+00,3.748750000e-01,0.000000000e+00,0.000000000e+00,1.233763311e-15,0.000000000e+00
36.740000,0.000000000e+00,3.748750000e-01,0.000000000e+00,0.000000000e+00,1.221487161e-15,0.000000000e+00
36.750000,0.000000000e+00,3.748750000e-01,0.000000000e+00,0.000000000e+00,1.209333160e-15,0.000000000e+00
36.760000,0.000000000e+00,3.748750000e-01,0.000000000e+00,0.000000000e+00,1.197300094e-15,0.000000000e+00
36.770000,0.000000000e+00,3.748750000e-01,0.000000000e+00,0.000000000e+00,1.185386759e-15,0.000000000e+00
36.780000,0.000000000e+00,3.748750000e-01,0.000000000e+00,0.000000000e+00,1.173591964e-15,0.000000000e+00
36.790000,0.000000000e+00,3.748750000e-01,0.000000000e+00,0.000000000e+00,1.161914529e-15,0.000000000e+00
36.800000,0.000000000e+00,3.748750000e-01,0.000000000e+00,0.000000000e+00,1.150353286e-15,0.000000000e+00
36.810000,0.000000000e+00,3.748750000e-01,0.000000000e+00,0.000000000e+00,1.138907080e-15,0.000000000e+00
36.820000,0.000000000e+00,3.748750000e-01,0.000000000e+00,0.000000000e+00,1.127574765e-15,0.000000000e+00
36.830000,0.000000000e+00,3.748750000e-01,0.000000000e+00,0.000000000e+00,1.116355209e-15,0.000000000e+00
36.840000,0.000000000e+00,3.748750000e-01,0.000000000e+00,0.000000000e+00,1.105247289e-15,0.000000000e+00
36.850000,0.000000000e+00,3.748750000e-01,0.000000000e+00,0.000000000e+00,1.094249894e-15,0.000000000e+00
36.860000,0.000000000e+00,3.748750000e-01,0.000000000e+00,0.000000000e+00,1.083361926e-15,0.000000000e+00
36.870000,0.000000000e+00,3.748750000e-01,0.000000000e+00,0.000000000e+00,1.072582295e-15,0.000000000e+00
36.880000,0.000000000e+00,3.748750000e-01,0.000000000e+00,0.000000000e+00,1.061909923e-15,0.000000000e+00
36.890000,0.000000000e+00,3.748750000e-01,0.000000000e+00,0.000000000e+00,1.051343742e-15,0.000000000e+00
36.900000,0.000000000e+00,3.748750000e-01,0.000000000e+00,0.000000000e+00,1.040882697e-15,0.000000000e+00
36.910000,0.000000000e+00,3.748750000e-01,0.000000000e+00,0.000000000e+00,1.030525741e-15,0.000000000e+00
36.920000,0.000000000e+00,3.748750000e-01,0.000000000e+00,0.000000000e+00,1.020271839e-15,0.000000000e+00
36.930000,0.000000000e+00,3.748750000e-01,0.000000000e+00,0.000000000e+00,1.010119965e-15,0.000000000e+00
36.940000,0.000000000e+00,3.748750000e-01,0.000000000e+00,0.000000000e+00,1.000069103e-15,0.000000000e+00
36.950000,0.000000000e+00,3.748750000e-01,0.000000000e+00,0.000000000e+00,9.901182491e-16,0.000000000e+00
36.960000,0.000000000e+00,3.748750000e-01,0.000000000e+00,0.000000000e+00,9.802664079e-16,0.000000000e+00
36.970000,0.000000000e+00,3.748750000e-01,0.000000000e+00,0.000000000e+00,9.705125942e-16,0.000000000e+00
36.980000,0.000000000e+00,3.748750000e-01,0.000000000e+00,0.000000000e+00,9.608558325e-16,0.000000000e+00
36.990000,0.000000000e+00,3.748750000e-01,0.000000000e+00,0.000000000e+00,9.512951573e-16,0.000000000e+00
37.000000,0.000000000e+00,3.748750000e-01,0.000000000e+00,0.000000000e+00,9.418296123e-16,0.000000000e+00
37.010000,0.000000000e+00,3.748750000e-01,0.000000000e+00,0.000000000e+00,9.324582511e-16,0.000000000e+00
37.020000,0.000000000e+00,3.748750000e-01,0.000000000e+00,0.000000000e+00,9.231801365e-16,0.000000000e+00
37.030000,0.000000000e+00,3.748750000e-01,0.000000000e+00,0.000000000e+00,9.139943406e-16,0.000000000e+00
37.040000,0.000000000e+00,3.748750000e-01,0.000000000e+00,0.000000000e+00,9.048999450e-16,0.000000000e+00
37.050000,0.000000000e+00,3.748750000e-01,0.000000000e+00,0.000000000e+00,8.958960401e-16,0.000000000e+00
37.060000,0.000000000e+00,3.748750000e-01,0.000000000e+00,0.000000000e+00,8.869817255e-16,0.000000000e+00
37.070000,0.000000000e+00,3.748750000e-01,0.000000000e+00,0.000000000e+00,8.781561099e-16,0.000000000e+00
37.080000,0.000000000e+00,3.748750000e-01,0.000000000e+00,0.000000000e+00,8.694183106e-16,0.000000000e+00
37.090000,0.000000000e+00,3.748750000e-01,0.000000000e+00,0.000000000e+00,8.607674539e-16,0.000000000e+00
37.100000,0.000000000e+00,3.748750000e-01,0.000000000e+00,0.000000000e+00,8.522026746e-16,0.000000000e+00
37.110000,0.000000000e+00,3.748750000e-01,0.000000000e+00,0.000000000e+00,8.437231163e-16,0.000000000e+00
37.120000,0.000000000e+00,3.748750000e-01,0.000000000e+00,0.000000000e+00,8.353279311e-16,0.000000000e+00
37.130000,0.000000000e+00,3.748750000e-01,0.000000000e+00,0.000000000e+00,8.270162793e-16,0.000000000e+00
37.140000,0.000000000e+00,3.748750000e-01,0.000000000e+00,0.000000000e+00,8.187873298e-16,0.000000000e+00
37.150000,0.000000000e+00,3.748750000e-01,0.000000000e+00,0.000000000e+00,8.106402597e-16,0.000000000e+00
37.160000,0.000000000e+00,3.748750000e-01,0.000000000e+00,0.000000000e+00,8.025742544e-16,0.000000000e+00
37.170000,0.000000000e+00,3.748750000e-01,0.000000000e+00,0.000000000e+00,7.945885071e-16,0.000000000e+00
37.180000,0.000000000e+00,3.748750000e-01,0.000000000e+00,0.000000000e+00,7.866822194e-16,0.000000000e+00
37.190000,0.000000000e+00,3.748750000e-01,0.000000000e+00,0.000000000e+00,7.788546005e-16,0.000000000e+00
37.200000,0.000000000e+00,3.748750000e-01,0.000000000e+00,0.000000000e+00,7.711048678e-16,0.000000000e+00
37.210000,0.000000000e+00,3.748750000e-01,0.000000000e+00,0.000000000e+00,7.634322461e-16,0.000000000e+00
37.220000,0.000000000e+00,3.748750000e-01,0.000000000e+00,0.000000000e+00,7.558359684e-16,0.000000000e+00
37.230000,0.000000000e+00,3.748750000e-01,0.000000000e+00,0.000000000e+00,7.483152748e-16,0.000000000e+00
37.240000,0.000000000e+00,3.748750000e-01,0.000000000e+00,0.000000000e+00,7.408694134e-16,0.000000000e+00
37.250000,0.000000000e+00,3.748750000e-01,0.000000000e+00,0.000000000e+00,7.334976396e-16,0.000000000e+00
37.260000,0.000000000e+00,3.748750000e-01,0.000000000e+00,0.000000000e+00,7.261992161e-16,0.000000000e+00
37.270000,0.000000000e+00,3.748750000e-01,0.000000000e+00,0.000000000e+00,7.189734132e-16,0.000000000e+00
37.280000,0.000000000e+00,3.748750000e-01,0.000000000e+00,0.000000000e+00,7.118195082e-16,0.000000000e+00
37.290000,0.000000000e+00,3.748750000e-01,0.000000000e+00,0.000000000e+00,7.047367858e-16,0.000000000e+00
37.300000,0.000000000e+00,3.748750000e-01,0.000000000e+00,0.000000000e+00,6.977245376e-16,0.000000000e+00
37.310000,0.000000000e+00,3.748750000e-01,0.000000000e+00,0.000000000e+00,6.907820624e-16,0.000000000e+00
37.320000,0.000000000e+00,3.748750000e-01,0.000000000e+00,0.000000000e+00,6.839086661e-16,0.000000000e+00
37.330000,0.000000000e+00,3.748750000e-01,0.000000000e+00,0.000000000e+00,6.771036611e-16,0.000000000e+00
37.340000,0.000000000e+00,3.748750000e-01,0.000000000e+00,0.000000000e+00,6.703663672e-16,0.000000000e+00
37.350000,0.000000000e+00,3.748750000e-01,0.000000000e+00,0.000000000e+00,6.636961104e-16,0.000000000e+00
37.360000,0.000000000e+00,3.748750000e-01,0.000000000e+00,0.000000000e+00,6.570922237e-16,0.000000000e+00
37.370000,0.000000000e+00,3.748750000e-01,0.000000000e+00,0.000000000e+00,6.505540468e-16,0.000000000e+00
37.380000,0.000000000e+00,3.748750000e-01,0.000000000e+00,0.000000000e+00,6.440809259e-16,0.000000000e+00
37.390000,0.000000000e+00,3.748750000e-01,0.000000000e+00,0.000000000e+00,6.376722136e-16,0.000000000e+00
37.400000,0.000000000e+00,3.748750000e-01,0.000000000e+00,0.000000000e+00,6.313272691e-16,0.000000000e+00
37.410000,0.000000000e+00,3.748750000e-01,0.000000000e+00,0.000000000e+00,6.250454578e-16,0.000000000e+00
37.420000,0.000000000e+00,3.748750000e-01,0.000000000e+00,0.000000000e+00,6.188261516e-16,0.000000000e+00
37.430000,0.000000000e+00,3.748750000e-01,0.000000000e+00,0.000000000e+00,6.126687285e-16,0.000000000e+00
37.440000,0.000000000e+00,3.748750000e-01,0.000000000e+00,0.000000000e+00,6.065725728e-16,0.000000000e+00
37.450000,0.000000000e+00,3.748750000e-01,0.000000000e+00,0.000000000e+00,6.005370749e-16,0.000000000e+00
37.460000,0.000000000e+00,3.748750000e-01,0.000000000e+00,0.000000000e+00,5.945616311e-16,0.000000000e+00
37.470000,0.000000000e+00,3.748750000e-01,0.000000000e+00,0.000000000e+00,5.886456440e-16,0.000000000e+00
37.480000,0.000000000e+00,3.748750000e-01,0.000000000e+00,0.000000000e+00,5.827885220e-16,0.000000000e+00
37.490000,0.000000000e+00,3.748750000e-01,0.000000000e+00,0.000000000e+00,5.769896793e-16,0.000000000e+00
37.500000,0.000000000e+00,3.748750000e-01,0.000000000e+00,0.000000000e+00,5.712485361e-16,0.000000000e+00
37.510000,0.000000000e+00,3.748750000e-01,0.000000000e+00,0.000000000e+00,5.655645182e-16,0.000000000e+00
37.520000,0.000000000e+00,3.748750000e-01,0.000000000e+00,0.000000000e+00,5.599370572e-16,0.000000000e+00
37.530000,0.000000000e+00,3.748750000e-01,0.000000000e+00,0.000000000e+00,5.543655904e-16,0.000000000e+00
37.540000,0.000000000e+00,3.748750000e-01,0.000000000e+00,0.000000000e+00,5.488495606e-16,0.000000000e+00
37.550000,0.000000000e+00,3.748750000e-01,0.000000000e+00,0.000000000e+00,5.433884163e-16,0.000000000e+00
37.560000,0.000000000e+00,3.748750000e-01,0.000000000e+00,0.000000000e+00,5.379816112e-16,0.000000000e+00
37.570000,0.000000000e+00,3.748750000e-01,0.000000000e+00,0.000000000e+00,5.326286047e-16,0.000000000e+00
37.580000,0.000000000e+00,3.748750000e-01,0.000000000e+00,0.000000000e+00,5.273288615e-16,0.000000000e+00
37.590000,0.000000000e+00,3.748750000e-01,0.000000000e+00,0.000000000e+00,5.220818517e-16,0.000000000e+00
37.600000,0.000000000e+00,3.748750000e-01,0.000000000e+00,0.000000000e+00,5.168870505e-16,0.000000000e+00
37.610000,0.000000000e+00,3.748750000e-01,0.000000000e+00,0.000000000e+00,5.117439384e-16,0.000000000e+00
37.620000,0.000000000e+00,3.748750000e-01,0.000000000e+00,0.000000000e+00,5.066520011e-16,0.000000000e+00
37.630000,0.000000000e+00,3.748750000e-01,0.000000000e+00,0.000000000e+00,5.016107295e-16,0.000000000e+00
37.640000,0.000000000e+00,3.748750000e-01,0.000000000e+00,0.000000000e+00,4.966196193e-16,0.000000000e+00
37.650000,0.000000000e+00,3.748750000e-01,0.000000000e+00,0.000000000e+00,4.916781716e-16,0.000000000e+00
37.660000,0.000000000e+00,3.748750000e-01,0.000000000e+00,0.000000000e+00,4.867858920e-16,0.000000000e+00
37.670000,0.000000000e+00,3.748750000e-01,0.000000000e+00,0.000000000e+00,4.819422915e-16,0.000000000e+00
37.680000,0.000000000e+00,3.748750000e-01,0.000000000e+00,0.000000000e+00,4.771468855e-16,0.000000000e+00
37.690000,0.000000000e+00,3.748750000e-01,0.000000000e+00,0.000000000e+00,4.723991947e-16,0.000000000e+00
37.700000,0.000000000e+00,3.748750000e-01,0.000000000e+00,0.000000000e+00,4.676987442e-16,0.000000000e+00
37.710000,0.000000000e+00,3.748750000e-01,0.000000000e+00,0.000000000e+00,4.630450639e-16,0.000000000e+00
37.720000,0.000000000e+00,3.748750000e-01,0.000000000e+00,0.000000000e+00,4.584376885e-16,0.000000000e+00
37.730000,0.000000000e+00,3.748750000e-01,0.000000000e+00,0.000000000e+00,4.538761573e-16,0.000000000e+00
37.740000,0.000000000e+00,3.748750000e-01,0.000000000e+00,0.000000000e+00,4.493600141e-16,0.000000000e+00
37.750000,0.000000000e+00,3.748750000e-01,0.000000000e+00,0.000000000e+00,4.448888073e-16,0.000000000e+00
37.760000,0.000000000e+00,3.748750000e-01,0.000000000e+00,0.000000000e+00,4.404620897e-16,0.000000000e+00
37.770000,0.000000000e+00,3.748750000e-01,0.000000000e+00,0.000000000e+00,4.360794186e-16,0.000000000e+00
37.780000,0.000000000e+00,3.748750000e-01,0.000000000e+00,0.000000000e+00,4.317403559e-16,0.000000000e+00
37.790000,0.000000000e+00,3.748750000e-01,0.000000000e+00,0.000000000e+00,4.274444676e-16,0.000000000e+00
37.800000,0.000000000e+00,3.748750000e-01,0.000000000e+00,0.000000000e+00,4.231913241e-16,0.000000000e+00
37.810000,0.000000000e+00,3.748750000e-01,0.000000000e+00,0.000000000e+00,4.189805001e-16,0.000000000e+00
37.820000,0.000000000e+00,3.748750000e-01,0.000000000e+00,0.000000000e+00,4.148115744e-16,0.000000000e+00
37.830000,0.000000000e+00,3.748750000e-01,0.000000000e+00,0.000000000e+00,4.106841303e-16,0.000000000e+00
37.840000,0.000000000e+00,3.748750000e-01,0.000000000e+00,0.000000000e+00,4.065977549e-16,0.000000000e+00
37.850000,0.000000000e+00,3.748750000e-01,0.000000000e+00,0.000000000e+00,4.025520397e-16,0.000000000e+00
37.860000,0.000000000e+00,3.748750000e-01,0.000000000e+00,0.000000000e+00,3.985465800e-16,0.000000000e+00
37.870000,0.000000000e+00,3.748750000e-01,0.000000000e+00,0.000000000e+00,3.945809752e-16,0.000000000e+00
37.880000,0.000000000e+00,3.748750000e-01,0.000000000e+00,0.000000000e+00,3.906548289e-16,0.000000000e+00
37.890000,0.000000000e+00,3.748750000e-01,0.000000000e+00,0.000000000e+00,3.867677484e-16,0.000000000e+00
37.900000,0.000000000e+00,3.748750000e-01,0.000000000e+00,0.000000000e+00,3.829193450e-16,0.000000000e+00
37.910000,0.000000000e+00,3.748750000e-01,0.000000000e+00,0.000000000e+00,3.791092339e-16,0.000000000e+00
37.920000,0.000000000e+00,3.748750000e-01,0.000000000e+00,0.000000000e+00,3.753370340e-16,0.000000000e+00
37.930000,0.000000000e+00,3.748750000e-01,0.000000000e+00,0.000000000e+00,3.716023681e-16,0.000000000e+00
37.940000,0.000000000e+00,3.748750000e-01,0.000000000e+00,0.000000000e+00,3.679048628e-16,0.000000000e+00
37.950000,0.000000000e+00,3.748750000e-01,0.000000000e+00,0.000000000e+00,3.642441482e-16,0.000000000e+00
37.960000,0.000000000e+00,3.748750000e-01,0.000000000e+00,0.000000000e+00,3.606198584e-16,0.000000000e+00
37.970000,0.000000000e+00,3.748750000e-01,0.000000000e+00,0.000000000e+00,3.570316308e-16,0.000000000e+00
37.980000,0.000000000e+00,3.748750000e-01,0.000000000e+00,0.000000000e+00,3.534791068e-16,0.000000000e+00
37.990000,0.000000000e+00,3.748750000e-01,0.000000000e+00,0.000000000e+00,3.499619309e-16,0.000000000e+00
38.000000,0.000000000e+00,3.748750000e-01,0.000000000e+00,0.000000000e+00,3.464797515e-16,0.000000000e+00
38.010000,0.000000000e+00,3.748750000e-01,0.000000000e+00,0.000000000e+00,3.430322204e-16,0.000000000e+00
38.020000,0.000000000e+00,3.748750000e-01,0.000000000e+00,0.000000000e+00,3.396189927e-16,0.000000000e+00
38.030000,0.000000000e+00,3.748750000e-01,0.000000000e+00,0.000000000e+00,3.362397273e-16,0.000000000e+00
38.040000,0.000000000e+00,3.748750000e-01,0.000000000e+00,0.000000000e+00,3.328940861e-16,0.000000000e+00
38.050000,0.000000000e+00,3.748750000e-01,0.000000000e+00,0.000000000e+00,3.295817346e-16,0.000000000e+00
38.060000,0.000000000e+00,3.748750000e-01,0.000000000e+00,0.000000000e+00,3.263023416e-16,0.000000000e+00
38.070000,0.000000000e+00,3.748750000e-01,0.000000000e+00,0.000000000e+00,3.230555790e-16,0.000000000e+00
38.080000,0.000000000e+00,3.748750000e-01,0.000000000e+00,0.000000000e+00,3.198411223e-16,0.000000000e+00
38.090000,0.000000000e+00,3.748750000e-01,0.000000000e+00,0.000000000e+00,3.166586499e-16,0.000000000e+00
38.100000,0.000000000e+00,3.748750000e-01,0.000000000e+00,0.000000000e+00,3.135078437e-16,0.000000000e+00
38.110000,0.000000000e+00,3.748750000e-01,0.000000000e+00,0.000000000e+00,3.103883886e-16,0.000000000e+00
38.120000,0.000000000e+00,3.748750000e-01,0.000000000e+00,0.000000000e+00,3.072999725e-16,0.000000000e+00
38.130000,0.000000000e+00,3.748750000e-01,0.000000000e+00,0.000000000e+00,3.042422867e-16,0.000000000e+00
38.140000,0.000000000e+00,3.748750000e-01,0.000000000e+00,0.000000000e+00,3.012150254e-16,0.000000000e+00
38.150000,0.000000000e+00,3.748750000e-01,0.000000000e+00,0.000000000e+00,2.982178858e-16,0.000000000e+00
38.160000,0.000000000e+00,3.748750000e-01,0.000000000e+00,0.000000000e+00,2.952505682e-16,0.000000000e+00
38.170000,0.000000000e+00,3.748750000e-01,0.000000000e+00,0.000000000e+00,2.923127760e-16,0.000000000e+00
38.180000,0.000000000e+00,3.748750000e-01,0.000000000e+00,0.000000000e+00,2.894042153e-16,0.000000000e+00
38.190000,0.000000000e+00,3.748750000e-01,0.000000000e+00,0.000000000e+00,2.865245952e-16,0.000000000e+00
38.200000,0.000000000e+00,3.748750000e-01,0.000000000e+00,0.000000000e+00,2.836736279e-16,0.000000000e+00
38.210000,0.000000000e+00,3.748750000e-01,0.000000000e+00,0.000000000e+00,2.808510281e-16,0.000000000e+00
38.220000,0.000000000e+00,3.748750000e-01,0.000000000e+00,0.000000000e+00,2.780565137e-16,0.000000000e+00
38.230000,0.000000000e+00,3.748750000e-01,0.000000000e+00,0.000000000e+00,2.752898051e-16,0.000000000e+00
38.240000,0.000000000e+00,3.748750000e-01,0.000000000e+00,0.000000000e+00,2.725506258e-16,0.000000000e+00
38.250000,0.000000000e+00,3.748750000e-01,0.000000000e+00,0.000000000e+00,2.698387018e-16,0.000000000e+00
38.260000,0.000000000e+00,3.748750000e-01,0.000000000e+00,0.000000000e+00,2.671537618e-16,0.000000000e+00
38.270000,0.000000000e+00,3.748750000e-01,0.000000000e+00,0.000000000e+00,2.644955375e-16,0.000000000e+00
38.280000,0.000000000e+00,3.748750000e-01,0.000000000e+00,0.000000000e+00,2.618637629e-16,0.000000000e+00
38.290000,0.000000000e+00,3.748750000e-01,0.000000000e+00,0.000000000e+00,2.592581749e-16,0.000000000e+00
38.300000,0.000000000e+00,3.748750000e-01,0.000000000e+00,0.000000000e+00,2.566785130e-16,0.000000000e+00
38.310000,0.000000000e+00,3.748750000e-01,0.000000000e+00,0.000000000e+00,2.541245191e-16,0.000000000e+00
38.320000,0.000000000e+00,3.748750000e-01,0.000000000e+00,0.000000000e+00,2.515959379e-16,0.000000000e+00
38.330000,0.000000000e+00,3.748750000e-01,0.000000000e+00,0.000000000e+00,2.490925165e-16,0.000000000e+00
38.340000,0.000000000e+00,3.748750000e-01,0.000000000e+00,0.000000000e+00,2.466140045e-16,0.000000000e+00
38.350000,0.000000000e+00,3.748750000e-01,0.000000000e+00,0.000000000e+00,2.441601542e-16,0.000000000e+00
38.360000,0.000000000e+00,3.748750000e-01,0.000000000e+00,0.000000000e+00,2.417307201e-16,0.000000000e+00
38.370000,0.000000000e+00,3.748750000e-01,0.000000000e+00,0.000000000e+00,2.393254592e-16,0.000000000e+00
38.380000,0.000000000e+00,3.748750000e-01,0.000000000e+00,0.000000000e+00,2.369441311e-16,0.000000000e+00
38.390000,0.000000000e+00,3.748750000e-01,0.000000000e+00,0.000000000e+00,2.345864976e-16,0.000000000e+00
38.400000,0.000000000e+00,3.748750000e-01,0.000000000e+00,0.000000000e+00,2.322523230e-16,0.000000000e+00
38.410000,0.000000000e+00,3.748750000e-01,0.000000000e+00,0.000000000e+00,2.299413737e-16,0.000000000e+00
38.420000,0.000000000e+00,3.748750000e-01,0.000000000e+00,0.000000000e+00,2.276534188e-16,0.000000000e+00
38.430000,0.000000000e+00,3.748750000e-01,0.000000000e+00,0.000000000e+00,2.253882295e-16,0.000000000e+00
38.440000,0.000000000e+00,3.748750000e-01,0.000000000e+00,0.000000000e+00,2.231455791e-16,0.000000000e+00
38.450000,0.000000000e+00,3.748750000e-01,0.000000000e+00,0.000000000e+00,2.209252435e-16,0.000000000e+00
38.460000,0.000000000e+00,3.748750000e-01,0.000000000e+00,0.000000000e+00,2.187270006e-16,0.000000000e+00
38.470000,0.000000000e+00,3.748750000e-01,0.000000000e+00,0.000000000e+00,2.165506306e-16,0.000000000e+00
38.480000,0.000000000e+00,3.748750000e-01,0.000000000e+00,0.000000000e+00,2.143959158e-16,0.000000000e+00
38.490000,0.000000000e+00,3.748750000e-01,0.000000000e+00,0.000000000e+00,2.122626408e-16,0.000000000e+00
38.500000,0.000000000e+00,3.748750000e-01,0.000000000e+00,0.000000000e+00,2.101505923e-16,0.000000000e+00
38.510000,0.000000000e+00,3.748750000e-01,0.000000000e+00,0.000000000e+00,2.080595589e-16,0.000000000e+00
38.520000,0.000000000e+00,3.748750000e-01,0.000000000e+00,0.000000000e+00,2.059893317e-16,0.000000000e+00
38.530000,0.000000000e+00,3.748750000e-01,0.000000000e+00,0.000000000e+00,2.039397036e-16,0.000000000e+00
38.540000,0.000000000e+00,3.748750000e-01,0.000000000e+00,0.000000000e+00,2.019104697e-16,0.000000000e+00
38.550000,0.000000000e+00,3.748750000e-01,0.000000000e+00,0.000000000e+00,1.999014269e-16,0.000000000e+00
38.560000,0.000000000e+00,3.748750000e-01,0.000000000e+00,0.000000000e+00,1.979123745e-16,0.000000000e+00
38.570000,0.000000000e+00,3.748750000e-01,0.000000000e+00,0.000000000e+00,1.959431135e-16,0.000000000e+00
38.580000,0.000000000e+00,3.748750000e-01,0.000000000e+00,0.000000000e+00,1.939934469e-16,0.000000000e+00
38.590000,0.000000000e+00,3.748750000e-01,0.000000000e+00,0.000000000e+00,1.920631799e-16,0.000000000e+00
38.600000,0.000000000e+00,3.748750000e-01,0.000000000e+00,0.000000000e+00,1.901521193e-16,0.000000000e+00
38.610000,0.000000000e+00,3.748750000e-01,0.000000000e+00,0.000000000e+00,1.882600741e-16,0.000000000e+00
38.620000,0.000000000e+00,3.748750000e-01,0.000000000e+00,0.000000000e+00,1.863868551e-16,0.000000000e+00
38.630000,0.000000000e+00,3.748750000e-01,0.000000000e+00,0.000000000e+00,1.845322749e-16,0.000000000e+00
38.640000,0.000000000e+00,3.748750000e-01,0.000000000e+00,0.000000000e+00,1.826961480e-16,0.000000000e+00
38.650000,0.000000000e+00,3.748750000e-01,0.000000000e+00,0.000000000e+00,1.808782910e-16,0.000000000e+00
38.660000,0.000000000e+00,3.748750000e-01,0.000000000e+00,0.000000000e+00,1.790785219e-16,0.000000000e+00
38.670000,0.000000000e+00,3.748750000e-01,0.000000000e+00,0.000000000e+00,1.772966609e-16,0.000000000e+00
38.680000,0.000000000e+00,3.748750000e-01,0.000000000e+00,0.000000000e+00,1.755325296e-16,0.000000000e+00
38.690000,0.000000000e+00,3.748750000e-01,0.000000000e+00,0.000000000e+00,1.737859518e-16,0.000000000e+00
38.700000,0.000000000e+00,3.748750000e-01,0.000000000e+00,0.000000000e+00,1.720567527e-16,0.000000000e+00
38.710000,0.000000000e+00,3.748750000e-01,0.000000000e+00,0.000000000e+00,1.703447594e-16,0.000000000e+00
38.720000,0.000000000e+00,3.748750000e-01,0.000000000e+00,0.000000000e+00,1.686498007e-16,0.000000000e+00
38.730000,0.000000000e+00,3.748750000e-01,0.000000000e+00,0.000000000e+00,1.669717071e-16,0.000000000e+00
38.740000,0.000000000e+00,3.748750000e-01,0.000000000e+00,0.000000000e+00,1.653103109e-16,0.000000000e+00
38.750000,0.000000000e+00,3.748750000e-01,0.000000000e+00,0.000000000e+00,1.636654458e-16,0.000000000e+00
38.760000,0.000000000e+00,3.748750000e-01,0.000000000e+00,0.000000000e+00,1.620369474e-16,0.000000000e+00
38.770000,0.000000000e+00,3.748750000e-01,0.000000000e+00,0.000000000e+00,1.604246529e-16,0.000000000e+00
38.780000,0.000000000e+00,3.748750000e-01,0.000000000e+00,0.000000000e+00,1.588284009e-16,0.000000000e+00
38.790000,0.000000000e+00,3.748750000e-01,0.000000000e+00,0.000000000e+00,1.572480319e-16,0.000000000e+00
38.800000,0.000000000e+00,3.748750000e-01,0.000000000e+00,0.000000000e+00,1.556833878e-16,0.000000000e+00
38.810000,0.000000000e+00,3.748750000e-01,0.000000000e+00,0.000000000e+00,1.541343122e-16,0.000000000e+00
38.820000,0.000000000e+00,3.748750000e-01,0.000000000e+00,0.000000000e+00,1.526006502e-16,0.000000000e+00
38.830000,0.000000000e+00,3.748750000e-01,0.000000000e+00,0.000000000e+00,1.510822484e-16,0.000000000e+00
38.840000,0.000000000e+00,3.748750000e-01,0.000000000e+00,0.000000000e+00,1.495789549e-16,0.000000000e+00
38.850000,0.000000000e+00,3.748750000e-01,0.000000000e+00,0.000000000e+00,1.480906194e-16,0.000000000e+00
38.860000,0.000000000e+00,3.748750000e-01,0.000000000e+00,0.000000000e+00,1.466170931e-16,0.000000000e+00
38.870000,0.000000000e+00,3.748750000e-01,0.000000000e+00,0.000000000e+00,1.451582287e-16,0.000000000e+00
38.880000,0.000000000e+00,3.748750000e-01,0.000000000e+00,0.000000000e+00,1.437138802e-16,0.000000000e+00
38.890000,0.000000000e+00,3.748750000e-01,0.000000000e+00,0.000000000e+00,1.422839032e-16,0.000000000e+00
38.900000,0.000000000e+00,3.748750000e-01,0.000000000e+00,0.000000000e+00,1.408681547e-16,0.000000000e+00
38.910000,0.000000000e+00,3.748750000e-01,0.000000000e+00,0.000000000e+00,1.394664931e-16,0.000000000e+00
38.920000,0.000000000e+00,3.748750000e-01,0.000000000e+00,0.000000000e+00,1.380787783e-16,0.000000000e+00
38.930000,0.000000000e+00,3.748750000e-01,0.000000000e+00,0.000000000e+00,1.367048715e-16,0.000000000e+00
38.940000,0.000000000e+00,3.748750000e-01,0.000000000e+00,0.000000000e+00,1.353446353e-16,0.000000000e+00
38.950000,0.000000000e+00,3.748750000e-01,0.000000000e+00,0.000000000e+00,1.339979337e-16,0.000000000e+00
38.960000,0.000000000e+00,3.748750000e-01,0.000000000e+00,0.000000000e+00,1.326646320e-16,0.000000000e+00
38.970000,0.000000000e+00,3.748750000e-01,0.000000000e+00,0.000000000e+00,1.313445968e-16,0.000000000e+00
38.980000,0.000000000e+00,3.748750000e-01,0.000000000e+00,0.000000000e+00,1.300376963e-16,0.000000000e+00
38.990000,0.000000000e+00,3.748750000e-01,0.000000000e+00,0.000000000e+00,1.287437996e-16,0.000000000e+00
39.000000,0.000000000e+00,3.748750000e-01,0.000000000e+00,0.000000000e+00,1.274627774e-16,0.000000000e+00
39.010000,0.000000000e+00,3.748750000e-01,0.000000000e+00,0.000000000e+00,1.261945015e-16,0.000000000e+00
39.020000,0.000000000e+00,3.748750000e-01,0.000000000e+00,0.000000000e+00,1.249388453e-16,0.000000000e+00
39.030000,0.000000000e+00,3.748750000e-01,0.000000000e+00,0.000000000e+00,1.236956830e-16,0.000000000e+00
39.040000,0.000000000e+00,3.748750000e-01,0.000000000e+00,0.000000000e+00,1.224648904e-16,0.000000000e+00
39.050000,0.000000000e+00,3.748750000e-01,0.000000000e+00,0.000000000e+00,1.212463444e-16,0.000000000e+00
39.060000,0.000000000e+00,3.748750000e-01,0.000000000e+00,0.000000000e+00,1.200399231e-16,0.000000000e+00
39.070000,0.000000000e+00,3.748750000e-01,0.000000000e+00,0.000000000e+00,1.188455059e-16,0.000000000e+00
39.080000,0.000000000e+00,3.748750000e-01,0.000000000e+00,0.000000000e+00,1.176629733e-16,0.000000000e+00
39.090000,0.000000000e+00,3.748750000e-01,0.000000000e+00,0.000000000e+00,1.164922072e-16,0.000000000e+00
39.100000,0.000000000e+00,3.748750000e-01,0.000000000e+00,0.000000000e+00,1.153330904e-16,0.000000000e+00
39.110000,0.000000000e+00,3.748750000e-01,0.000000000e+00,0.000000000e+00,1.141855069e-16,0.000000000e+00
39.120000,0.000000000e+00,3.748750000e-01,0.000000000e+00,0.000000000e+00,1.130493422e-16,0.000000000e+00
39.130000,0.000000000e+00,3.748750000e-01,0.000000000e+00,0.000000000e+00,1.119244824e-16,0.000000000e+00
39.140000,0.000000000e+00,3.748750000e-01,0.000000000e+00,0.000000000e+00,1.108108152e-16,0.000000000e+00
39.150000,0.000000000e+00,3.748750000e-01,0.000000000e+00,0.000000000e+00,1.097082292e-16,0.000000000e+00
39.160000,0.000000000e+00,3.748750000e-01,0.000000000e+00,0.000000000e+00,1.086166141e-16,0.000000000e+00
39.170000,0.000000000e+00,3.748750000e-01,0.000000000e+00,0.000000000e+00,1.075358607e-16,0.000000000e+00
39.180000,0.000000000e+00,3.748750000e-01,0.000000000e+00,0.000000000e+00,1.064658610e-16,0.000000000e+00
39.190000,0.000000000e+00,3.748750000e-01,0.000000000e+00,0.000000000e+00,1.054065080e-16,0.000000000e+00
39.200000,0.000000000e+00,3.748750000e-01,0.000000000e+00,0.000000000e+00,1.043576957e-16,0.000000000e+00
39.210000,0.000000000e+00,3.748750000e-01,0.000000000e+00,0.000000000e+00,1.033193193e-16,0.000000000e+00
39.220000,0.000000000e+00,3.748750000e-01,0.000000000e+00,0.000000000e+00,1.022912749e-16,0.000000000e+00
39.230000,0.000000000e+00,3.748750000e-01,0.000000000e+00,0.000000000e+00,1.012734597e-16,0.000000000e+00
39.240000,0.000000000e+00,3.748750000e-01,0.000000000e+00,0.000000000e+00,1.002657719e-16,0.000000000e+00
39.250000,0.000000000e+00,3.748750000e-01,0.000000000e+00,0.000000000e+00,9.926811082e-17,0.000000000e+00
39.260000,0.000000000e+00,3.748750000e-01,0.000000000e+00,0.000000000e+00,9.828037662e-17,0.000000000e+00
39.270000,0.000000000e+00,3.748750000e-01,0.000000000e+00,0.000000000e+00,9.730247053e-17,0.000000000e+00
39.280000,0.000000000e+00,3.748750000e-01,0.000000000e+00,0.000000000e+00,9.633429477e-17,0.000000000e+00
39.290000,0.000000000e+00,3.748750000e-01,0.000000000e+00,0.000000000e+00,9.537575253e-17,0.000000000e+00
39.300000,0.000000000e+00,3.748750000e-01,0.000000000e+00,0.000000000e+00,9.442674793e-17,0.000000000e+00
39.310000,0.000000000e+00,3.748750000e-01,0.000000000e+00,0.000000000e+00,9.348718609e-17,0.000000000e+00
39.320000,0.000000000e+00,3.748750000e-01,0.000000000e+00,0.000000000e+00,9.255697305e-17,0.000000000e+00
39.330000,0.000000000e+00,3.748750000e-01,0.000000000e+00,0.000000000e+00,9.163601578e-17,0.000000000e+00
39.340000,0.000000000e+00,3.748750000e-01,0.000000000e+00,0.000000000e+00,9.072422219e-17,0.000000000e+00
39.350000,0.000000000e+00,3.748750000e-01,0.000000000e+00,0.000000000e+00,8.982150109e-17,0.000000000e+00
39.360000,0.000000000e+00,3.748750000e-01,0.000000000e+00,0.000000000e+00,8.892776222e-17,0.000000000e+00
39.370000,0.000000000e+00,3.748750000e-01,0.000000000e+00,0.000000000e+00,8.804291621e-17,0.000000000e+00
39.380000,0.000000000e+00,3.748750000e-01,0.000000000e+00,0.000000000e+00,8.716687455e-17,0.000000000e+00
39.390000,0.000000000e+00,3.748750000e-01,0.000000000e+00,0.000000000e+00,8.629954966e-17,0.000000000e+00
39.400000,0.000000000e+00,3.748750000e-01,0.000000000e+00,0.000000000e+00,8.544085479e-17,0.000000000e+00
39.410000,0.000000000e+00,3.748750000e-01,0.000000000e+00,0.000000000e+00,8.459070408e-17,0.000000000e+00
39.420000,0.000000000e+00,3.748750000e-01,0.000000000e+00,0.000000000e+00,8.374901251e-17,0.000000000e+00
39.430000,0.000000000e+00,3.748750000e-01,0.000000000e+00,0.000000000e+00,8.291569592e-17,0.000000000e+00
39.440000,0.000000000e+00,3.748750000e-01,0.000000000e+00,0.000000000e+00,8.209067096e-17,0.000000000e+00
39.450000,0.000000000e+00,3.748750000e-01,0.000000000e+00,0.000000000e+00,8.127385513e-17,0.000000000e+00
39.460000,0.000000000e+00,3.748750000e-01,0.000000000e+00,0.000000000e+00,8.046516676e-17,0.000000000e+00
39.470000,0.000000000e+00,3.748750000e-01,0.000000000e+00,0.000000000e+00,7.966452498e-17,0.000000000e+00
39.480000,0.000000000e+00,3.748750000e-01,0.000000000e+00,0.000000000e+00,7.887184971e-17,0.000000000e+00
39.490000,0.000000000e+00,3.748750000e-01,0.000000000e+00,0.000000000e+00,7.808706169e-17,0.000000000e+00
39.500000,0.000000000e+00,3.748750000e-01,0.000000000e+00,0.000000000e+00,7.731008245e-17,0.000000000e+00
39.510000,0.000000000e+00,3.748750000e-01,0.000000000e+00,0.000000000e+00,7.654083427e-17,0.000000000e+00
39.520000,0.000000000e+00,3.748750000e-01,0.000000000e+00,0.000000000e+00,7.577924025e-17,0.000000000e+00
39.530000,0.000000000e+00,3.748750000e-01,0.000000000e+00,0.000000000e+00,7.502522421e-17,0.000000000e+00
39.540000,0.000000000e+00,3.748750000e-01,0.000000000e+00,0.000000000e+00,7.427871075e-17,0.000000000e+00
39.550000,0.000000000e+00,3.748750000e-01,0.000000000e+00,0.000000000e+00,7.353962523e-17,0.000000000e+00
39.560000,0.000000000e+00,3.748750000e-01,0.000000000e+00,0.000000000e+00,7.280789374e-17,0.000000000e+00
39.570000,0.000000000e+00,3.748750000e-01,0.000000000e+00,0.000000000e+00,7.208344309e-17,0.000000000e+00
39.580000,0.000000000e+00,3.748750000e-01,0.000000000e+00,0.000000000e+00,7.136620085e-17,0.000000000e+00
39.590000,0.000000000e+00,3.748750000e-01,0.000000000e+00,0.000000000e+00,7.065609528e-17,0.000000000e+00
39.600000,0.000000000e+00,3.748750000e-01,0.000000000e+00,0.000000000e+00,6.995305539e-17,0.000000000e+00
39.610000,0.000000000e+00,3.748750000e-01,0.000000000e+00,0.000000000e+00,6.925701086e-17,0.000000000e+00
39.620000,0.000000000e+00,3.748750000e-01,0.000000000e+00,0.000000000e+00,6.856789209e-17,0.000000000e+00
39.630000,0.000000000e+00,3.748750000e-01,0.000000000e+00,0.000000000e+00,6.788563016e-17,0.000000000e+00
39.640000,0.000000000e+00,3.748750000e-01,0.000000000e+00,0.000000000e+00,6.721015685e-17,0.000000000e+00
39.650000,0.000000000e+00,3.748750000e-01,0.000000000e+00,0.000000000e+00,6.654140462e-17,0.000000000e+00
39.660000,0.000000000e+00,3.748750000e-01,0.000000000e+00,0.000000000e+00,6.587930658e-17,0.000000000e+00
39.670000,0.000000000e+00,3.748750000e-01,0.000000000e+00,0.000000000e+00,6.522379653e-17,0.000000000e+00
39.680000,0.000000000e+00,3.748750000e-01,0.000000000e+00,0.000000000e+00,6.457480891e-17,0.000000000e+00
39.690000,0.000000000e+00,3.748750000e-01,0.000000000e+00,0.000000000e+00,6.393227883e-17,0.000000000e+00
39.700000,0.000000000e+00,3.748750000e-01,0.000000000e+00,0.000000000e+00,6.329614202e-17,0.000000000e+00
39.710000,0.000000000e+00,3.748750000e-01,0.000000000e+00,0.000000000e+00,6.266633489e-17,0.000000000e+00
39.720000,0.000000000e+00,3.748750000e-01,0.000000000e+00,0.000000000e+00,6.204279444e-17,0.000000000e+00
39.730000,0.000000000e+00,3.748750000e-01,0.000000000e+00,0.000000000e+00,6.142545832e-17,0.000000000e+00
39.740000,0.000000000e+00,3.748750000e-01,0.000000000e+00,0.000000000e+00,6.081426479e-17,0.000000000e+00
39.750000,0.000000000e+00,3.748750000e-01,0.000000000e+00,0.000000000e+00,6.020915275e-17,0.000000000e+00
39.760000,0.000000000e+00,3.748750000e-01,0.000000000e+00,0.000000000e+00,5.961006167e-17,0.000000000e+00
39.770000,0.000000000e+00,3.748750000e-01,0.000000000e+00,0.000000000e+00,5.901693165e-17,0.000000000e+00
39.780000,0.000000000e+00,3.748750000e-01,0.000000000e+00,0.000000000e+00,5.842970336e-17,0.000000000e+00
39.790000,0.000000000e+00,3.748750000e-01,0.000000000e+00,0.000000000e+00,5.784831810e-17,0.000000000e+00
39.800000,0.000000000e+00,3.748750000e-01,0.000000000e+00,0.000000000e+00,5.727271772e-17,0.000000000e+00
39.810000,0.000000000e+00,3.748750000e-01,0.000000000e+00,0.000000000e+00,5.670284466e-17,0.000000000e+00
39.820000,0.000000000e+00,3.748750000e-01,0.000000000e+00,0.000000000e+00,5.613864193e-17,0.000000000e+00
39.830000,0.000000000e+00,3.748750000e-01,0.000000000e+00,0.000000000e+00,5.558005311e-17,0.000000000e+00
39.840000,0.000000000e+00,3.748750000e-01,0.000000000e+00,0.000000000e+00,5.502702234e-17,0.000000000e+00
39.850000,0.000000000e+00,3.748750000e-01,0.000000000e+00,0.000000000e+00,5.447949432e-17,0.000000000e+00
39.860000,0.000000000e+00,3.748750000e-01,0.000000000e+00,0.000000000e+00,5.393741429e-17,0.000000000e+00
39.870000,0.000000000e+00,3.748750000e-01,0.000000000e+00,0.000000000e+00,5.340072805e-17,0.000000000e+00
39.880000,0.000000000e+00,3.748750000e-01,0.000000000e+00,0.000000000e+00,5.286938193e-17,0.000000000e+00
39.890000,0.000000000e+00,3.748750000e-01,0.000000000e+00,0.000000000e+00,5.234332279e-17,0.000000000e+00
39.900000,0.000000000e+00,3.748750000e-01,0.000000000e+00,0.000000000e+00,5.182249803e-17,0.000000000e+00
39.910000,0.000000000e+00,3.748750000e-01,0.000000000e+00,0.000000000e+00,5.130685555e-17,0.000000000e+00
39.920000,0.000000000e+00,3.748750000e-01,0.000000000e+00,0.000000000e+00,5.079634381e-17,0.000000000e+00
39.930000,0.000000000e+00,3.748750000e-01,0.000000000e+00,0.000000000e+00,5.029091175e-17,0.000000000e+00
39.940000,0.000000000e+00,3.748750000e-01,0.000000000e+00,0.000000000e+00,4.979050881e-17,0.000000000e+00
39.950000,0.000000000e+00,3.748750000e-01,0.000000000e+00,0.000000000e+00,4.929508497e-17,0.000000000e+00
39.960000,0.000000000e+00,3.748750000e-01,0.000000000e+00,0.000000000e+00,4.880459068e-17,0.000000000e+00
39.970000,0.000000000e+00,3.748750000e-01,0.000000000e+00,0.000000000e+00,4.831897689e-17,0.000000000e+00
39.980000,0.000000000e+00,3.748750000e-01,0.000000000e+00,0.000000000e+00,4.783819504e-17,0.000000000e+00
39.990000,0.000000000e+00,3.748750000e-01,0.000000000e+00,0.000000000e+00,4.736219704e-17,0.000000000e+00
40.000000,0.000000000e+00,3.748750000e-01,0.000000000e+00,0.000000000e+00,4.689093531e-17,0.000000000e+00
40.010000,0.000000000e+00,3.748750000e-01,0.000000000e+00,0.000000000e+00,4.642436271e-17,0.000000000e+00
40.020000,0.000000000e+00,3.748750000e-01,0.000000000e+00,0.000000000e+00,4.596243258e-17,0.000000000e+00
40.030000,0.000000000e+00,3.748750000e-01,0.000000000e+00,0.000000000e+00,4.550509874e-17,0.000000000e+00
40.040000,0.000000000e+00,3.748750000e-01,0.000000000e+00,0.000000000e+00,4.505231544e-17,0.000000000e+00
40.050000,0.000000000e+00,3.748750000e-01,0.000000000e+00,0.000000000e+00,4.460403741e-17,0.000000000e+00
40.060000,0.000000000e+00,3.748750000e-01,0.000000000e+00,0.000000000e+00,4.416021982e-17,0.000000000e+00
40.070000,0.000000000e+00,3.748750000e-01,0.000000000e+00,0.000000000e+00,4.372081829e-17,0.000000000e+00
40.080000,0.000000000e+00,3.748750000e-01,0.000000000e+00,0.000000000e+00,4.328578888e-17,0.000000000e+00
40.090000,0.000000000e+00,3.748750000e-01,0.000000000e+00,0.000000000e+00,4.285508809e-17,0.000000000e+00
40.100000,0.000000000e+00,3.748750000e-01,0.000000000e+00,0.000000000e+00,4.242867284e-17,0.000000000e+00
40.110000,0.000000000e+00,3.748750000e-01,0.000000000e+00,0.000000000e+00,4.200650049e-17,0.000000000e+00
40.120000,0.000000000e+00,3.748750000e-01,0.000000000e+00,0.000000000e+00,4.158852882e-17,0.000000000e+00
40.130000,0.000000000e+00,3.748750000e-01,0.000000000e+00,0.000000000e+00,4.117471605e-17,0.000000000e+00
40.140000,0.000000000e+00,3.748750000e-01,0.000000000e+00,0.000000000e+00,4.076502078e-17,0.000000000e+00
40.150000,0.000000000e+00,3.748750000e-01,0.000000000e+00,0.000000000e+00,4.035940204e-17,0.000000000e+00
40.160000,0.000000000e+00,3.748750000e-01,0.000000000e+00,0.000000000e+00,3.995781928e-17,0.000000000e+00
40.170000,0.000000000e+00,3.748750000e-01,0.000000000e+00,0.000000000e+00,3.956023234e-17,0.000000000e+00
40.180000,0.000000000e+00,3.748750000e-01,0.000000000e+00,0.000000000e+00,3.916660145e-17,0.000000000e+00
40.190000,0.000000000e+00,3.748750000e-01,0.000000000e+00,0.000000000e+00,3.877688725e-17,0.000000000e+00
40.200000,0.000000000e+00,3.748750000e-01,0.000000000e+00,0.000000000e+00,3.839105078e-17,0.000000000e+00
40.210000,0.000000000e+00,3.748750000e-01,0.000000000e+00,0.000000000e+00,3.800905344e-17,0.000000000e+00
40.220000,0.000000000e+00,3.748750000e-01,0.000000000e+00,0.000000000e+00,3.763085704e-17,0.000000000e+00
40.230000,0.000000000e+00,3.748750000e-01,0.000000000e+00,0.000000000e+00,3.725642376e-17,0.000000000e+00
40.240000,0.000000000e+00,3.748750000e-01,0.000000000e+00,0.000000000e+00,3.688571615e-17,0.000000000e+00
40.250000,0.000000000e+00,3.748750000e-01,0.000000000e+00,0.000000000e+00,3.651869714e-17,0.000000000e+00
40.260000,0.000000000e+00,3.748750000e-01,0.000000000e+00,0.000000000e+00,3.615533003e-17,0.000000000e+00
40.270000,0.000000000e+00,3.748750000e-01,0.000000000e+00,0.000000000e+00,3.579557849e-17,0.000000000e+00
40.280000,0.000000000e+00,3.748750000e-01,0.000000000e+00,0.000000000e+00,3.543940653e-17,0.000000000e+00
40.290000,0.000000000e+00,3.748750000e-01,0.000000000e+00,0.000000000e+00,3.508677854e-17,0.000000000e+00
40.300000,0.000000000e+00,3.748750000e-01,0.000000000e+00,0.000000000e+00,3.473765926e-17,0.000000000e+00
40.310000,0.000000000e+00,3.748750000e-01,0.000000000e+00,0.000000000e+00,3.439201378e-17,0.000000000e+00
40.320000,0.000000000e+00,3.748750000e-01,0.000000000e+00,0.000000000e+00,3.404980752e-17,0.000000000e+00
40.330000,0.000000000e+00,3.748750000e-01,0.000000000e+00,0.000000000e+00,3.371100628e-17,0.000000000e+00
40.340000,0.000000000e+00,3.748750000e-01,0.000000000e+00,0.000000000e+00,3.337557616e-17,0.000000000e+00
40.350000,0.000000000e+00,3.748750000e-01,0.000000000e+00,0.000000000e+00,3.304348363e-17,0.000000000e+00
40.360000,0.000000000e+00,3.748750000e-01,0.000000000e+00,0.000000000e+00,3.271469547e-17,0.000000000e+00
40.370000,0.000000000e+00,3.748750000e-01,0.000000000e+00,0.000000000e+00,3.238917882e-17,0.000000000e+00
40.380000,0.000000000e+00,3.748750000e-01,0.000000000e+00,0.000000000e+00,3.206690110e-17,0.000000000e+00
40.390000,0.000000000e+00,3.748750000e-01,0.000000000e+00,0.000000000e+00,3.174783010e-17,0.000000000e+00
40.400000,0.000000000e+00,3.748750000e-01,0.000000000e+00,0.000000000e+00,3.143193392e-17,0.000000000e+00
40.410000,0.000000000e+00,3.748750000e-01,0.000000000e+00,0.000000000e+00,3.111918095e-17,0.000000000e+00
40.420000,0.000000000e+00,3.748750000e-01,0.000000000e+00,0.000000000e+00,3.080953992e-17,0.000000000e+00
40.430000,0.000000000e+00,3.748750000e-01,0.000000000e+00,0.000000000e+00,3.050297988e-17,0.000000000e+00
40.440000,0.000000000e+00,3.748750000e-01,0.000000000e+00,0.000000000e+00,3.019947016e-17,0.000000000e+00
40.450000,0.000000000e+00,3.748750000e-01,0.000000000e+00,0.000000000e+00,2.989898041e-17,0.000000000e+00
40.460000,0.000000000e+00,3.748750000e-01,0.000000000e+00,0.000000000e+00,2.960148059e-17,0.000000000e+00
40.470000,0.000000000e+00,3.748750000e-01,0.000000000e+00,0.000000000e+00,2.930694093e-17,0.000000000e+00
40.480000,0.000000000e+00,3.748750000e-01,0.000000000e+00,0.000000000e+00,2.901533200e-17,0.000000000e+00
40.490000,0.000000000e+00,3.748750000e-01,0.000000000e+00,0.000000000e+00,2.872662462e-17,0.000000000e+00
40.500000,0.000000000e+00,3.748750000e-01,0.000000000e+00,0.000000000e+00,2.844078993e-17,0.000000000e+00
40.510000,0.000000000e+00,3.748750000e-01,0.000000000e+00,0.000000000e+00,2.815779934e-17,0.000000000e+00
40.520000,0.000000000e+00,3.748750000e-01,0.000000000e+00,0.000000000e+00,2.787762456e-17,0.000000000e+00
40.530000,0.000000000e+00,3.748750000e-01,0.000000000e+00,0.000000000e+00,2.760023756e-17,0.000000000e+00
40.540000,0.000000000e+00,3.748750000e-01,0.000000000e+00,0.000000000e+00,2.732561061e-17,0.000000000e+00
40.550000,0.000000000e+00,3.748750000e-01,0.000000000e+00,0.000000000e+00,2.705371624e-17,0.000000000e+00
40.560000,0.000000000e+00,3.748750000e-01,0.000000000e+00,0.000000000e+00,2.678452726e-17,0.000000000e+00
40.570000,0.000000000e+00,3.748750000e-01,0.000000000e+00,0.000000000e+00,2.651801676e-17,0.000000000e+00
40.580000,0.000000000e+00,3.748750000e-01,0.000000000e+00,0.000000000e+00,2.625415809e-17,0.000000000e+00
40.590000,0.000000000e+00,3.748750000e-01,0.000000000e+00,0.000000000e+00,2.599292485e-17,0.000000000e+00
40.600000,0.000000000e+00,3.748750000e-01,0.000000000e+00,0.000000000e+00,2.573429093e-17,0.000000000e+00
40.610000,0.000000000e+00,3.748750000e-01,0.000000000e+00,0.000000000e+00,2.547823045e-17,0.000000000e+00
40.620000,0.000000000e+00,3.748750000e-01,0.000000000e+00,0.000000000e+00,2.522471783e-17,0.000000000e+00
40.630000,0.000000000e+00,3.748750000e-01,0.000000000e+00,0.000000000e+00,2.497372769e-17,0.000000000e+00
40.640000,0.000000000e+00,3.748750000e-01,0.000000000e+00,0.000000000e+00,2.472523495e-17,0.000000000e+00
40.650000,0.000000000e+00,3.748750000e-01,0.000000000e+00,0.000000000e+00,2.447921475e-17,0.000000000e+00
40.660000,0.000000000e+00,3.748750000e-01,0.000000000e+00,0.000000000e+00,2.423564249e-17,0.000000000e+00
40.670000,0.000000000e+00,3.748750000e-01,0.000000000e+00,0.000000000e+00,2.399449382e-17,0.000000000e+00
40.680000,0.000000000e+00,3.748750000e-01,0.000000000e+00,0.000000000e+00,2.375574462e-17,0.000000000e+00
40.690000,0.000000000e+00,3.748750000e-01,0.000000000e+00,0.000000000e+00,2.351937101e-17,0.000000000e+00
40.700000,0.000000000e+00,3.748750000e-01,0.000000000e+00,0.000000000e+00,2.328534936e-17,0.000000000e+00
40.710000,0.000000000e+00,3.748750000e-01,0.000000000e+00,0.000000000e+00,2.305365626e-17,0.000000000e+00
40.720000,0.000000000e+00,3.748750000e-01,0.000000000e+00,0.000000000e+00,2.282426855e-17,0.000000000e+00
40.730000,0.000000000e+00,3.748750000e-01,0.000000000e+00,0.000000000e+00,2.259716328e-17,0.000000000e+00
40.740000,0.000000000e+00,3.748750000e-01,0.000000000e+00,0.000000000e+00,2.237231775e-17,0.000000000e+00
40.750000,0.000000000e+00,3.748750000e-01,0.000000000e+00,0.000000000e+00,2.214970947e-17,0.000000000e+00
40.760000,0.000000000e+00,3.748750000e-01,0.000000000e+00,0.000000000e+00,2.192931618e-17,0.000000000e+00
40.770000,0.000000000e+00,3.748750000e-01,0.000000000e+00,0.000000000e+00,2.171111584e-17,0.000000000e+00
40.780000,0.000000000e+00,3.748750000e-01,0.000000000e+00,0.000000000e+00,2.149508662e-17,0.000000000e+00
40.790000,0.000000000e+00,3.748750000e-01,0.000000000e+00,0.000000000e+00,2.128120694e-17,0.000000000e+00
40.800000,0.000000000e+00,3.748750000e-01,0.000000000e+00,0.000000000e+00,2.106945539e-17,0.000000000e+00
40.810000,0.000000000e+00,3.748750000e-01,0.000000000e+00,0.000000000e+00,2.085981081e-17,0.000000000e+00
40.820000,0.000000000e+00,3.748750000e-01,0.000000000e+00,0.000000000e+00,2.065225222e-17,0.000000000e+00
40.830000,0.000000000e+00,3.748750000e-01,0.000000000e+00,0.000000000e+00,2.044675888e-17,0.000000000e+00
40.840000,0.000000000e+00,3.748750000e-01,0.000000000e+00,0.000000000e+00,2.024331023e-17,0.000000000e+00
40.850000,0.000000000e+00,3.748750000e-01,0.000000000e+00,0.000000000e+00,2.004188593e-17,0.000000000e+00
40.860000,0.000000000e+00,3.748750000e-01,0.000000000e+00,0.000000000e+00,1.984246583e-17,0.000000000e+00
40.870000,0.000000000e+00,3.748750000e-01,0.000000000e+00,0.000000000e+00,1.964503000e-17,0.000000000e+00
40.880000,0.000000000e+00,3.748750000e-01,0.000000000e+00,0.000000000e+00,1.944955868e-17,0.000000000e+00
40.890000,0.000000000e+00,3.748750000e-01,0.000000000e+00,0.000000000e+00,1.925603234e-17,0.000000000e+00
40.900000,0.000000000e+00,3.748750000e-01,0.000000000e+00,0.000000000e+00,1.906443162e-17,0.000000000e+00
40.910000,0.000000000e+00,3.748750000e-01,0.000000000e+00,0.000000000e+00,1.887473735e-17,0.000000000e+00
40.920000,0.000000000e+00,3.748750000e-01,0.000000000e+00,0.000000000e+00,1.868693058e-17,0.000000000e+00
40.930000,0.000000000e+00,3.748750000e-01,0.000000000e+00,0.000000000e+00,1.850099251e-17,0.000000000e+00
40.940000,0.000000000e+00,3.748750000e-01,0.000000000e+00,0.000000000e+00,1.831690456e-17,0.000000000e+00
40.950000,0.000000000e+00,3.748750000e-01,0.000000000e+00,0.000000000e+00,1.813464831e-17,0.000000000e+00
40.960000,0.000000000e+00,3.748750000e-01,0.000000000e+00,0.000000000e+00,1.795420555e-17,0.000000000e+00
40.970000,0.000000000e+00,3.748750000e-01,0.000000000e+00,0.000000000e+00,1.777555822e-17,0.000000000e+00
40.980000,0.000000000e+00,3.748750000e-01,0.000000000e+00,0.000000000e+00,1.759868846e-17,0.000000000e+00
40.990000,0.000000000e+00,3.748750000e-01,0.000000000e+00,0.000000000e+00,1.742357858e-17,0.000000000e+00
41.000000,0.000000000e+00,3.748750000e-01,0.000000000e+00,0.000000000e+00,1.725021108e-17,0.000000000e+00
41.010000,0.000000000e+00,3.748750000e-01,0.000000000e+00,0.000000000e+00,1.707856861e-17,0.000000000e+00
41.020000,0.000000000e+00,3.748750000e-01,0.000000000e+00,0.000000000e+00,1.690863401e-17,0.000000000e+00
41.030000,0.000000000e+00,3.748750000e-01,0.000000000e+00,0.000000000e+00,1.674039029e-17,0.000000000e+00
41.040000,0.000000000e+00,3.748750000e-01,0.000000000e+00,0.000000000e+00,1.657382063e-17,0.000000000e+00
41.050000,0.000000000e+00,3.748750000e-01,0.000000000e+00,0.000000000e+00,1.640890836e-17,0.000000000e+00
41.060000,0.000000000e+00,3.748750000e-01,0.000000000e+00,0.000000000e+00,1.624563699e-17,0.000000000e+00
41.070000,0.000000000e+00,3.748750000e-01,0.000000000e+00,0.000000000e+00,1.608399020e-17,0.000000000e+00
41.080000,0.000000000e+00,3.748750000e-01,0.000000000e+00,0.000000000e+00,1.592395183e-17,0.000000000e+00
41.090000,0.000000000e+00,3.748750000e-01,0.000000000e+00,0.000000000e+00,1.576550586e-17,0.000000000e+00
41.100000,0.000000000e+00,3.748750000e-01,0.000000000e+00,0.000000000e+00,1.560863645e-17,0.000000000e+00
41.110000,0.000000000e+00,3.748750000e-01,0.000000000e+00,0.000000000e+00,1.545332793e-17,0.000000000e+00
41.120000,0.000000000e+00,3.748750000e-01,0.000000000e+00,0.000000000e+00,1.529956474e-17,0.000000000e+00
41.130000,0.000000000e+00,3.748750000e-01,0.000000000e+00,0.000000000e+00,1.514733153e-17,0.000000000e+00
41.140000,0.000000000e+00,3.748750000e-01,0.000000000e+00,0.000000000e+00,1.499661306e-17,0.000000000e+00
41.150000,0.000000000e+00,3.748750000e-01,0.000000000e+00,0.000000000e+00,1.484739427e-17,0.000000000e+00
41.160000,0.000000000e+00,3.748750000e-01,0.000000000e+00,0.000000000e+00,1.469966023e-17,0.000000000e+00
41.170000,0.000000000e+00,3.748750000e-01,0.000000000e+00,0.000000000e+00,1.455339617e-17,0.000000000e+00
41.180000,0.000000000e+00,3.748750000e-01,0.000000000e+00,0.000000000e+00,1.440858746e-17,0.000000000e+00
41.190000,0.000000000e+00,3.748750000e-01,0.000000000e+00,0.000000000e+00,1.426521961e-17,0.000000000e+00
41.200000,0.000000000e+00,3.748750000e-01,0.000000000e+00,0.000000000e+00,1.412327831e-17,0.000000000e+00
41.210000,0.000000000e+00,3.748750000e-01,0.000000000e+00,0.000000000e+00,1.398274934e-17,0.000000000e+00
41.220000,0.000000000e+00,3.748750000e-01,0.000000000e+00,0.000000000e+00,1.384361866e-17,0.000000000e+00
41.230000,0.000000000e+00,3.748750000e-01,0.000000000e+00,0.000000000e+00,1.370587235e-17,0.000000000e+00
41.240000,0.000000000e+00,3.748750000e-01,0.000000000e+00,0.000000000e+00,1.356949664e-17,0.000000000e+00
41.250000,0.000000000e+00,3.748750000e-01,0.000000000e+00,0.000000000e+00,1.343447790e-17,0.000000000e+00
41.260000,0.000000000e+00,3.748750000e-01,0.000000000e+00,0.000000000e+00,1.330080261e-17,0.000000000e+00
41.270000,0.000000000e+00,3.748750000e-01,0.000000000e+00,0.000000000e+00,1.316845741e-17,0.000000000e+00
41.280000,0.000000000e+00,3.748750000e-01,0.000000000e+00,0.000000000e+00,1.303742907e-17,0.000000000e+00
41.290000,0.000000000e+00,3.748750000e-01,0.000000000e+00,0.000000000e+00,1.290770448e-17,0.000000000e+00
41.300000,0.000000000e+00,3.748750000e-01,0.000000000e+00,0.000000000e+00,1.277927068e-17,0.000000000e+00
41.310000,0.000000000e+00,3.748750000e-01,0.000000000e+00,0.000000000e+00,1.265211481e-17,0.000000000e+00
41.320000,0.000000000e+00,3.748750000e-01,0.000000000e+00,0.000000000e+00,1.252622416e-17,0.000000000e+00
41.330000,0.000000000e+00,3.748750000e-01,0.000000000e+00,0.000000000e+00,1.240158615e-17,0.000000000e+00
41.340000,0.000000000e+00,3.748750000e-01,0.000000000e+00,0.000000000e+00,1.227818831e-17,0.000000000e+00
41.350000,0.000000000e+00,3.748750000e-01,0.000000000e+00,0.000000000e+00,1.215601829e-17,0.000000000e+00
41.360000,0.000000000e+00,3.748750000e-01,0.000000000e+00,0.000000000e+00,1.203506389e-17,0.000000000e+00
41.370000,0.000000000e+00,3.748750000e-01,0.000000000e+00,0.000000000e+00,1.191531300e-17,0.000000000e+00
41.380000,0.000000000e+00,3.748750000e-01,0.000000000e+00,0.000000000e+00,1.179675366e-17,0.000000000e+00
41.390000,0.000000000e+00,3.748750000e-01,0.000000000e+00,0.000000000e+00,1.167937400e-17,0.000000000e+00
41.400000,0.000000000e+00,3.748750000e-01,0.000000000e+00,0.000000000e+00,1.156316229e-17,0.000000000e+00
41.410000,0.000000000e+00,3.748750000e-01,0.000000000e+00,0.000000000e+00,1.144810690e-17,0.000000000e+00
41.420000,0.000000000e+00,3.748750000e-01,0.000000000e+00,0.000000000e+00,1.133419633e-17,0.000000000e+00
41.430000,0.000000000e+00,3.748750000e-01,0.000000000e+00,0.000000000e+00,1.122141919e-17,0.000000000e+00
41.440000,0.000000000e+00,3.748750000e-01,0.000000000e+00,0.000000000e+00,1.110976421e-17,0.000000000e+00
41.450000,0.000000000e+00,3.748750000e-01,0.000000000e+00,0.000000000e+00,1.099922021e-17,0.000000000e+00
41.460000,0.000000000e+00,3.748750000e-01,0.000000000e+00,0.000000000e+00,1.088977614e-17,0.000000000e+00
41.470000,0.000000000e+00,3.748750000e-01,0.000000000e+00,0.000000000e+00,1.078142105e-17,0.000000000e+00
41.480000,0.000000000e+00,3.748750000e-01,0.000000000e+00,0.000000000e+00,1.067414412e-17,0.000000000e+00
41.490000,0.000000000e+00,3.748750000e-01,0.000000000e+00,0.000000000e+00,1.056793461e-17,0.000000000e+00
41.500000,0.000000000e+00,3.748750000e-01,0.000000000e+00,0.000000000e+00,1.046278191e-17,0.000000000e+00
41.510000,0.000000000e+00,3.748750000e-01,0.000000000e+00,0.000000000e+00,1.035867549e-17,0.000000000e+00
41.520000,0.000000000e+00,3.748750000e-01,0.000000000e+00,0.000000000e+00,1.025560494e-17,0.000000000e+00
41.530000,0.000000000e+00,3.748750000e-01,0.000000000e+00,0.000000000e+00,1.015355997e-17,0.000000000e+00
41.540000,0.000000000e+00,3.748750000e-01,0.000000000e+00,0.000000000e+00,1.005253036e-17,0.000000000e+00
41.550000,0.000000000e+00,3.748750000e-01,0.000000000e+00,0.000000000e+00,9.952506012e-18,0.000000000e+00
41.560000,0.000000000e+00,3.748750000e-01,0.000000000e+00,0.000000000e+00,9.853476922e-18,0.000000000e+00
41.570000,0.000000000e+00,3.748750000e-01,0.000000000e+00,0.000000000e+00,9.755433189e-18,0.000000000e+00
41.580000,0.000000000e+00,3.748750000e-01,0.000000000e+00,0.000000000e+00,9.658365007e-18,0.000000000e+00
41.590000,0.000000000e+00,3.748750000e-01,0.000000000e+00,0.000000000e+00,9.562262669e-18,0.000000000e+00
41.600000,0.000000000e+00,3.748750000e-01,0.000000000e+00,0.000000000e+00,9.467116566e-18,0.000000000e+00
41.610000,0.000000000e+00,3.748750000e-01,0.000000000e+00,0.000000000e+00,9.372917182e-18,0.000000000e+00
41.620000,0.000000000e+00,3.748750000e-01,0.000000000e+00,0.000000000e+00,9.279655098e-18,0.000000000e+00
41.630000,0.000000000e+00,3.748750000e-01,0.000000000e+00,0.000000000e+00,9.187320987e-18,0.000000000e+00
41.640000,0.000000000e+00,3.748750000e-01,0.000000000e+00,0.000000000e+00,9.095905616e-18,0.000000000e+00
41.650000,0.000000000e+00,3.748750000e-01,0.000000000e+00,0.000000000e+00,9.005399843e-18,0.000000000e+00
41.660000,0.000000000e+00,3.748750000e-01,0.000000000e+00,0.000000000e+00,8.915794617e-18,0.000000000e+00
41.670000,0.000000000e+00,3.748750000e-01,0.000000000e+00,0.000000000e+00,8.827080978e-18,0.000000000e+00
41.680000,0.000000000e+00,3.748750000e-01,0.000000000e+00,0.000000000e+00,8.739250055e-18,0.000000000e+00
41.690000,0.000000000e+00,3.748750000e-01,0.000000000e+00,0.000000000e+00,8.652293064e-18,0.000000000e+00
41.700000,0.000000000e+00,3.748750000e-01,0.000000000e+00,0.000000000e+00,8.566201310e-18,0.000000000e+00
41.710000,0.000000000e+00,3.748750000e-01,0.000000000e+00,0.000000000e+00,8.480966183e-18,0.000000000e+00
41.720000,0.000000000e+00,3.748750000e-01,0.000000000e+00,0.000000000e+00,8.396579159e-18,0.000000000e+00
41.730000,0.000000000e+00,3.748750000e-01,0.000000000e+00,0.000000000e+00,8.313031801e-18,0.000000000e+00
41.740000,0.000000000e+00,3.748750000e-01,0.000000000e+00,0.000000000e+00,8.230315752e-18,0.000000000e+00
41.750000,0.000000000e+00,3.748750000e-01,0.000000000e+00,0.000000000e+00,8.148422742e-18,0.000000000e+00
41.760000,0.000000000e+00,3.748750000e-01,0.000000000e+00,0.000000000e+00,8.067344581e-18,0.000000000e+00
41.770000,0.000000000e+00,3.748750000e-01,0.000000000e+00,0.000000000e+00,7.987073161e-18,0.000000000e+00
41.780000,0.000000000e+00,3.748750000e-01,0.000000000e+00,0.000000000e+00,7.907600456e-18,0.000000000e+00
41.790000,0.000000000e+00,3.748750000e-01,0.000000000e+00,0.000000000e+00,7.828918516e-18,0.000000000e+00
41.800000,0.000000000e+00,3.748750000e-01,0.000000000e+00,0.000000000e+00,7.751019476e-18,0.000000000e+00
41.810000,0.000000000e+00,3.748750000e-01,0.000000000e+00,0.000000000e+00,7.673895543e-18,0.000000000e+00
41.820000,0.000000000e+00,3.748750000e-01,0.000000000e+00,0.000000000e+00,7.597539007e-18,0.000000000e+00
41.830000,0.000000000e+00,3.748750000e-01,0.000000000e+00,0.000000000e+00,7.521942231e-18,0.000000000e+00
41.840000,0.000000000e+00,3.748750000e-01,0.000000000e+00,0.000000000e+00,7.447097655e-18,0.000000000e+00
41.850000,0.000000000e+00,3.748750000e-01,0.000000000e+00,0.000000000e+00,7.372997795e-18,0.000000000e+00
41.860000,0.000000000e+00,3.748750000e-01,0.000000000e+00,0.000000000e+00,7.299635241e-18,0.000000000e+00
41.870000,0.000000000e+00,3.748750000e-01,0.000000000e+00,0.000000000e+00,7.227002657e-18,0.000000000e+00
41.880000,0.000000000e+00,3.748750000e-01,0.000000000e+00,0.000000000e+00,7.155092779e-18,0.000000000e+00
41.890000,0.000000000e+00,3.748750000e-01,0.000000000e+00,0.000000000e+00,7.083898416e-18,0.000000000e+00
41.900000,0.000000000e+00,3.748750000e-01,0.000000000e+00,0.000000000e+00,7.013412450e-18,0.000000000e+00
41.910000,0.000000000e+00,3.748750000e-01,0.000000000e+00,0.000000000e+00,6.943627830e-18,0.000000000e+00
41.920000,0.000000000e+00,3.748750000e-01,0.000000000e+00,0.000000000e+00,6.874537578e-18,0.000000000e+00
41.930000,0.000000000e+00,3.748750000e-01,0.000000000e+00,0.000000000e+00,6.806134787e-18,0.000000000e+00
41.940000,0.000000000e+00,3.748750000e-01,0.000000000e+00,0.000000000e+00,6.738412614e-18,0.000000000e+00
41.950000,0.000000000e+00,3.748750000e-01,0.000000000e+00,0.000000000e+00,6.671364288e-18,0.000000000e+00
41.960000,0.000000000e+00,3.748750000e-01,0.000000000e+00,0.000000000e+00,6.604983104e-18,0.000000000e+00
41.970000,0.000000000e+00,3.748750000e-01,0.000000000e+00,0.000000000e+00,6.539262424e-18,0.000000000e+00
41.980000,0.000000000e+00,3.748750000e-01,0.000000000e+00,0.000000000e+00,6.474195676e-18,0.000000000e+00
41.990000,0.000000000e+00,3.748750000e-01,0.000000000e+00,0.000000000e+00,6.409776353e-18,0.000000000e+00
42.000000,0.000000000e+00,3.748750000e-01,0.000000000e+00,0.000000000e+00,6.345998013e-18,0.000000000e+00
42.010000,0.000000000e+00,3.748750000e-01,0.000000000e+00,0.000000000e+00,6.282854277e-18,0.000000000e+00
42.020000,0.000000000e+00,3.748750000e-01,0.000000000e+00,0.000000000e+00,6.220338833e-18,0.000000000e+00
42.030000,0.000000000e+00,3.748750000e-01,0.000000000e+00,0.000000000e+00,6.158445427e-18,0.000000000e+00
42.040000,0.000000000e+00,3.748750000e-01,0.000000000e+00,0.000000000e+00,6.097167871e-18,0.000000000e+00
42.050000,0.000000000e+00,3.748750000e-01,0.000000000e+00,0.000000000e+00,6.036500037e-18,0.000000000e+00
42.060000,0.000000000e+00,3.748750000e-01,0.000000000e+00,0.000000000e+00,5.976435858e-18,0.000000000e+00
42.070000,0.000000000e+00,3.748750000e-01,0.000000000e+00,0.000000000e+00,5.916969328e-18,0.000000000e+00
42.080000,0.000000000e+00,3.748750000e-01,0.000000000e+00,0.000000000e+00,5.858094500e-18,0.000000000e+00
42.090000,0.000000000e+00,3.748750000e-01,0.000000000e+00,0.000000000e+00,5.799805485e-18,0.000000000e+00
42.100000,0.000000000e+00,3.748750000e-01,0.000000000e+00,0.000000000e+00,5.742096457e-18,0.000000000e+00
42.110000,0.000000000e+00,3.748750000e-01,0.000000000e+00,0.000000000e+00,5.684961642e-18,0.000000000e+00
42.120000,0.000000000e+00,3.748750000e-01,0.000000000e+00,0.000000000e+00,5.628395329e-18,0.000000000e+00
42.130000,0.000000000e+00,3.748750000e-01,0.000000000e+00,0.000000000e+00,5.572391859e-18,0.000000000e+00
42.140000,0.000000000e+00,3.748750000e-01,0.000000000e+00,0.000000000e+00,5.516945634e-18,0.000000000e+00
42.150000,0.000000000e+00,3.748750000e-01,0.000000000e+00,0.000000000e+00,5.462051108e-18,0.000000000e+00
42.160000,0.000000000e+00,3.748750000e-01,0.000000000e+00,0.000000000e+00,5.407702791e-18,0.000000000e+00
42.170000,0.000000000e+00,3.748750000e-01,0.000000000e+00,0.000000000e+00,5.353895249e-18,0.000000000e+00
42.180000,0.000000000e+00,3.748750000e-01,0.000000000e+00,0.000000000e+00,5.300623102e-18,0.000000000e+00
42.190000,0.000000000e+00,3.748750000e-01,0.000000000e+00,0.000000000e+00,5.247881021e-18,0.000000000e+00
42.200000,0.000000000e+00,3.748750000e-01,0.000000000e+00,0.000000000e+00,5.195663732e-18,0.000000000e+00
42.210000,0.000000000e+00,3.748750000e-01,0.000000000e+00,0.000000000e+00,5.143966014e-18,0.000000000e+00
42.220000,0.000000000e+00,3.748750000e-01,0.000000000e+00,0.000000000e+00,5.092782697e-18,0.000000000e+00
42.230000,0.000000000e+00,3.748750000e-01,0.000000000e+00,0.000000000e+00,5.042108662e-18,0.000000000e+00
42.240000,0.000000000e+00,3.748750000e-01,0.000000000e+00,0.000000000e+00,4.991938843e-18,0.000000000e+00
42.250000,0.000000000e+00,3.748750000e-01,0.000000000e+00,0.000000000e+00,4.942268222e-18,0.000000000e+00
42.260000,0.000000000e+00,3.748750000e-01,0.000000000e+00,0.000000000e+00,4.893091831e-18,0.000000000e+00
42.270000,0.000000000e+00,3.748750000e-01,0.000000000e+00,0.000000000e+00,4.844404754e-18,0.000000000e+00
42.280000,0.000000000e+00,3.748750000e-01,0.000000000e+00,0.000000000e+00,4.796202121e-18,0.000000000e+00
42.290000,0.000000000e+00,3.748750000e-01,0.000000000e+00,0.000000000e+00,4.748479113e-18,0.000000000e+00
42.300000,0.000000000e+00,3.748750000e-01,0.000000000e+00,0.000000000e+00,4.701230956e-18,0.000000000e+00
42.310000,0.000000000e+00,3.748750000e-01,0.000000000e+00,0.000000000e+00,4.654452927e-18,0.000000000e+00
42.320000,0.000000000e+00,3.748750000e-01,0.000000000e+00,0.000000000e+00,4.608140346e-18,0.000000000e+00
42.330000,0.000000000e+00,3.748750000e-01,0.000000000e+00,0.000000000e+00,4.562288584e-18,0.000000000e+00
42.340000,0.000000000e+00,3.748750000e-01,0.000000000e+00,0.000000000e+00,4.516893054e-18,0.000000000e+00
42.350000,0.000000000e+00,3.748750000e-01,0.000000000e+00,0.000000000e+00,4.471949217e-18,0.000000000e+00
42.360000,0.000000000e+00,3.748750000e-01,0.000000000e+00,0.000000000e+00,4.427452579e-18,0.000000000e+00
42.370000,0.000000000e+00,3.748750000e-01,0.000000000e+00,0.000000000e+00,4.383398690e-18,0.000000000e+00
42.380000,0.000000000e+00,3.748750000e-01,0.000000000e+00,0.000000000e+00,4.339783144e-18,0.000000000e+00
42.390000,0.000000000e+00,3.748750000e-01,0.000000000e+00,0.000000000e+00,4.296601580e-18,0.000000000e+00
42.400000,0.000000000e+00,3.748750000e-01,0.000000000e+00,0.000000000e+00,4.253849680e-18,0.000000000e+00
42.410000,0.000000000e+00,3.748750000e-01,0.000000000e+00,0.000000000e+00,4.211523169e-18,0.000000000e+00
42.420000,0.000000000e+00,3.748750000e-01,0.000000000e+00,0.000000000e+00,4.169617813e-18,0.000000000e+00
42.430000,0.000000000e+00,3.748750000e-01,0.000000000e+00,0.000000000e+00,4.128129422e-18,0.000000000e+00
42.440000,0.000000000e+00,3.748750000e-01,0.000000000e+00,0.000000000e+00,4.087053848e-18,0.000000000e+00
42.450000,0.000000000e+00,3.748750000e-01,0.000000000e+00,0.000000000e+00,4.046386983e-18,0.000000000e+00
42.460000,0.000000000e+00,3.748750000e-01,0.000000000e+00,0.000000000e+00,4.006124760e-18,0.000000000e+00
42.470000,0.000000000e+00,3.748750000e-01,0.000000000e+00,0.000000000e+00,3.966263152e-18,0.000000000e+00
42.480000,0.000000000e+00,3.748750000e-01,0.000000000e+00,0.000000000e+00,3.926798175e-18,0.000000000e+00
42.490000,0.000000000e+00,3.748750000e-01,0.000000000e+00,0.000000000e+00,3.887725880e-18,0.000000000e+00
42.500000,0.000000000e+00,3.748750000e-01,0.000000000e+00,0.000000000e+00,3.849042361e-18,0.000000000e+00
42.510000,0.000000000e+00,3.748750000e-01,0.000000000e+00,0.000000000e+00,3.810743750e-18,0.000000000e+00
42.520000,0.000000000e+00,3.748750000e-01,0.000000000e+00,0.000000000e+00,3.772826216e-18,0.000000000e+00
42.530000,0.000000000e+00,3.748750000e-01,0.000000000e+00,0.000000000e+00,3.735285968e-18,0.000000000e+00
42.540000,0.000000000e+00,3.748750000e-01,0.000000000e+00,0.000000000e+00,3.698119252e-18,0.000000000e+00
42.550000,0.000000000e+00,3.748750000e-01,0.000000000e+00,0.000000000e+00,3.661322350e-18,0.000000000e+00
42.560000,0.000000000e+00,3.748750000e-01,0.000000000e+00,0.000000000e+00,3.624891584e-18,0.000000000e+00
42.570000,0.000000000e+00,3.748750000e-01,0.000000000e+00,0.000000000e+00,3.588823310e-18,0.000000000e+00
42.580000,0.000000000e+00,3.748750000e-01,0.000000000e+00,0.000000000e+00,3.553113922e-18,0.000000000e+00
42.590000,0.000000000e+00,3.748750000e-01,0.000000000e+00,0.000000000e+00,3.517759847e-18,0.000000000e+00
42.600000,0.000000000e+00,3.748750000e-01,0.000000000e+00,0.000000000e+00,3.482757552e-18,0.000000000e+00
42.610000,0.000000000e+00,3.748750000e-01,0.000000000e+00,0.000000000e+00,3.448103535e-18,0.000000000e+00
42.620000,0.000000000e+00,3.748750000e-01,0.000000000e+00,0.000000000e+00,3.413794332e-18,0.000000000e+00
42.630000,0.000000000e+00,3.748750000e-01,0.000000000e+00,0.000000000e+00,3.379826511e-18,0.000000000e+00
42.640000,0.000000000e+00,3.748750000e-01,0.000000000e+00,0.000000000e+00,3.346196675e-18,0.000000000e+00
42.650000,0.000000000e+00,3.748750000e-01,0.000000000e+00,0.000000000e+00,3.312901462e-18,0.000000000e+00
42.660000,0.000000000e+00,3.748750000e-01,0.000000000e+00,0.000000000e+00,3.279937542e-18,0.000000000e+00
42.670000,0.000000000e+00,3.748750000e-01,0.000000000e+00,0.000000000e+00,3.247301618e-18,0.000000000e+00
42.680000,0.000000000e+00,3.748750000e-01,0.000000000e+00,0.000000000e+00,3.214990427e-18,0.000000000e+00
42.690000,0.000000000e+00,3.748750000e-01,0.000000000e+00,0.000000000e+00,3.183000738e-18,0.000000000e+00
42.700000,0.000000000e+00,3.748750000e-01,0.000000000e+00,0.000000000e+00,3.151329351e-18,0.000000000e+00
42.710000,0.000000000e+00,3.748750000e-01,0.000000000e+00,0.000000000e+00,3.119973100e-18,0.000000000e+00
42.720000,0.000000000e+00,3.748750000e-01,0.000000000e+00,0.000000000e+00,3.088928849e-18,0.000000000e+00
42.730000,0.000000000e+00,3.748750000e-01,0.000000000e+00,0.000000000e+00,3.058193494e-18,0.000000000e+00
42.740000,0.000000000e+00,3.748750000e-01,0.000000000e+00,0.000000000e+00,3.027763960e-18,0.000000000e+00
42.750000,0.000000000e+00,3.748750000e-01,0.000000000e+00,0.000000000e+00,2.997637205e-18,0.000000000e+00
42.760000,0.000000000e+00,3.748750000e-01,0.000000000e+00,0.000000000e+00,2.967810217e-18,0.000000000e+00
42.770000,0.000000000e+00,3.748750000e-01,0.000000000e+00,0.000000000e+00,2.938280011e-18,0.000000000e+00
42.780000,0.000000000e+00,3.748750000e-01,0.000000000e+00,0.000000000e+00,2.909043637e-18,0.000000000e+00
42.790000,0.000000000e+00,3.748750000e-01,0.000000000e+00,0.000000000e+00,2.880098169e-18,0.000000000e+00
42.800000,0.000000000e+00,3.748750000e-01,0.000000000e+00,0.000000000e+00,2.851440713e-18,0.000000000e+00
42.810000,0.000000000e+00,3.748750000e-01,0.000000000e+00,0.000000000e+00,2.823068404e-18,0.000000000e+00
42.820000,0.000000000e+00,3.748750000e-01,0.000000000e+00,0.000000000e+00,2.794978404e-18,0.000000000e+00
42.830000,0.000000000e+00,3.748750000e-01,0.000000000e+00,0.000000000e+00,2.767167905e-18,0.000000000e+00
42.840000,0.000000000e+00,3.748750000e-01,0.000000000e+00,0.000000000e+00,2.739634124e-18,0.000000000e+00
42.850000,0.000000000e+00,3.748750000e-01,0.000000000e+00,0.000000000e+00,2.712374309e-18,0.000000000e+00
42.860000,0.000000000e+00,3.748750000e-01,0.000000000e+00,0.000000000e+00,2.685385734e-18,0.000000000e+00
42.870000,0.000000000e+00,3.748750000e-01,0.000000000e+00,0.000000000e+00,2.658665699e-18,0.000000000e+00
42.880000,0.000000000e+00,3.748750000e-01,0.000000000e+00,0.000000000e+00,2.632211533e-18,0.000000000e+00
42.890000,0.000000000e+00,3.748750000e-01,0.000000000e+00,0.000000000e+00,2.606020591e-18,0.000000000e+00
42.900000,0.000000000e+00,3.748750000e-01,0.000000000e+00,0.000000000e+00,2.580090253e-18,0.000000000e+00
42.910000,0.000000000e+00,3.748750000e-01,0.000000000e+00,0.000000000e+00,2.554417926e-18,0.000000000e+00
42.920000,0.000000000e+00,3.748750000e-01,0.000000000e+00,0.000000000e+00,2.529001043e-18,0.000000000e+00
42.930000,0.000000000e+00,3.748750000e-01,0.000000000e+00,0.000000000e+00,2.503837062e-18,0.000000000e+00
42.940000,0.000000000e+00,3.748750000e-01,0.000000000e+00,0.000000000e+00,2.478923467e-18,0.000000000e+00
42.950000,0.000000000e+00,3.748750000e-01,0.000000000e+00,0.000000000e+00,2.454257766e-18,0.000000000e+00
42.960000,0.000000000e+00,3.748750000e-01,0.000000000e+00,0.000000000e+00,2.429837494e-18,0.000000000e+00
42.970000,0.000000000e+00,3.748750000e-01,0.000000000e+00,0.000000000e+00,2.405660207e-18,0.000000000e+00
42.980000,0.000000000e+00,3.748750000e-01,0.000000000e+00,0.000000000e+00,2.381723488e-18,0.000000000e+00
42.990000,0.000000000e+00,3.748750000e-01,0.000000000e+00,0.000000000e+00,2.358024943e-18,0.000000000e+00
43.000000,0.000000000e+00,3.748750000e-01,0.000000000e+00,0.000000000e+00,2.334562203e-18,0.000000000e+00
43.010000,0.000000000e+00,3.748750000e-01,0.000000000e+00,0.000000000e+00,2.311332921e-18,0.000000000e+00
43.020000,0.000000000e+00,3.748750000e-01,0.000000000e+00,0.000000000e+00,2.288334774e-18,0.000000000e+00
43.030000,0.000000000e+00,3.748750000e-01,0.000000000e+00,0.000000000e+00,2.265565462e-18,0.000000000e+00
43.040000,0.000000000e+00,3.748750000e-01,0.000000000e+00,0.000000000e+00,2.243022709e-18,0.000000000e+00
43.050000,0.000000000e+00,3.748750000e-01,0.000000000e+00,0.000000000e+00,2.220704261e-18,0.000000000e+00
43.060000,0.000000000e+00,3.748750000e-01,0.000000000e+00,0.000000000e+00,2.198607884e-18,0.000000000e+00
43.070000,0.000000000e+00,3.748750000e-01,0.000000000e+00,0.000000000e+00,2.176731370e-18,0.000000000e+00
43.080000,0.000000000e+00,3.748750000e-01,0.000000000e+00,0.000000000e+00,2.155072531e-18,0.000000000e+00
43.090000,0.000000000e+00,3.748750000e-01,0.000000000e+00,0.000000000e+00,2.133629201e-18,0.000000000e+00
43.100000,0.000000000e+00,3.748750000e-01,0.000000000e+00,0.000000000e+00,2.112399236e-18,0.000000000e+00
43.110000,0.000000000e+00,3.748750000e-01,0.000000000e+00,0.000000000e+00,2.091380512e-18,0.000000000e+00
43.120000,0.000000000e+00,3.748750000e-01,0.000000000e+00,0.000000000e+00,2.070570928e-18,0.000000000e+00
43.130000,0.000000000e+00,3.748750000e-01,0.000000000e+00,0.000000000e+00,2.049968403e-18,0.000000000e+00
43.140000,0.000000000e+00,3.748750000e-01,0.000000000e+00,0.000000000e+00,2.029570877e-18,0.000000000e+00
43.150000,0.000000000e+00,3.748750000e-01,0.000000000e+00,0.000000000e+00,2.009376309e-18,0.000000000e+00
43.160000,0.000000000e+00,3.748750000e-01,0.000000000e+00,0.000000000e+00,1.989382681e-18,0.000000000e+00
43.170000,0.000000000e+00,3.748750000e-01,0.000000000e+00,0.000000000e+00,1.969587993e-18,0.000000000e+00
43.180000,0.000000000e+00,3.748750000e-01,0.000000000e+00,0.000000000e+00,1.949990265e-18,0.000000000e+00
43.190000,0.000000000e+00,3.748750000e-01,0.000000000e+00,0.000000000e+00,1.930587537e-18,0.000000000e+00
43.200000,0.000000000e+00,3.748750000e-01,0.000000000e+00,0.000000000e+00,1.911377870e-18,0.000000000e+00
43.210000,0.000000000e+00,3.748750000e-01,0.000000000e+00,0.000000000e+00,1.892359343e-18,0.000000000e+00
43.220000,0.000000000e+00,3.748750000e-01,0.000000000e+00,0.000000000e+00,1.873530053e-18,0.000000000e+00
43.230000,0.000000000e+00,3.748750000e-01,0.000000000e+00,0.000000000e+00,1.854888117e-18,0.000000000e+00
43.240000,0.000000000e+00,3.748750000e-01,0.000000000e+00,0.000000000e+00,1.836431672e-18,0.000000000e+00
43.250000,0.000000000e+00,3.748750000e-01,0.000000000e+00,0.000000000e+00,1.818158872e-18,0.000000000e+00
43.260000,0.000000000e+00,3.748750000e-01,0.000000000e+00,0.000000000e+00,1.800067889e-18,0.000000000e+00
43.270000,0.000000000e+00,3.748750000e-01,0.000000000e+00,0.000000000e+00,1.782156914e-18,0.000000000e+00
43.280000,0.000000000e+00,3.748750000e-01,0.000000000e+00,0.000000000e+00,1.764424156e-18,0.000000000e+00
43.290000,0.000000000e+00,3.748750000e-01,0.000000000e+00,0.000000000e+00,1.746867843e-18,0.000000000e+00
43.300000,0.000000000e+00,3.748750000e-01,0.000000000e+00,0.000000000e+00,1.729486217e-18,0.000000000e+00
43.310000,0.000000000e+00,3.748750000e-01,0.000000000e+00,0.000000000e+00,1.712277542e-18,0.000000000e+00
43.320000,0.000000000e+00,3.748750000e-01,0.000000000e+00,0.000000000e+00,1.695240096e-18,0.000000000e+00
43.330000,0.000000000e+00,3.748750000e-01,0.000000000e+00,0.000000000e+00,1.678372175e-18,0.000000000e+00
43.340000,0.000000000e+00,3.748750000e-01,0.000000000e+00,0.000000000e+00,1.661672093e-18,0.000000000e+00
43.350000,0.000000000e+00,3.748750000e-01,0.000000000e+00,0.000000000e+00,1.645138179e-18,0.000000000e+00
43.360000,0.000000000e+00,3.748750000e-01,0.000000000e+00,0.000000000e+00,1.628768781e-18,0.000000000e+00
43.370000,0.000000000e+00,3.748750000e-01,0.000000000e+00,0.000000000e+00,1.612562260e-18,0.000000000e+00
43.380000,0.000000000e+00,3.748750000e-01,0.000000000e+00,0.000000000e+00,1.596516998e-18,0.000000000e+00
43.390000,0.000000000e+00,3.748750000e-01,0.000000000e+00,0.000000000e+00,1.580631388e-18,0.000000000e+00
43.400000,0.000000000e+00,3.748750000e-01,0.000000000e+00,0.000000000e+00,1.564903843e-18,0.000000000e+00
43.410000,0.000000000e+00,3.748750000e-01,0.000000000e+00,0.000000000e+00,1.549332790e-18,0.000000000e+00
43.420000,0.000000000e+00,3.748750000e-01,0.000000000e+00,0.000000000e+00,1.533916671e-18,0.000000000e+00
43.430000,0.000000000e+00,3.748750000e-01,0.000000000e+00,0.000000000e+00,1.518653945e-18,0.000000000e+00
43.440000,0.000000000e+00,3.748750000e-01,0.000000000e+00,0.000000000e+00,1.503543086e-18,0.000000000e+00
43.450000,0.000000000e+00,3.748750000e-01,0.000000000e+00,0.000000000e+00,1.488582582e-18,0.000000000e+00
43.460000,0.000000000e+00,3.748750000e-01,0.000000000e+00,0.000000000e+00,1.473770938e-18,0.000000000e+00
43.470000,0.000000000e+00,3.748750000e-01,0.000000000e+00,0.000000000e+00,1.459106672e-18,0.000000000e+00
43.480000,0.000000000e+00,3.748750000e-01,0.000000000e+00,0.000000000e+00,1.444588318e-18,0.000000000e+00
43.490000,0.000000000e+00,3.748750000e-01,0.000000000e+00,0.000000000e+00,1.430214424e-18,0.000000000e+00
43.500000,0.000000000e+00,3.748750000e-01,0.000000000e+00,0.000000000e+00,1.415983553e-18,0.000000000e+00
43.510000,0.000000000e+00,3.748750000e-01,0.000000000e+00,0.000000000e+00,1.401894281e-18,0.000000000e+00
43.520000,0.000000000e+00,3.748750000e-01,0.000000000e+00,0.000000000e+00,1.387945200e-18,0.000000000e+00
43.530000,0.000000000e+00,3.748750000e-01,0.000000000e+00,0.000000000e+00,1.374134915e-18,0.000000000e+00
43.540000,0.000000000e+00,3.748750000e-01,0.000000000e+00,0.000000000e+00,1.360462044e-18,0.000000000e+00
43.550000,0.000000000e+00,3.748750000e-01,0.000000000e+00,0.000000000e+00,1.346925220e-18,0.000000000e+00
43.560000,0.000000000e+00,3.748750000e-01,0.000000000e+00,0.000000000e+00,1.333523090e-18,0.000000000e+00
43.570000,0.000000000e+00,3.748750000e-01,0.000000000e+00,0.000000000e+00,1.320254314e-18,0.000000000e+00
43.580000,0.000000000e+00,3.748750000e-01,0.000000000e+00,0.000000000e+00,1.307117564e-18,0.000000000e+00
43.590000,0.000000000e+00,3.748750000e-01,0.000000000e+00,0.000000000e+00,1.294111527e-18,0.000000000e+00
43.600000,0.000000000e+00,3.748750000e-01,0.000000000e+00,0.000000000e+00,1.281234902e-18,0.000000000e+00
43.610000,0.000000000e+00,3.748750000e-01,0.000000000e+00,0.000000000e+00,1.268486402e-18,0.000000000e+00
43.620000,0.000000000e+00,3.748750000e-01,0.000000000e+00,0.000000000e+00,1.255864751e-18,0.000000000e+00
43.630000,0.000000000e+00,3.748750000e-01,0.000000000e+00,0.000000000e+00,1.243368688e-18,0.000000000e+00
43.640000,0.000000000e+00,3.748750000e-01,0.000000000e+00,0.000000000e+00,1.230996963e-18,0.000000000e+00
43.650000,0.000000000e+00,3.748750000e-01,0.000000000e+00,0.000000000e+00,1.218748339e-18,0.000000000e+00
43.660000,0.000000000e+00,3.748750000e-01,0.000000000e+00,0.000000000e+00,1.206621590e-18,0.000000000e+00
43.670000,0.000000000e+00,3.748750000e-01,0.000000000e+00,0.000000000e+00,1.194615505e-18,0.000000000e+00
43.680000,0.000000000e+00,3.748750000e-01,0.000000000e+00,0.000000000e+00,1.182728882e-18,0.000000000e+00
43.690000,0.000000000e+00,3.748750000e-01,0.000000000e+00,0.000000000e+00,1.170960533e-18,0.000000000e+00
43.700000,0.000000000e+00,3.748750000e-01,0.000000000e+00,0.000000000e+00,1.159309281e-18,0.000000000e+00
43.710000,0.000000000e+00,3.748750000e-01,0.000000000e+00,0.000000000e+00,1.147773961e-18,0.000000000e+00
43.720000,0.000000000e+00,3.748750000e-01,0.000000000e+00,0.000000000e+00,1.136353419e-18,0.000000000e+00
43.730000,0.000000000e+00,3.748750000e-01,0.000000000e+00,0.000000000e+00,1.125046513e-18,0.000000000e+00
43.740000,0.000000000e+00,3.748750000e-01,0.000000000e+00,0.000000000e+00,1.113852114e-18,0.000000000e+00
43.750000,0.000000000e+00,3.748750000e-01,0.000000000e+00,0.000000000e+00,1.102769100e-18,0.000000000e+00
43.760000,0.000000000e+00,3.748750000e-01,0.000000000e+00,0.000000000e+00,1.091796364e-18,0.000000000e+00
43.770000,0.000000000e+00,3.748750000e-01,0.000000000e+00,0.000000000e+00,1.080932809e-18,0.000000000e+00
43.780000,0.000000000e+00,3.748750000e-01,0.000000000e+00,0.000000000e+00,1.070177348e-18,0.000000000e+00
43.790000,0.000000000e+00,3.748750000e-01,0.000000000e+00,0.000000000e+00,1.059528905e-18,0.000000000e+00
43.800000,0.000000000e+00,3.748750000e-01,0.000000000e+00,0.000000000e+00,1.048986416e-18,0.000000000e+00
43.810000,0.000000000e+00,3.748750000e-01,0.000000000e+00,0.000000000e+00,1.038548827e-18,0.000000000e+00
43.820000,0.000000000e+00,3.748750000e-01,0.000000000e+00,0.000000000e+00,1.028215094e-18,0.000000000e+00
43.830000,0.000000000e+00,3.748750000e-01,0.000000000e+00,0.000000000e+00,1.017984182e-18,0.000000000e+00
43.840000,0.000000000e+00,3.748750000e-01,0.000000000e+00,0.000000000e+00,1.007855071e-18,0.000000000e+00
43.850000,0.000000000e+00,3.748750000e-01,0.000000000e+00,0.000000000e+00,9.978267451e-19,0.000000000e+00
43.860000,0.000000000e+00,3.748750000e-01,0.000000000e+00,0.000000000e+00,9.878982031e-19,0.000000000e+00
43.870000,0.000000000e+00,3.748750000e-01,0.000000000e+00,0.000000000e+00,9.780684517e-19,0.000000000e+00
43.880000,0.000000000e+00,3.748750000e-01,0.000000000e+00,0.000000000e+00,9.683365080e-19,0.000000000e+00
43.890000,0.000000000e+00,3.748750000e-01,0.000000000e+00,0.000000000e+00,9.587013988e-19,0.000000000e+00
43.900000,0.000000000e+00,3.748750000e-01,0.000000000e+00,0.000000000e+00,9.491621605e-19,0.000000000e+00
43.910000,0.000000000e+00,3.748750000e-01,0.000000000e+00,0.000000000e+00,9.397178392e-19,0.000000000e+00
43.920000,0.000000000e+00,3.748750000e-01,0.000000000e+00,0.000000000e+00,9.303674904e-19,0.000000000e+00
43.930000,0.000000000e+00,3.748750000e-01,0.000000000e+00,0.000000000e+00,9.211101792e-19,0.000000000e+00
43.940000,0.000000000e+00,3.748750000e-01,0.000000000e+00,0.000000000e+00,9.119449798e-19,0.000000000e+00
43.950000,0.000000000e+00,3.748750000e-01,0.000000000e+00,0.000000000e+00,9.028709757e-19,0.000000000e+00
43.960000,0.000000000e+00,3.748750000e-01,0.000000000e+00,0.000000000e+00,8.938872594e-19,0.000000000e+00
43.970000,0.000000000e+00,3.748750000e-01,0.000000000e+00,0.000000000e+00,8.849929325e-19,0.000000000e+00
43.980000,0.000000000e+00,3.748750000e-01,0.000000000e+00,0.000000000e+00,8.761871057e-19,0.000000000e+00
43.990000,0.000000000e+00,3.748750000e-01,0.000000000e+00,0.000000000e+00,8.674688983e-19,0.000000000e+00
44.000000,0.000000000e+00,3.748750000e-01,0.000000000e+00,0.000000000e+00,8.588374386e-19,0.000000000e+00
44.010000,0.000000000e+00,3.748750000e-01,0.000000000e+00,0.000000000e+00,8.502918633e-19,0.000000000e+00
44.020000,0.000000000e+00,3.748750000e-01,0.000000000e+00,0.000000000e+00,8.418313179e-19,0.000000000e+00
44.030000,0.000000000e+00,3.748750000e-01,0.000000000e+00,0.000000000e+00,8.334549563e-19,0.000000000e+00
44.040000,0.000000000e+00,3.748750000e-01,0.000000000e+00,0.000000000e+00,8.251619409e-19,0.000000000e+00
44.050000,0.000000000e+00,3.748750000e-01,0.000000000e+00,0.000000000e+00,8.169514424e-19,0.000000000e+00
44.060000,0.000000000e+00,3.748750000e-01,0.000000000e+00,0.000000000e+00,8.088226398e-19,0.000000000e+00
44.070000,0.000000000e+00,3.748750000e-01,0.000000000e+00,0.000000000e+00,8.007747200e-19,0.000000000e+00
44.080000,0.000000000e+00,3.748750000e-01,0.000000000e+00,0.000000000e+00,7.928068785e-19,0.000000000e+00
44.090000,0.000000000e+00,3.748750000e-01,0.000000000e+00,0.000000000e+00,7.849183182e-19,0.000000000e+00
44.100000,0.000000000e+00,3.748750000e-01,0.000000000e+00,0.000000000e+00,7.771082504e-19,0.000000000e+00
44.110000,0.000000000e+00,3.748750000e-01,0.000000000e+00,0.000000000e+00,7.693758942e-19,0.000000000e+00
44.120000,0.000000000e+00,3.748750000e-01,0.000000000e+00,0.000000000e+00,7.617204761e-19,0.000000000e+00
44.130000,0.000000000e+00,3.748750000e-01,0.000000000e+00,0.000000000e+00,7.541412307e-19,0.000000000e+00
44.140000,0.000000000e+00,3.748750000e-01,0.000000000e+00,0.000000000e+00,7.466374001e-19,0.000000000e+00
44.150000,0.000000000e+00,3.748750000e-01,0.000000000e+00,0.000000000e+00,7.392082339e-19,0.000000000e+00
44.160000,0.000000000e+00,3.748750000e-01,0.000000000e+00,0.000000000e+00,7.318529890e-19,0.000000000e+00
44.170000,0.000000000e+00,3.748750000e-01,0.000000000e+00,0.000000000e+00,7.245709301e-19,0.000000000e+00
44.180000,0.000000000e+00,3.748750000e-01,0.000000000e+00,0.000000000e+00,7.173613289e-19,0.000000000e+00
44.190000,0.000000000e+00,3.748750000e-01,0.000000000e+00,0.000000000e+00,7.102234644e-19,0.000000000e+00
44.200000,0.000000000e+00,3.748750000e-01,0.000000000e+00,0.000000000e+00,7.031566229e-19,0.000000000e+00
44.210000,0.000000000e+00,3.748750000e-01,0.000000000e+00,0.000000000e+00,6.961600976e-19,0.000000000e+00
44.220000,0.000000000e+00,3.748750000e-01,0.000000000e+00,0.000000000e+00,6.892331889e-19,0.000000000e+00
44.230000,0.000000000e+00,3.748750000e-01,0.000000000e+00,0.000000000e+00,6.823752041e-19,0.000000000e+00
44.240000,0.000000000e+00,3.748750000e-01,0.000000000e+00,0.000000000e+00,6.755854573e-19,0.000000000e+00
44.250000,0.000000000e+00,3.748750000e-01,0.000000000e+00,0.000000000e+00,6.688632697e-19,0.000000000e+00
44.260000,0.000000000e+00,3.748750000e-01,0.000000000e+00,0.000000000e+00,6.622079690e-19,0.000000000e+00
44.270000,0.000000000e+00,3.748750000e-01,0.000000000e+00,0.000000000e+00,6.556188896e-19,0.000000000e+00
44.280000,0.000000000e+00,3.748750000e-01,0.000000000e+00,0.000000000e+00,6.490953727e-19,0.000000000e+00
44.290000,0.000000000e+00,3.748750000e-01,0.000000000e+00,0.000000000e+00,6.426367658e-19,0.000000000e+00
44.300000,0.000000000e+00,3.748750000e-01,0.000000000e+00,0.000000000e+00,6.362424231e-19,0.000000000e+00
44.310000,0.000000000e+00,3.748750000e-01,0.000000000e+00,0.000000000e+00,6.299117052e-19,0.000000000e+00
44.320000,0.000000000e+00,3.748750000e-01,0.000000000e+00,0.000000000e+00,6.236439790e-19,0.000000000e+00
44.330000,0.000000000e+00,3.748750000e-01,0.000000000e+00,0.000000000e+00,6.174386178e-19,0.000000000e+00
44.340000,0.000000000e+00,3.748750000e-01,0.000000000e+00,0.000000000e+00,6.112950009e-19,0.000000000e+00
44.350000,0.000000000e+00,3.748750000e-01,0.000000000e+00,0.000000000e+00,6.052125140e-19,0.000000000e+00
44.360000,0.000000000e+00,3.748750000e-01,0.000000000e+00,0.000000000e+00,5.991905489e-19,0.000000000e+00
44.370000,0.000000000e+00,3.748750000e-01,0.000000000e+00,0.000000000e+00,5.932285033e-19,0.000000000e+00
44.380000,0.000000000e+00,3.748750000e-01,0.000000000e+00,0.000000000e+00,5.873257811e-19,0.000000000e+00
44.390000,0.000000000e+00,3.748750000e-01,0.000000000e+00,0.000000000e+00,5.814817919e-19,0.000000000e+00
44.400000,0.000000000e+00,3.748750000e-01,0.000000000e+00,0.000000000e+00,5.756959514e-19,0.000000000e+00
44.410000,0.000000000e+00,3.748750000e-01,0.000000000e+00,0.000000000e+00,5.699676810e-19,0.000000000e+00
44.420000,0.000000000e+00,3.748750000e-01,0.000000000e+00,0.000000000e+00,5.642964078e-19,0.000000000e+00
44.430000,0.000000000e+00,3.748750000e-01,0.000000000e+00,0.000000000e+00,5.586815647e-19,0.000000000e+00
44.440000,0.000000000e+00,3.748750000e-01,0.000000000e+00,0.000000000e+00,5.531225903e-19,0.000000000e+00
44.450000,0.000000000e+00,3.748750000e-01,0.000000000e+00,0.000000000e+00,5.476189285e-19,0.000000000e+00
44.460000,0.000000000e+00,3.748750000e-01,0.000000000e+00,0.000000000e+00,5.421700291e-19,0.000000000e+00
44.470000,0.000000000e+00,3.748750000e-01,0.000000000e+00,0.000000000e+00,5.367753472e-19,0.000000000e+00
44.480000,0.000000000e+00,3.748750000e-01,0.000000000e+00,0.000000000e+00,5.314343433e-19,0.000000000e+00
44.490000,0.000000000e+00,3.748750000e-01,0.000000000e+00,0.000000000e+00,5.261464832e-19,0.000000000e+00
44.500000,0.000000000e+00,3.748750000e-01,0.000000000e+00,0.000000000e+00,5.209112382e-19,0.000000000e+00
44.510000,0.000000000e+00,3.748750000e-01,0.000000000e+00,0.000000000e+00,5.157280848e-19,0.000000000e+00
44.520000,0.000000000e+00,3.748750000e-01,0.000000000e+00,0.000000000e+00,5.105965046e-19,0.000000000e+00
44.530000,0.000000000e+00,3.748750000e-01,0.000000000e+00,0.000000000e+00,5.055159845e-19,0.000000000e+00
44.540000,0.000000000e+00,3.748750000e-01,0.000000000e+00,0.000000000e+00,5.004860164e-19,0.000000000e+00
44.550000,0.000000000e+00,3.748750000e-01,0.000000000e+00,0.000000000e+00,4.955060974e-19,0.000000000e+00
44.560000,0.000000000e+00,3.748750000e-01,0.000000000e+00,0.000000000e+00,4.905757293e-19,0.000000000e+00
44.570000,0.000000000e+00,3.748750000e-01,0.000000000e+00,0.000000000e+00,4.856944193e-19,0.000000000e+00
44.580000,0.000000000e+00,3.748750000e-01,0.000000000e+00,0.000000000e+00,4.808616790e-19,0.000000000e+00
44.590000,0.000000000e+00,3.748750000e-01,0.000000000e+00,0.000000000e+00,4.760770254e-19,0.000000000e+00
44.600000,0.000000000e+00,3.748750000e-01,0.000000000e+00,0.000000000e+00,4.713399798e-19,0.000000000e+00
44.610000,0.000000000e+00,3.748750000e-01,0.000000000e+00,0.000000000e+00,4.666500687e-19,0.000000000e+00
44.620000,0.000000000e+00,3.748750000e-01,0.000000000e+00,0.000000000e+00,4.620068229e-19,0.000000000e+00
44.630000,0.000000000e+00,3.748750000e-01,0.000000000e+00,0.000000000e+00,4.574097782e-19,0.000000000e+00
44.640000,0.000000000e+00,3.748750000e-01,0.000000000e+00,0.000000000e+00,4.528584749e-19,0.000000000e+00
44.650000,0.000000000e+00,3.748750000e-01,0.000000000e+00,0.000000000e+00,4.483524578e-19,0.000000000e+00
44.660000,0.000000000e+00,3.748750000e-01,0.000000000e+00,0.000000000e+00,4.438912763e-19,0.000000000e+00
44.670000,0.000000000e+00,3.748750000e-01,0.000000000e+00,0.000000000e+00,4.394744843e-19,0.000000000e+00
44.680000,0.000000000e+00,3.748750000e-01,0.000000000e+00,0.000000000e+00,4.351016401e-19,0.000000000e+00
44.690000,0.000000000e+00,3.748750000e-01,0.000000000e+00,0.000000000e+00,4.307723064e-19,0.000000000e+00
44.700000,0.000000000e+00,3.748750000e-01,0.000000000e+00,0.000000000e+00,4.264860504e-19,0.000000000e+00
44.710000,0.000000000e+00,3.748750000e-01,0.000000000e+00,0.000000000e+00,4.222424433e-19,0.000000000e+00
44.720000,0.000000000e+00,3.748750000e-01,0.000000000e+00,0.000000000e+00,4.180410608e-19,0.000000000e+00
44.730000,0.000000000e+00,3.748750000e-01,0.000000000e+00,0.000000000e+00,4.138814827e-19,0.000000000e+00
44.740000,0.000000000e+00,3.748750000e-01,0.000000000e+00,0.000000000e+00,4.097632931e-19,0.000000000e+00
44.750000,0.000000000e+00,3.748750000e-01,0.000000000e+00,0.000000000e+00,4.056860803e-19,0.000000000e+00
44.760000,0.000000000e+00,3.748750000e-01,0.000000000e+00,0.000000000e+00,4.016494363e-19,0.000000000e+00
44.770000,0.000000000e+00,3.748750000e-01,0.000000000e+00,0.000000000e+00,3.976529576e-19,0.000000000e+00
44.780000,0.000000000e+00,3.748750000e-01,0.000000000e+00,0.000000000e+00,3.936962446e-19,0.000000000e+00
44.790000,0.000000000e+00,3.748750000e-01,0.000000000e+00,0.000000000e+00,3.897789015e-19,0.000000000e+00
44.800000,0.000000000e+00,3.748750000e-01,0.000000000e+00,0.000000000e+00,3.859005367e-19,0.000000000e+00
44.810000,0.000000000e+00,3.748750000e-01,0.000000000e+00,0.000000000e+00,3.820607622e-19,0.000000000e+00
44.820000,0.000000000e+00,3.748750000e-01,0.000000000e+00,0.000000000e+00,3.782591941e-19,0.000000000e+00
44.830000,0.000000000e+00,3.748750000e-01,0.000000000e+00,0.000000000e+00,3.744954522e-19,0.000000000e+00
44.840000,0.000000000e+00,3.748750000e-01,0.000000000e+00,0.000000000e+00,3.707691602e-19,0.000000000e+00
44.850000,0.000000000e+00,3.748750000e-01,0.000000000e+00,0.000000000e+00,3.670799454e-19,0.000000000e+00
44.860000,0.000000000e+00,3.748750000e-01,0.000000000e+00,0.000000000e+00,3.634274389e-19,0.000000000e+00
44.870000,0.000000000e+00,3.748750000e-01,0.000000000e+00,0.000000000e+00,3.598112755e-19,0.000000000e+00
44.880000,0.000000000e+00,3.748750000e-01,0.000000000e+00,0.000000000e+00,3.562310935e-19,0.000000000e+00
44.890000,0.000000000e+00,3.748750000e-01,0.000000000e+00,0.000000000e+00,3.526865349e-19,0.000000000e+00
44.900000,0.000000000e+00,3.748750000e-01,0.000000000e+00,0.000000000e+00,3.491772452e-19,0.000000000e+00
44.910000,0.000000000e+00,3.748750000e-01,0.000000000e+00,0.000000000e+00,3.457028736e-19,0.000000000e+00
44.920000,0.000000000e+00,3.748750000e-01,0.000000000e+00,0.000000000e+00,3.422630725e-19,0.000000000e+00
44.930000,0.000000000e+00,3.748750000e-01,0.000000000e+00,0.000000000e+00,3.388574980e-19,0.000000000e+00
44.940000,0.000000000e+00,3.748750000e-01,0.000000000e+00,0.000000000e+00,3.354858096e-19,0.000000000e+00
44.950000,0.000000000e+00,3.748750000e-01,0.000000000e+00,0.000000000e+00,3.321476700e-19,0.000000000e+00
44.960000,0.000000000e+00,3.748750000e-01,0.000000000e+00,0.000000000e+00,3.288427455e-19,0.000000000e+00
44.970000,0.000000000e+00,3.748750000e-01,0.000000000e+00,0.000000000e+00,3.255707055e-19,0.000000000e+00
44.980000,0.000000000e+00,3.748750000e-01,0.000000000e+00,0.000000000e+00,3.223312228e-19,0.000000000e+00
44.990000,0.000000000e+00,3.748750000e-01,0.000000000e+00,0.000000000e+00,3.191239736e-19,0.000000000e+00
45.000000,0.000000000e+00,3.748750000e-01,0.000000000e+00,0.000000000e+00,3.159486370e-19,0.000000000e+00
45.010000,0.000000000e+00,3.748750000e-01,0.000000000e+00,0.000000000e+00,3.128048955e-19,0.000000000e+00
45.020000,0.000000000e+00,3.748750000e-01,0.000000000e+00,0.000000000e+00,3.096924348e-19,0.000000000e+00
45.030000,0.000000000e+00,3.748750000e-01,0.000000000e+00,0.000000000e+00,3.066109436e-19,0.000000000e+00
45.040000,0.000000000e+00,3.748750000e-01,0.000000000e+00,0.000000000e+00,3.035601137e-19,0.000000000e+00
45.050000,0.000000000e+00,3.748750000e-01,0.000000000e+00,0.000000000e+00,3.005396401e-19,0.000000000e+00
45.060000,0.000000000e+00,3.748750000e-01,0.000000000e+00,0.000000000e+00,2.975492208e-19,0.000000000e+00
45.070000,0.000000000e+00,3.748750000e-01,0.000000000e+00,0.000000000e+00,2.945885565e-19,0.000000000e+00
45.080000,0.000000000e+00,3.748750000e-01,0.000000000e+00,0.000000000e+00,2.916573514e-19,0.000000000e+00
45.090000,0.000000000e+00,3.748750000e-01,0.000000000e+00,0.000000000e+00,2.887553123e-19,0.000000000e+00
45.100000,0.000000000e+00,3.748750000e-01,0.000000000e+00,0.000000000e+00,2.858821489e-19,0.000000000e+00
45.110000,0.000000000e+00,3.748750000e-01,0.000000000e+00,0.000000000e+00,2.830375740e-19,0.000000000e+00
45.120000,0.000000000e+00,3.748750000e-01,0.000000000e+00,0.000000000e+00,2.802213031e-19,0.000000000e+00
45.130000,0.000000000e+00,3.748750000e-01,0.000000000e+00,0.000000000e+00,2.774330546e-19,0.000000000e+00
45.140000,0.000000000e+00,3.748750000e-01,0.000000000e+00,0.000000000e+00,2.746725495e-19,0.000000000e+00
45.150000,0.000000000e+00,3.748750000e-01,0.000000000e+00,0.000000000e+00,2.719395120e-19,0.000000000e+00
45.160000,0.000000000e+00,3.748750000e-01,0.000000000e+00,0.000000000e+00,2.692336686e-19,0.000000000e+00
45.170000,0.000000000e+00,3.748750000e-01,0.000000000e+00,0.000000000e+00,2.665547489e-19,0.000000000e+00
45.180000,0.000000000e+00,3.748750000e-01,0.000000000e+00,0.000000000e+00,2.639024848e-19,0.000000000e+00
45.190000,0.000000000e+00,3.748750000e-01,0.000000000e+00,0.000000000e+00,2.612766112e-19,0.000000000e+00
45.200000,0.000000000e+00,3.748750000e-01,0.000000000e+00,0.000000000e+00,2.586768655e-19,0.000000000e+00
45.210000,0.000000000e+00,3.748750000e-01,0.000000000e+00,0.000000000e+00,2.561029877e-19,0.000000000e+00
45.220000,0.000000000e+00,3.748750000e-01,0.000000000e+00,0.000000000e+00,2.535547204e-19,0.000000000e+00
45.230000,0.000000000e+00,3.748750000e-01,0.000000000e+00,0.000000000e+00,2.510318088e-19,0.000000000e+00
45.240000,0.000000000e+00,3.748750000e-01,0.000000000e+00,0.000000000e+00,2.485340005e-19,0.000000000e+00
45.250000,0.000000000e+00,3.748750000e-01,0.000000000e+00,0.000000000e+00,2.460610459e-19,0.000000000e+00
45.260000,0.000000000e+00,3.748750000e-01,0.000000000e+00,0.000000000e+00,2.436126976e-19,0.000000000e+00
45.270000,0.000000000e+00,3.748750000e-01,0.000000000e+00,0.000000000e+00,2.411887107e-19,0.000000000e+00
45.280000,0.000000000e+00,3.748750000e-01,0.000000000e+00,0.000000000e+00,2.387888430e-19,0.000000000e+00
45.290000,0.000000000e+00,3.748750000e-01,0.000000000e+00,0.000000000e+00,2.364128543e-19,0.000000000e+00
45.300000,0.000000000e+00,3.748750000e-01,0.000000000e+00,0.000000000e+00,2.340605071e-19,0.000000000e+00
45.310000,0.000000000e+00,3.748750000e-01,0.000000000e+00,0.000000000e+00,2.317315661e-19,0.000000000e+00
45.320000,0.000000000e+00,3.748750000e-01,0.000000000e+00,0.000000000e+00,2.294257985e-19,0.000000000e+00
45.330000,0.000000000e+00,3.748750000e-01,0.000000000e+00,0.000000000e+00,2.271429737e-19,0.000000000e+00
45.340000,0.000000000e+00,3.748750000e-01,0.000000000e+00,0.000000000e+00,2.248828633e-19,0.000000000e+00
45.350000,0.000000000e+00,3.748750000e-01,0.000000000e+00,0.000000000e+00,2.226452415e-19,0.000000000e+00
45.360000,0.000000000e+00,3.748750000e-01,0.000000000e+00,0.000000000e+00,2.204298843e-19,0.000000000e+00
45.370000,0.000000000e+00,3.748750000e-01,0.000000000e+00,0.000000000e+00,2.182365703e-19,0.000000000e+00
45.380000,0.000000000e+00,3.748750000e-01,0.000000000e+00,0.000000000e+00,2.160650801e-19,0.000000000e+00
45.390000,0.000000000e+00,3.748750000e-01,0.000000000e+00,0.000000000e+00,2.139151967e-19,0.000000000e+00
45.400000,0.000000000e+00,3.748750000e-01,0.000000000e+00,0.000000000e+00,2.117867049e-19,0.000000000e+00
45.410000,0.000000000e+00,3.748750000e-01,0.000000000e+00,0.000000000e+00,2.096793920e-19,0.000000000e+00
45.420000,0.000000000e+00,3.748750000e-01,0.000000000e+00,0.000000000e+00,2.075930472e-19,0.000000000e+00
45.430000,0.000000000e+00,3.748750000e-01,0.000000000e+00,0.000000000e+00,2.055274618e-19,0.000000000e+00
45.440000,0.000000000e+00,3.748750000e-01,0.000000000e+00,0.000000000e+00,2.034824294e-19,0.000000000e+00
45.450000,0.000000000e+00,3.748750000e-01,0.000000000e+00,0.000000000e+00,2.014577454e-19,0.000000000e+00
45.460000,0.000000000e+00,3.748750000e-01,0.000000000e+00,0.000000000e+00,1.994532074e-19,0.000000000e+00
45.470000,0.000000000e+00,3.748750000e-01,0.000000000e+00,0.000000000e+00,1.974686148e-19,0.000000000e+00
45.480000,0.000000000e+00,3.748750000e-01,0.000000000e+00,0.000000000e+00,1.955037692e-19,0.000000000e+00
45.490000,0.000000000e+00,3.748750000e-01,0.000000000e+00,0.000000000e+00,1.935584742e-19,0.000000000e+00
45.500000,0.000000000e+00,3.748750000e-01,0.000000000e+00,0.000000000e+00,1.916325352e-19,0.000000000e+00
45.510000,0.000000000e+00,3.748750000e-01,0.000000000e+00,0.000000000e+00,1.897257597e-19,0.000000000e+00
45.520000,0.000000000e+00,3.748750000e-01,0.000000000e+00,0.000000000e+00,1.878379568e-19,0.000000000e+00
45.530000,0.000000000e+00,3.748750000e-01,0.000000000e+00,0.000000000e+00,1.859689379e-19,0.000000000e+00
45.540000,0.000000000e+00,3.748750000e-01,0.000000000e+00,0.000000000e+00,1.841185161e-19,0.000000000e+00
45.550000,0.000000000e+00,3.748750000e-01,0.000000000e+00,0.000000000e+00,1.822865062e-19,0.000000000e+00
45.560000,0.000000000e+00,3.748750000e-01,0.000000000e+00,0.000000000e+00,1.804727252e-19,0.000000000e+00
45.570000,0.000000000e+00,3.748750000e-01,0.000000000e+00,0.000000000e+00,1.786769915e-19,0.000000000e+00
45.580000,0.000000000e+00,3.748750000e-01,0.000000000e+00,0.000000000e+00,1.768991258e-19,0.000000000e+00
45.590000,0.000000000e+00,3.748750000e-01,0.000000000e+00,0.000000000e+00,1.751389501e-19,0.000000000e+00
45.600000,0.000000000e+00,3.748750000e-01,0.000000000e+00,0.000000000e+00,1.733962884e-19,0.000000000e+00
45.610000,0.000000000e+00,3.748750000e-01,0.000000000e+00,0.000000000e+00,1.716709665e-19,0.000000000e+00
45.620000,0.000000000e+00,3.748750000e-01,0.000000000e+00,0.000000000e+00,1.699628118e-19,0.000000000e+00
45.630000,0.000000000e+00,3.748750000e-01,0.000000000e+00,0.000000000e+00,1.682716536e-19,0.000000000e+00
45.640000,0.000000000e+00,3.748750000e-01,0.000000000e+00,0.000000000e+00,1.665973227e-19,0.000000000e+00
45.650000,0.000000000e+00,3.748750000e-01,0.000000000e+00,0.000000000e+00,1.649396516e-19,0.000000000e+00
45.660000,0.000000000e+00,3.748750000e-01,0.000000000e+00,0.000000000e+00,1.632984747e-19,0.000000000e+00
45.670000,0.000000000e+00,3.748750000e-01,0.000000000e+00,0.000000000e+00,1.616736277e-19,0.000000000e+00
45.680000,0.000000000e+00,3.748750000e-01,0.000000000e+00,0.000000000e+00,1.600649482e-19,0.000000000e+00
45.690000,0.000000000e+00,3.748750000e-01,0.000000000e+00,0.000000000e+00,1.584722754e-19,0.000000000e+00
45.700000,0.000000000e+00,3.748750000e-01,0.000000000e+00,0.000000000e+00,1.568954499e-19,0.000000000e+00
45.710000,0.000000000e+00,3.748750000e-01,0.000000000e+00,0.000000000e+00,1.553343141e-19,0.000000000e+00
45.720000,0.000000000e+00,3.748750000e-01,0.000000000e+00,0.000000000e+00,1.537887118e-19,0.000000000e+00
45.730000,0.000000000e+00,3.748750000e-01,0.000000000e+00,0.000000000e+00,1.522584886e-19,0.000000000e+00
45.740000,0.000000000e+00,3.748750000e-01,0.000000000e+00,0.000000000e+00,1.507434913e-19,0.000000000e+00
45.750000,0.000000000e+00,3.748750000e-01,0.000000000e+00,0.000000000e+00,1.492435685e-19,0.000000000e+00
45.760000,0.000000000e+00,3.748750000e-01,0.000000000e+00,0.000000000e+00,1.477585702e-19,0.000000000e+00
45.770000,0.000000000e+00,3.748750000e-01,0.000000000e+00,0.000000000e+00,1.462883479e-19,0.000000000e+00
45.780000,0.000000000e+00,3.748750000e-01,0.000000000e+00,0.000000000e+00,1.448327545e-19,0.000000000e+00
45.790000,0.000000000e+00,3.748750000e-01,0.000000000e+00,0.000000000e+00,1.433916445e-19,0.000000000e+00
45.800000,0.000000000e+00,3.748750000e-01,0.000000000e+00,0.000000000e+00,1.419648738e-19,0.000000000e+00
45.810000,0.000000000e+00,3.748750000e-01,0.000000000e+00,0.000000000e+00,1.405522997e-19,0.000000000e+00
45.820000,0.000000000e+00,3.748750000e-01,0.000000000e+00,0.000000000e+00,1.391537809e-19,0.000000000e+00
45.830000,0.000000000e+00,3.748750000e-01,0.000000000e+00,0.000000000e+00,1.377691777e-19,0.000000000e+00
45.840000,0.000000000e+00,3.748750000e-01,0.000000000e+00,0.000000000e+00,1.363983515e-19,0.000000000e+00
45.850000,0.000000000e+00,3.748750000e-01,0.000000000e+00,0.000000000e+00,1.350411652e-19,0.000000000e+00
45.860000,0.000000000e+00,3.748750000e-01,0.000000000e+00,0.000000000e+00,1.336974831e-19,0.000000000e+00
45.870000,0.000000000e+00,3.748750000e-01,0.000000000e+00,0.000000000e+00,1.323671710e-19,0.000000000e+00
45.880000,0.000000000e+00,3.748750000e-01,0.000000000e+00,0.000000000e+00,1.310500956e-19,0.000000000e+00
45.890000,0.000000000e+00,3.748750000e-01,0.000000000e+00,0.000000000e+00,1.297461254e-19,0.000000000e+00
45.900000,0.000000000e+00,3.748750000e-01,0.000000000e+00,0.000000000e+00,1.284551298e-19,0.000000000e+00
45.910000,0.000000000e+00,3.748750000e-01,0.000000000e+00,0.000000000e+00,1.271769799e-19,0.000000000e+00
45.920000,0.000000000e+00,3.748750000e-01,0.000000000e+00,0.000000000e+00,1.259115479e-19,0.000000000e+00
45.930000,0.000000000e+00,3.748750000e-01,0.000000000e+00,0.000000000e+00,1.246587070e-19,0.000000000e+00
45.940000,0.000000000e+00,3.748750000e-01,0.000000000e+00,0.000000000e+00,1.234183322e-19,0.000000000e+00
45.950000,0.000000000e+00,3.748750000e-01,0.000000000e+00,0.000000000e+00,1.221902992e-19,0.000000000e+00
45.960000,0.000000000e+00,3.748750000e-01,0.000000000e+00,0.000000000e+00,1.209744854e-19,0.000000000e+00
45.970000,0.000000000e+00,3.748750000e-01,0.000000000e+00,0.000000000e+00,1.197707692e-19,0.000000000e+00
45.980000,0.000000000e+00,3.748750000e-01,0.000000000e+00,0.000000000e+00,1.185790301e-19,0.000000000e+00
45.990000,0.000000000e+00,3.748750000e-01,0.000000000e+00,0.000000000e+00,1.173991491e-19,0.000000000e+00
46.000000,0.000000000e+00,3.748750000e-01,0.000000000e+00,0.000000000e+00,1.162310080e-19,0.000000000e+00
46.010000,0.000000000e+00,3.748750000e-01,0.000000000e+00,0.000000000e+00,1.150744902e-19,0.000000000e+00
46.020000,0.000000000e+00,3.748750000e-01,0.000000000e+00,0.000000000e+00,1.139294799e-19,0.000000000e+00
46.030000,0.000000000e+00,3.748750000e-01,0.000000000e+00,0.000000000e+00,1.127958626e-19,0.000000000e+00
46.040000,0.000000000e+00,3.748750000e-01,0.000000000e+00,0.000000000e+00,1.116735250e-19,0.000000000e+00
46.050000,0.000000000e+00,3.748750000e-01,0.000000000e+00,0.000000000e+00,1.105623549e-19,0.000000000e+00
46.060000,0.000000000e+00,3.748750000e-01,0.000000000e+00,0.000000000e+00,1.094622411e-19,0.000000000e+00
46.070000,0.000000000e+00,3.748750000e-01,0.000000000e+00,0.000000000e+00,1.083730736e-19,0.000000000e+00
46.080000,0.000000000e+00,3.748750000e-01,0.000000000e+00,0.000000000e+00,1.072947435e-19,0.000000000e+00
46.090000,0.000000000e+00,3.748750000e-01,0.000000000e+00,0.000000000e+00,1.062271429e-19,0.000000000e+00
46.100000,0.000000000e+00,3.748750000e-01,0.000000000e+00,0.000000000e+00,1.051701652e-19,0.000000000e+00
46.110000,0.000000000e+00,3.748750000e-01,0.000000000e+00,0.000000000e+00,1.041237046e-19,0.000000000e+00
46.120000,0.000000000e+00,3.748750000e-01,0.000000000e+00,0.000000000e+00,1.030876564e-19,0.000000000e+00
46.130000,0.000000000e+00,3.748750000e-01,0.000000000e+00,0.000000000e+00,1.020619171e-19,0.000000000e+00
46.140000,0.000000000e+00,3.748750000e-01,0.000000000e+00,0.000000000e+00,1.010463840e-19,0.000000000e+00
46.150000,0.000000000e+00,3.748750000e-01,0.000000000e+00,0.000000000e+00,1.000409557e-19,0.000000000e+00
46.160000,0.000000000e+00,3.748750000e-01,0.000000000e+00,0.000000000e+00,9.904553157e-20,0.000000000e+00
46.170000,0.000000000e+00,3.748750000e-01,0.000000000e+00,0.000000000e+00,9.806001207e-20,0.000000000e+00
46.180000,0.000000000e+00,3.748750000e-01,0.000000000e+00,0.000000000e+00,9.708429865e-20,0.000000000e+00
46.190000,0.000000000e+00,3.748750000e-01,0.000000000e+00,0.000000000e+00,9.611829374e-20,0.000000000e+00
46.200000,0.000000000e+00,3.748750000e-01,0.000000000e+00,0.000000000e+00,9.516190073e-20,0.000000000e+00
46.210000,0.000000000e+00,3.748750000e-01,0.000000000e+00,0.000000000e+00,9.421502400e-20,0.000000000e+00
46.220000,0.000000000e+00,3.748750000e-01,0.000000000e+00,0.000000000e+00,9.327756885e-20,0.000000000e+00
46.230000,0.000000000e+00,3.748750000e-01,0.000000000e+00,0.000000000e+00,9.234944153e-20,0.000000000e+00
46.240000,0.000000000e+00,3.748750000e-01,0.000000000e+00,0.000000000e+00,9.143054923e-20,0.000000000e+00
46.250000,0.000000000e+00,3.748750000e-01,0.000000000e+00,0.000000000e+00,9.052080007e-20,0.000000000e+00
46.260000,0.000000000e+00,3.748750000e-01,0.000000000e+00,0.000000000e+00,8.962010306e-20,0.000000000e+00
46.270000,0.000000000e+00,3.748750000e-01,0.000000000e+00,0.000000000e+00,8.872836813e-20,0.000000000e+00
46.280000,0.000000000e+00,3.748750000e-01,0.000000000e+00,0.000000000e+00,8.784550612e-20,0.000000000e+00
46.290000,0.000000000e+00,3.748750000e-01,0.000000000e+00,0.000000000e+00,8.697142873e-20,0.000000000e+00
46.300000,0.000000000e+00,3.748750000e-01,0.000000000e+00,0.000000000e+00,8.610604856e-20,0.000000000e+00
46.310000,0.000000000e+00,3.748750000e-01,0.000000000e+00,0.000000000e+00,8.524927906e-20,0.000000000e+00
46.320000,0.000000000e+00,3.748750000e-01,0.000000000e+00,0.000000000e+00,8.440103456e-20,0.000000000e+00
46.330000,0.000000000e+00,3.748750000e-01,0.000000000e+00,0.000000000e+00,8.356123023e-20,0.000000000e+00
46.340000,0.000000000e+00,3.748750000e-01,0.000000000e+00,0.000000000e+00,8.272978210e-20,0.000000000e+00
46.350000,0.000000000e+00,3.748750000e-01,0.000000000e+00,0.000000000e+00,8.190660701e-20,0.000000000e+00
46.360000,0.000000000e+00,3.748750000e-01,0.000000000e+00,0.000000000e+00,8.109162266e-20,0.000000000e+00
46.370000,0.000000000e+00,3.748750000e-01,0.000000000e+00,0.000000000e+00,8.028474753e-20,0.000000000e+00
46.380000,0.000000000e+00,3.748750000e-01,0.000000000e+00,0.000000000e+00,7.948590094e-20,0.000000000e+00
46.390000,0.000000000e+00,3.748750000e-01,0.000000000e+00,0.000000000e+00,7.869500302e-20,0.000000000e+00
46.400000,0.000000000e+00,3.748750000e-01,0.000000000e+00,0.000000000e+00,7.791197465e-20,0.000000000e+00
46.410000,0.000000000e+00,3.748750000e-01,0.000000000e+00,0.000000000e+00,7.713673755e-20,0.000000000e+00
46.420000,0.000000000e+00,3.748750000e-01,0.000000000e+00,0.000000000e+00,7.636921419e-20,0.000000000e+00
46.430000,0.000000000e+00,3.748750000e-01,0.000000000e+00,0.000000000e+00,7.560932781e-20,0.000000000e+00
46.440000,0.000000000e+00,3.748750000e-01,0.000000000e+00,0.000000000e+00,7.485700243e-20,0.000000000e+00
46.450000,0.000000000e+00,3.748750000e-01,0.000000000e+00,0.000000000e+00,7.411216281e-20,0.000000000e+00
46.460000,0.000000000e+00,3.748750000e-01,0.000000000e+00,0.000000000e+00,7.337473447e-20,0.000000000e+00
46.470000,0.000000000e+00,3.748750000e-01,0.000000000e+00,0.000000000e+00,7.264464366e-20,0.000000000e+00
46.480000,0.000000000e+00,3.748750000e-01,0.000000000e+00,0.000000000e+00,7.192181738e-20,0.000000000e+00
46.490000,0.000000000e+00,3.748750000e-01,0.000000000e+00,0.000000000e+00,7.120618334e-20,0.000000000e+00
46.500000,0.000000000e+00,3.748750000e-01,0.000000000e+00,0.000000000e+00,7.049766998e-20,0.000000000e+00
46.510000,0.000000000e+00,3.748750000e-01,0.000000000e+00,0.000000000e+00,6.979620644e-20,0.000000000e+00
46.520000,0.000000000e+00,3.748750000e-01,0.000000000e+00,0.000000000e+00,6.910172259e-20,0.000000000e+00
46.530000,0.000000000e+00,3.748750000e-01,0.000000000e+00,0.000000000e+00,6.841414896e-20,0.000000000e+00
46.540000,0.000000000e+00,3.748750000e-01,0.000000000e+00,0.000000000e+00,6.773341680e-20,0.000000000e+00
46.550000,0.000000000e+00,3.748750000e-01,0.000000000e+00,0.000000000e+00,6.705945804e-20,0.000000000e+00
46.560000,0.000000000e+00,3.748750000e-01,0.000000000e+00,0.000000000e+00,6.639220529e-20,0.000000000e+00
46.570000,0.000000000e+00,3.748750000e-01,0.000000000e+00,0.000000000e+00,6.573159181e-20,0.000000000e+00
46.580000,0.000000000e+00,3.748750000e-01,0.000000000e+00,0.000000000e+00,6.507755154e-20,0.000000000e+00
46.590000,0.000000000e+00,3.748750000e-01,0.000000000e+00,0.000000000e+00,6.443001908e-20,0.000000000e+00
46.600000,0.000000000e+00,3.748750000e-01,0.000000000e+00,0.000000000e+00,6.378892968e-20,0.000000000e+00
46.610000,0.000000000e+00,3.748750000e-01,0.000000000e+00,0.000000000e+00,6.315421923e-20,0.000000000e+00
46.620000,0.000000000e+00,3.748750000e-01,0.000000000e+00,0.000000000e+00,6.252582425e-20,0.000000000e+00
46.630000,0.000000000e+00,3.748750000e-01,0.000000000e+00,0.000000000e+00,6.190368190e-20,0.000000000e+00
46.640000,0.000000000e+00,3.748750000e-01,0.000000000e+00,0.000000000e+00,6.128772997e-20,0.000000000e+00
46.650000,0.000000000e+00,3.748750000e-01,0.000000000e+00,0.000000000e+00,6.067790687e-20,0.000000000e+00
46.660000,0.000000000e+00,3.748750000e-01,0.000000000e+00,0.000000000e+00,6.007415161e-20,0.000000000e+00
46.670000,0.000000000e+00,3.748750000e-01,0.000000000e+00,0.000000000e+00,5.947640381e-20,0.000000000e+00
46.680000,0.000000000e+00,3.748750000e-01,0.000000000e+00,0.000000000e+00,5.888460371e-20,0.000000000e+00
46.690000,0.000000000e+00,3.748750000e-01,0.000000000e+00,0.000000000e+00,5.829869211e-20,0.000000000e+00
46.700000,0.000000000e+00,3.748750000e-01,0.000000000e+00,0.000000000e+00,5.771861043e-20,0.000000000e+00
46.710000,0.000000000e+00,3.748750000e-01,0.000000000e+00,0.000000000e+00,5.714430066e-20,0.000000000e+00
46.720000,0.000000000e+00,3.748750000e-01,0.000000000e+00,0.000000000e+00,5.657570537e-20,0.000000000e+00
46.730000,0.000000000e+00,3.748750000e-01,0.000000000e+00,0.000000000e+00,5.601276770e-20,0.000000000e+00
46.740000,0.000000000e+00,3.748750000e-01,0.000000000e+00,0.000000000e+00,5.545543135e-20,0.000000000e+00
46.750000,0.000000000e+00,3.748750000e-01,0.000000000e+00,0.000000000e+00,5.490364059e-20,0.000000000e+00
46.760000,0.000000000e+00,3.748750000e-01,0.000000000e+00,0.000000000e+00,5.435734023e-20,0.000000000e+00
46.770000,0.000000000e+00,3.748750000e-01,0.000000000e+00,0.000000000e+00,5.381647566e-20,0.000000000e+00
46.780000,0.000000000e+00,3.748750000e-01,0.000000000e+00,0.000000000e+00,5.328099278e-20,0.000000000e+00
46.790000,0.000000000e+00,3.748750000e-01,0.000000000e+00,0.000000000e+00,5.275083805e-20,0.000000000e+00
46.800000,0.000000000e+00,3.748750000e-01,0.000000000e+00,0.000000000e+00,5.222595844e-20,0.000000000e+00
46.810000,0.000000000e+00,3.748750000e-01,0.000000000e+00,0.000000000e+00,5.170630147e-20,0.000000000e+00
46.820000,0.000000000e+00,3.748750000e-01,0.000000000e+00,0.000000000e+00,5.119181517e-20,0.000000000e+00
46.830000,0.000000000e+00,3.748750000e-01,0.000000000e+00,0.000000000e+00,5.068244810e-20,0.000000000e+00
46.840000,0.000000000e+00,3.748750000e-01,0.000000000e+00,0.000000000e+00,5.017814932e-20,0.000000000e+00
46.850000,0.000000000e+00,3.748750000e-01,0.000000000e+00,0.000000000e+00,4.967886839e-20,0.000000000e+00
46.860000,0.000000000e+00,3.748750000e-01,0.000000000e+00,0.000000000e+00,4.918455539e-20,0.000000000e+00
46.870000,0.000000000e+00,3.748750000e-01,0.000000000e+00,0.000000000e+00,4.869516089e-20,0.000000000e+00
46.880000,0.000000000e+00,3.748750000e-01,0.000000000e+00,0.000000000e+00,4.821063594e-20,0.000000000e+00
46.890000,0.000000000e+00,3.748750000e-01,0.000000000e+00,0.000000000e+00,4.773093210e-20,0.000000000e+00
46.900000,0.000000000e+00,3.748750000e-01,0.000000000e+00,0.000000000e+00,4.725600139e-20,0.000000000e+00
46.910000,0.000000000e+00,3.748750000e-01,0.000000000e+00,0.000000000e+00,4.678579632e-20,0.000000000e+00
46.920000,0.000000000e+00,3.748750000e-01,0.000000000e+00,0.000000000e+00,4.632026987e-20,0.000000000e+00
46.930000,0.000000000e+00,3.748750000e-01,0.000000000e+00,0.000000000e+00,4.585937548e-20,0.000000000e+00
46.940000,0.000000000e+00,3.748750000e-01,0.000000000e+00,0.000000000e+00,4.540306707e-20,0.000000000e+00
46.950000,0.000000000e+00,3.748750000e-01,0.000000000e+00,0.000000000e+00,4.495129900e-20,0.000000000e+00
46.960000,0.000000000e+00,3.748750000e-01,0.000000000e+00,0.000000000e+00,4.450402611e-20,0.000000000e+00
46.970000,0.000000000e+00,3.748750000e-01,0.000000000e+00,0.000000000e+00,4.406120365e-20,0.000000000e+00
46.980000,0.000000000e+00,3.748750000e-01,0.000000000e+00,0.000000000e+00,4.362278735e-20,0.000000000e+00
46.990000,0.000000000e+00,3.748750000e-01,0.000000000e+00,0.000000000e+00,4.318873336e-20,0.000000000e+00
47.000000,0.000000000e+00,3.748750000e-01,0.000000000e+00,0.000000000e+00,4.275899828e-20,0.000000000e+00
47.010000,0.000000000e+00,3.748750000e-01,0.000000000e+00,0.000000000e+00,4.233353914e-20,0.000000000e+00
47.020000,0.000000000e+00,3.748750000e-01,0.000000000e+00,0.000000000e+00,4.191231339e-20,0.000000000e+00
47.030000,0.000000000e+00,3.748750000e-01,0.000000000e+00,0.000000000e+00,4.149527890e-20,0.000000000e+00
47.040000,0.000000000e+00,3.748750000e-01,0.000000000e+00,0.000000000e+00,4.108239398e-20,0.000000000e+00
47.050000,0.000000000e+00,3.748750000e-01,0.000000000e+00,0.000000000e+00,4.067361733e-20,0.000000000e+00
47.060000,0.000000000e+00,3.748750000e-01,0.000000000e+00,0.000000000e+00,4.026890807e-20,0.000000000e+00
47.070000,0.000000000e+00,3.748750000e-01,0.000000000e+00,0.000000000e+00,3.986822574e-20,0.000000000e+00
47.080000,0.000000000e+00,3.748750000e-01,0.000000000e+00,0.000000000e+00,3.947153027e-20,0.000000000e+00
47.090000,0.000000000e+00,3.748750000e-01,0.000000000e+00,0.000000000e+00,3.907878198e-20,0.000000000e+00
47.100000,0.000000000e+00,3.748750000e-01,0.000000000e+00,0.000000000e+00,3.868994160e-20,0.000000000e+00
47.110000,0.000000000e+00,3.748750000e-01,0.000000000e+00,0.000000000e+00,3.830497025e-20,0.000000000e+00
47.120000,0.000000000e+00,3.748750000e-01,0.000000000e+00,0.000000000e+00,3.792382943e-20,0.000000000e+00
47.130000,0.000000000e+00,3.748750000e-01,0.000000000e+00,0.000000000e+00,3.754648102e-20,0.000000000e+00
47.140000,0.000000000e+00,3.748750000e-01,0.000000000e+00,0.000000000e+00,3.717288729e-20,0.000000000e+00
47.150000,0.000000000e+00,3.748750000e-01,0.000000000e+00,0.000000000e+00,3.680301089e-20,0.000000000e+00
47.160000,0.000000000e+00,3.748750000e-01,0.000000000e+00,0.000000000e+00,3.643681481e-20,0.000000000e+00
47.170000,0.000000000e+00,3.748750000e-01,0.000000000e+00,0.000000000e+00,3.607426244e-20,0.000000000e+00
47.180000,0.000000000e+00,3.748750000e-01,0.000000000e+00,0.000000000e+00,3.571531754e-20,0.000000000e+00
47.190000,0.000000000e+00,3.748750000e-01,0.000000000e+00,0.000000000e+00,3.535994419e-20,0.000000000e+00
47.200000,0.000000000e+00,3.748750000e-01,0.000000000e+00,0.000000000e+00,3.500810687e-20,0.000000000e+00
47.210000,0.000000000e+00,3.748750000e-01,0.000000000e+00,0.000000000e+00,3.465977038e-20,0.000000000e+00
47.220000,0.000000000e+00,3.748750000e-01,0.000000000e+00,0.000000000e+00,3.431489990e-20,0.000000000e+00
47.230000,0.000000000e+00,3.748750000e-01,0.000000000e+00,0.000000000e+00,3.397346095e-20,0.000000000e+00
47.240000,0.000000000e+00,3.748750000e-01,0.000000000e+00,0.000000000e+00,3.363541936e-20,0.000000000e+00
47.250000,0.000000000e+00,3.748750000e-01,0.000000000e+00,0.000000000e+00,3.330074135e-20,0.000000000e+00
47.260000,0.000000000e+00,3.748750000e-01,0.000000000e+00,0.000000000e+00,3.296939343e-20,0.000000000e+00
47.270000,0.000000000e+00,3.748750000e-01,0.000000000e+00,0.000000000e+00,3.264134249e-20,0.000000000e+00
47.280000,0.000000000e+00,3.748750000e-01,0.000000000e+00,0.000000000e+00,3.231655570e-20,0.000000000e+00
47.290000,0.000000000e+00,3.748750000e-01,0.000000000e+00,0.000000000e+00,3.199500060e-20,0.000000000e+00
47.300000,0.000000000e+00,3.748750000e-01,0.000000000e+00,0.000000000e+00,3.167664503e-20,0.000000000e+00
47.310000,0.000000000e+00,3.748750000e-01,0.000000000e+00,0.000000000e+00,3.136145714e-20,0.000000000e+00
47.320000,0.000000000e+00,3.748750000e-01,0.000000000e+00,0.000000000e+00,3.104940543e-20,0.000000000e+00
47.330000,0.000000000e+00,3.748750000e-01,0.000000000e+00,0.000000000e+00,3.074045868e-20,0.000000000e+00
47.340000,0.000000000e+00,3.748750000e-01,0.000000000e+00,0.000000000e+00,3.043458601e-20,0.000000000e+00
47.350000,0.000000000e+00,3.748750000e-01,0.000000000e+00,0.000000000e+00,3.013175682e-20,0.000000000e+00
47.360000,0.000000000e+00,3.748750000e-01,0.000000000e+00,0.000000000e+00,2.983194083e-20,0.000000000e+00
47.370000,0.000000000e+00,3.748750000e-01,0.000000000e+00,0.000000000e+00,2.953510806e-20,0.000000000e+00
47.380000,0.000000000e+00,3.748750000e-01,0.000000000e+00,0.000000000e+00,2.924122882e-20,0.000000000e+00
47.390000,0.000000000e+00,3.748750000e-01,0.000000000e+00,0.000000000e+00,2.895027373e-20,0.000000000e+00
47.400000,0.000000000e+00,3.748750000e-01,0.000000000e+00,0.000000000e+00,2.866221370e-20,0.000000000e+00
47.410000,0.000000000e+00,3.748750000e-01,0.000000000e+00,0.000000000e+00,2.837701991e-20,0.000000000e+00
47.420000,0.000000000e+00,3.748750000e-01,0.000000000e+00,0.000000000e+00,2.809466384e-20,0.000000000e+00
47.430000,0.000000000e+00,3.748750000e-01,0.000000000e+00,0.000000000e+00,2.781511727e-20,0.000000000e+00
47.440000,0.000000000e+00,3.748750000e-01,0.000000000e+00,0.000000000e+00,2.753835222e-20,0.000000000e+00
47.450000,0.000000000e+00,3.748750000e-01,0.000000000e+00,0.000000000e+00,2.726434104e-20,0.000000000e+00
47.460000,0.000000000e+00,3.748750000e-01,0.000000000e+00,0.000000000e+00,2.699305632e-20,0.000000000e+00
47.470000,0.000000000e+00,3.748750000e-01,0.000000000e+00,0.000000000e+00,2.672447092e-20,0.000000000e+00
47.480000,0.000000000e+00,3.748750000e-01,0.000000000e+00,0.000000000e+00,2.645855799e-20,0.000000000e+00
47.490000,0.000000000e+00,3.748750000e-01,0.000000000e+00,0.000000000e+00,2.619529094e-20,0.000000000e+00
47.500000,0.000000000e+00,3.748750000e-01,0.000000000e+00,0.000000000e+00,2.593464344e-20,0.000000000e+00
47.510000,0.000000000e+00,3.748750000e-01,0.000000000e+00,0.000000000e+00,2.567658942e-20,0.000000000e+00
47.520000,0.000000000e+00,3.748750000e-01,0.000000000e+00,0.000000000e+00,2.542110309e-20,0.000000000e+00
47.530000,0.000000000e+00,3.748750000e-01,0.000000000e+00,0.000000000e+00,2.516815889e-20,0.000000000e+00
47.540000,0.000000000e+00,3.748750000e-01,0.000000000e+00,0.000000000e+00,2.491773152e-20,0.000000000e+00
47.550000,0.000000000e+00,3.748750000e-01,0.000000000e+00,0.000000000e+00,2.466979595e-20,0.000000000e+00
47.560000,0.000000000e+00,3.748750000e-01,0.000000000e+00,0.000000000e+00,2.442432738e-20,0.000000000e+00
47.570000,0.000000000e+00,3.748750000e-01,0.000000000e+00,0.000000000e+00,2.418130126e-20,0.000000000e+00
47.580000,0.000000000e+00,3.748750000e-01,0.000000000e+00,0.000000000e+00,2.394069330e-20,0.000000000e+00
47.590000,0.000000000e+00,3.748750000e-01,0.000000000e+00,0.000000000e+00,2.370247942e-20,0.000000000e+00
47.600000,0.000000000e+00,3.748750000e-01,0.000000000e+00,0.000000000e+00,2.346663581e-20,0.000000000e+00
47.610000,0.000000000e+00,3.748750000e-01,0.000000000e+00,0.000000000e+00,2.323313888e-20,0.000000000e+00
47.620000,0.000000000e+00,3.748750000e-01,0.000000000e+00,0.000000000e+00,2.300196528e-20,0.000000000e+00
47.630000,0.000000000e+00,3.748750000e-01,0.000000000e+00,0.000000000e+00,2.277309191e-20,0.000000000e+00
47.640000,0.000000000e+00,3.748750000e-01,0.000000000e+00,0.000000000e+00,2.254649586e-20,0.000000000e+00
47.650000,0.000000000e+00,3.748750000e-01,0.000000000e+00,0.000000000e+00,2.232215447e-20,0.000000000e+00
47.660000,0.000000000e+00,3.748750000e-01,0.000000000e+00,0.000000000e+00,2.210004533e-20,0.000000000e+00
47.670000,0.000000000e+00,3.748750000e-01,0.000000000e+00,0.000000000e+00,2.188014620e-20,0.000000000e+00
47.680000,0.000000000e+00,3.748750000e-01,0.000000000e+00,0.000000000e+00,2.166243511e-20,0.000000000e+00
47.690000,0.000000000e+00,3.748750000e-01,0.000000000e+00,0.000000000e+00,2.144689028e-20,0.000000000e+00
47.700000,0.000000000e+00,3.748750000e-01,0.000000000e+00,0.000000000e+00,2.123349015e-20,0.000000000e+00
47.710000,0.000000000e+00,3.748750000e-01,0.000000000e+00,0.000000000e+00,2.102221340e-20,0.000000000e+00
47.720000,0.000000000e+00,3.748750000e-01,0.000000000e+00,0.000000000e+00,2.081303888e-20,0.000000000e+00
47.730000,0.000000000e+00,3.748750000e-01,0.000000000e+00,0.000000000e+00,2.060594568e-20,0.000000000e+00
47.740000,0.000000000e+00,3.748750000e-01,0.000000000e+00,0.000000000e+00,2.040091310e-20,0.000000000e+00
47.750000,0.000000000e+00,3.748750000e-01,0.000000000e+00,0.000000000e+00,2.019792062e-20,0.000000000e+00
47.760000,0.000000000e+00,3.748750000e-01,0.000000000e+00,0.000000000e+00,1.999694795e-20,0.000000000e+00
47.770000,0.000000000e+00,3.748750000e-01,0.000000000e+00,0.000000000e+00,1.979797499e-20,0.000000000e+00
47.780000,0.000000000e+00,3.748750000e-01,0.000000000e+00,0.000000000e+00,1.960098185e-20,0.000000000e+00
47.790000,0.000000000e+00,3.748750000e-01,0.000000000e+00,0.000000000e+00,1.940594882e-20,0.000000000e+00
47.800000,0.000000000e+00,3.748750000e-01,0.000000000e+00,0.000000000e+00,1.921285641e-20,0.000000000e+00
47.810000,0.000000000e+00,3.748750000e-01,0.000000000e+00,0.000000000e+00,1.902168529e-20,0.000000000e+00
47.820000,0.000000000e+00,3.748750000e-01,0.000000000e+00,0.000000000e+00,1.883241636e-20,0.000000000e+00
47.830000,0.000000000e+00,3.748750000e-01,0.000000000e+00,0.000000000e+00,1.864503069e-20,0.000000000e+00
47.840000,0.000000000e+00,3.748750000e-01,0.000000000e+00,0.000000000e+00,1.845950953e-20,0.000000000e+00
47.850000,0.000000000e+00,3.748750000e-01,0.000000000e+00,0.000000000e+00,1.827583434e-20,0.000000000e+00
47.860000,0.000000000e+00,3.748750000e-01,0.000000000e+00,0.000000000e+00,1.809398675e-20,0.000000000e+00
47.870000,0.000000000e+00,3.748750000e-01,0.000000000e+00,0.000000000e+00,1.791394858e-20,0.000000000e+00
47.880000,0.000000000e+00,3.748750000e-01,0.000000000e+00,0.000000000e+00,1.773570181e-20,0.000000000e+00
47.890000,0.000000000e+00,3.748750000e-01,0.000000000e+00,0.000000000e+00,1.755922863e-20,0.000000000e+00
47.900000,0.000000000e+00,3.748750000e-01,0.000000000e+00,0.000000000e+00,1.738451138e-20,0.000000000e+00
47.910000,0.000000000e+00,3.748750000e-01,0.000000000e+00,0.000000000e+00,1.721153261e-20,0.000000000e+00
47.920000,0.000000000e+00,3.748750000e-01,0.000000000e+00,0.000000000e+00,1.704027499e-20,0.000000000e+00
47.930000,0.000000000e+00,3.748750000e-01,0.000000000e+00,0.000000000e+00,1.687072143e-20,0.000000000e+00
47.940000,0.000000000e+00,3.748750000e-01,0.000000000e+00,0.000000000e+00,1.670285494e-20,0.000000000e+00
47.950000,0.000000000e+00,3.748750000e-01,0.000000000e+00,0.000000000e+00,1.653665876e-20,0.000000000e+00
47.960000,0.000000000e+00,3.748750000e-01,0.000000000e+00,0.000000000e+00,1.637211626e-20,0.000000000e+00
47.970000,0.000000000e+00,3.748750000e-01,0.000000000e+00,0.000000000e+00,1.620921098e-20,0.000000000e+00
47.980000,0.000000000e+00,3.748750000e-01,0.000000000e+00,0.000000000e+00,1.604792663e-20,0.000000000e+00
47.990000,0.000000000e+00,3.748750000e-01,0.000000000e+00,0.000000000e+00,1.588824709e-20,0.000000000e+00
48.000000,0.000000000e+00,3.748750000e-01,0.000000000e+00,0.000000000e+00,1.573015639e-20,0.000000000e+00
48.010000,0.000000000e+00,3.748750000e-01,0.000000000e+00,0.000000000e+00,1.557363872e-20,0.000000000e+00
48.020000,0.000000000e+00,3.748750000e-01,0.000000000e+00,0.000000000e+00,1.541867843e-20,0.000000000e+00
48.030000,0.000000000e+00,3.748750000e-01,0.000000000e+00,0.000000000e+00,1.526526002e-20,0.000000000e+00
48.040000,0.000000000e+00,3.748750000e-01,0.000000000e+00,0.000000000e+00,1.511336814e-20,0.000000000e+00
48.050000,0.000000000e+00,3.748750000e-01,0.000000000e+00,0.000000000e+00,1.496298761e-20,0.000000000e+00
48.060000,0.000000000e+00,3.748750000e-01,0.000000000e+00,0.000000000e+00,1.481410340e-20,0.000000000e+00
48.070000,0.000000000e+00,3.748750000e-01,0.000000000e+00,0.000000000e+00,1.466670061e-20,0.000000000e+00
48.080000,0.000000000e+00,3.748750000e-01,0.000000000e+00,0.000000000e+00,1.452076450e-20,0.000000000e+00
48.090000,0.000000000e+00,3.748750000e-01,0.000000000e+00,0.000000000e+00,1.437628048e-20,0.000000000e+00
48.100000,0.000000000e+00,3.748750000e-01,0.000000000e+00,0.000000000e+00,1.423323410e-20,0.000000000e+00
48.110000,0.000000000e+00,3.748750000e-01,0.000000000e+00,0.000000000e+00,1.409161105e-20,0.000000000e+00
48.120000,0.000000000e+00,3.748750000e-01,0.000000000e+00,0.000000000e+00,1.395139718e-20,0.000000000e+00
48.130000,0.000000000e+00,3.748750000e-01,0.000000000e+00,0.000000000e+00,1.381257846e-20,0.000000000e+00
48.140000,0.000000000e+00,3.748750000e-01,0.000000000e+00,0.000000000e+00,1.367514101e-20,0.000000000e+00
48.150000,0.000000000e+00,3.748750000e-01,0.000000000e+00,0.000000000e+00,1.353907108e-20,0.000000000e+00
48.160000,0.000000000e+00,3.748750000e-01,0.000000000e+00,0.000000000e+00,1.340435507e-20,0.000000000e+00
48.170000,0.000000000e+00,3.748750000e-01,0.000000000e+00,0.000000000e+00,1.327097951e-20,0.000000000e+00
48.180000,0.000000000e+00,3.748750000e-01,0.000000000e+00,0.000000000e+00,1.313893106e-20,0.000000000e+00
48.190000,0.000000000e+00,3.748750000e-01,0.000000000e+00,0.000000000e+00,1.300819651e-20,0.000000000e+00
48.200000,0.000000000e+00,3.748750000e-01,0.000000000e+00,0.000000000e+00,1.287876279e-20,0.000000000e+00
48.210000,0.000000000e+00,3.748750000e-01,0.000000000e+00,0.000000000e+00,1.275061696e-20,0.000000000e+00
48.220000,0.000000000e+00,3.748750000e-01,0.000000000e+00,0.000000000e+00,1.262374620e-20,0.000000000e+00
48.230000,0.000000000e+00,3.748750000e-01,0.000000000e+00,0.000000000e+00,1.249813783e-20,0.000000000e+00
48.240000,0.000000000e+00,3.748750000e-01,0.000000000e+00,0.000000000e+00,1.237377928e-20,0.000000000e+00
48.250000,0.000000000e+00,3.748750000e-01,0.000000000e+00,0.000000000e+00,1.225065812e-20,0.000000000e+00
48.260000,0.000000000e+00,3.748750000e-01,0.000000000e+00,0.000000000e+00,1.212876203e-20,0.000000000e+00
48.270000,0.000000000e+00,3.748750000e-01,0.000000000e+00,0.000000000e+00,1.200807883e-20,0.000000000e+00
48.280000,0.000000000e+00,3.748750000e-01,0.000000000e+00,0.000000000e+00,1.188859645e-20,0.000000000e+00
48.290000,0.000000000e+00,3.748750000e-01,0.000000000e+00,0.000000000e+00,1.177030294e-20,0.000000000e+00
48.300000,0.000000000e+00,3.748750000e-01,0.000000000e+00,0.000000000e+00,1.165318647e-20,0.000000000e+00
48.310000,0.000000000e+00,3.748750000e-01,0.000000000e+00,0.000000000e+00,1.153723533e-20,0.000000000e+00
48.320000,0.000000000e+00,3.748750000e-01,0.000000000e+00,0.000000000e+00,1.142243792e-20,0.000000000e+00
48.330000,0.000000000e+00,3.748750000e-01,0.000000000e+00,0.000000000e+00,1.130878276e-20,0.000000000e+00
48.340000,0.000000000e+00,3.748750000e-01,0.000000000e+00,0.000000000e+00,1.119625849e-20,0.000000000e+00
48.350000,0.000000000e+00,3.748750000e-01,0.000000000e+00,0.000000000e+00,1.108485386e-20,0.000000000e+00
48.360000,0.000000000e+00,3.748750000e-01,0.000000000e+00,0.000000000e+00,1.097455772e-20,0.000000000e+00
48.370000,0.000000000e+00,3.748750000e-01,0.000000000e+00,0.000000000e+00,1.086535905e-20,0.000000000e+00
48.380000,0.000000000e+00,3.748750000e-01,0.000000000e+00,0.000000000e+00,1.075724692e-20,0.000000000e+00
48.390000,0.000000000e+00,3.748750000e-01,0.000000000e+00,0.000000000e+00,1.065021052e-20,0.000000000e+00
48.400000,0.000000000e+00,3.748750000e-01,0.000000000e+00,0.000000000e+00,1.054423916e-20,0.000000000e+00
48.410000,0.000000000e+00,3.748750000e-01,0.000000000e+00,0.000000000e+00,1.043932223e-20,0.000000000e+00
48.420000,0.000000000e+00,3.748750000e-01,0.000000000e+00,0.000000000e+00,1.033544923e-20,0.000000000e+00
48.430000,0.000000000e+00,3.748750000e-01,0.000000000e+00,0.000000000e+00,1.023260980e-20,0.000000000e+00
48.440000,0.000000000e+00,3.748750000e-01,0.000000000e+00,0.000000000e+00,1.013079363e-20,0.000000000e+00
48.450000,0.000000000e+00,3.748750000e-01,0.000000000e+00,0.000000000e+00,1.002999055e-20,0.000000000e+00
48.460000,0.000000000e+00,3.748750000e-01,0.000000000e+00,0.000000000e+00,9.930190474e-21,0.000000000e+00
48.470000,0.000000000e+00,3.748750000e-01,0.000000000e+00,0.000000000e+00,9.831383427e-21,0.000000000e+00
48.480000,0.000000000e+00,3.748750000e-01,0.000000000e+00,0.000000000e+00,9.733559528e-21,0.000000000e+00
48.490000,0.000000000e+00,3.748750000e-01,0.000000000e+00,0.000000000e+00,9.636708992e-21,0.000000000e+00
48.500000,0.000000000e+00,3.748750000e-01,0.000000000e+00,0.000000000e+00,9.540822136e-21,0.000000000e+00
48.510000,0.000000000e+00,3.748750000e-01,0.000000000e+00,0.000000000e+00,9.445889369e-21,0.000000000e+00
48.520000,0.000000000e+00,3.748750000e-01,0.000000000e+00,0.000000000e+00,9.351901200e-21,0.000000000e+00
48.530000,0.000000000e+00,3.748750000e-01,0.000000000e+00,0.000000000e+00,9.258848228e-21,0.000000000e+00
48.540000,0.000000000e+00,3.748750000e-01,0.000000000e+00,0.000000000e+00,9.166721149e-21,0.000000000e+00
48.550000,0.000000000e+00,3.748750000e-01,0.000000000e+00,0.000000000e+00,9.075510750e-21,0.000000000e+00
48.560000,0.000000000e+00,3.748750000e-01,0.000000000e+00,0.000000000e+00,8.985207909e-21,0.000000000e+00
48.570000,0.000000000e+00,3.748750000e-01,0.000000000e+00,0.000000000e+00,8.895803596e-21,0.000000000e+00
48.580000,0.000000000e+00,3.748750000e-01,0.000000000e+00,0.000000000e+00,8.807288872e-21,0.000000000e+00
48.590000,0.000000000e+00,3.748750000e-01,0.000000000e+00,0.000000000e+00,8.719654883e-21,0.000000000e+00
48.600000,0.000000000e+00,3.748750000e-01,0.000000000e+00,0.000000000e+00,8.632892867e-21,0.000000000e+00
48.610000,0.000000000e+00,3.748750000e-01,0.000000000e+00,0.000000000e+00,8.546994148e-21,0.000000000e+00
48.620000,0.000000000e+00,3.748750000e-01,0.000000000e+00,0.000000000e+00,8.461950135e-21,0.000000000e+00
48.630000,0.000000000e+00,3.748750000e-01,0.000000000e+00,0.000000000e+00,8.377752325e-21,0.000000000e+00
48.640000,0.000000000e+00,3.748750000e-01,0.000000000e+00,0.000000000e+00,8.294392296e-21,0.000000000e+00
48.650000,0.000000000e+00,3.748750000e-01,0.000000000e+00,0.000000000e+00,8.211861714e-21,0.000000000e+00
48.660000,0.000000000e+00,3.748750000e-01,0.000000000e+00,0.000000000e+00,8.130152325e-21,0.000000000e+00
48.670000,0.000000000e+00,3.748750000e-01,0.000000000e+00,0.000000000e+00,8.049255957e-21,0.000000000e+00
48.680000,0.000000000e+00,3.748750000e-01,0.000000000e+00,0.000000000e+00,7.969164523e-21,0.000000000e+00
48.690000,0.000000000e+00,3.748750000e-01,0.000000000e+00,0.000000000e+00,7.889870011e-21,0.000000000e+00
48.700000,0.000000000e+00,3.748750000e-01,0.000000000e+00,0.000000000e+00,7.811364492e-21,0.000000000e+00
48.710000,0.000000000e+00,3.748750000e-01,0.000000000e+00,0.000000000e+00,7.733640117e-21,0.000000000e+00
48.720000,0.000000000e+00,3.748750000e-01,0.000000000e+00,0.000000000e+00,7.656689112e-21,0.000000000e+00
48.730000,0.000000000e+00,3.748750000e-01,0.000000000e+00,0.000000000e+00,7.580503783e-21,0.000000000e+00
48.740000,0.000000000e+00,3.748750000e-01,0.000000000e+00,0.000000000e+00,7.505076510e-21,0.000000000e+00
48.750000,0.000000000e+00,3.748750000e-01,0.000000000e+00,0.000000000e+00,7.430399751e-21,0.000000000e+00
48.760000,0.000000000e+00,3.748750000e-01,0.000000000e+00,0.000000000e+00,7.356466038e-21,0.000000000e+00
48.770000,0.000000000e+00,3.748750000e-01,0.000000000e+00,0.000000000e+00,7.283267978e-21,0.000000000e+00
48.780000,0.000000000e+00,3.748750000e-01,0.000000000e+00,0.000000000e+00,7.210798251e-21,0.000000000e+00
48.790000,0.000000000e+00,3.748750000e-01,0.000000000e+00,0.000000000e+00,7.139049609e-21,0.000000000e+00
48.800000,0.000000000e+00,3.748750000e-01,0.000000000e+00,0.000000000e+00,7.068014879e-21,0.000000000e+00
48.810000,0.000000000e+00,3.748750000e-01,0.000000000e+00,0.000000000e+00,6.997686956e-21,0.000000000e+00
48.820000,0.000000000e+00,3.748750000e-01,0.000000000e+00,0.000000000e+00,6.928058807e-21,0.000000000e+00
48.830000,0.000000000e+00,3.748750000e-01,0.000000000e+00,0.000000000e+00,6.859123470e-21,0.000000000e+00
48.840000,0.000000000e+00,3.748750000e-01,0.000000000e+00,0.000000000e+00,6.790874051e-21,0.000000000e+00
48.850000,0.000000000e+00,3.748750000e-01,0.000000000e+00,0.000000000e+00,6.723303725e-21,0.000000000e+00
48.860000,0.000000000e+00,3.748750000e-01,0.000000000e+00,0.000000000e+00,6.656405736e-21,0.000000000e+00
48.870000,0.000000000e+00,3.748750000e-01,0.000000000e+00,0.000000000e+00,6.590173392e-21,0.000000000e+00
48.880000,0.000000000e+00,3.748750000e-01,0.000000000e+00,0.000000000e+00,6.524600071e-21,0.000000000e+00
48.890000,0.000000000e+00,3.748750000e-01,0.000000000e+00,0.000000000e+00,6.459679216e-21,0.000000000e+00
48.900000,0.000000000e+00,3.748750000e-01,0.000000000e+00,0.000000000e+00,6.395404333e-21,0.000000000e+00
48.910000,0.000000000e+00,3.748750000e-01,0.000000000e+00,0.000000000e+00,6.331768997e-21,0.000000000e+00
48.920000,0.000000000e+00,3.748750000e-01,0.000000000e+00,0.000000000e+00,6.268766843e-21,0.000000000e+00
48.930000,0.000000000e+00,3.748750000e-01,0.000000000e+00,0.000000000e+00,6.206391571e-21,0.000000000e+00
48.940000,0.000000000e+00,3.748750000e-01,0.000000000e+00,0.000000000e+00,6.144636943e-21,0.000000000e+00
48.950000,0.000000000e+00,3.748750000e-01,0.000000000e+00,0.000000000e+00,6.083496784e-21,0.000000000e+00
48.960000,0.000000000e+00,3.748750000e-01,0.000000000e+00,0.000000000e+00,6.022964979e-21,0.000000000e+00
48.970000,0.000000000e+00,3.748750000e-01,0.000000000e+00,0.000000000e+00,5.963035476e-21,0.000000000e+00
48.980000,0.000000000e+00,3.748750000e-01,0.000000000e+00,0.000000000e+00,5.903702282e-21,0.000000000e+00
48.990000,0.000000000e+00,3.748750000e-01,0.000000000e+00,0.000000000e+00,5.844959463e-21,0.000000000e+00
49.000000,0.000000000e+00,3.748750000e-01,0.000000000e+00,0.000000000e+00,5.786801144e-21,0.000000000e+00
49.010000,0.000000000e+00,3.748750000e-01,0.000000000e+00,0.000000000e+00,5.729221511e-21,0.000000000e+00
49.020000,0.000000000e+00,3.748750000e-01,0.000000000e+00,0.000000000e+00,5.672214804e-21,0.000000000e+00
49.030000,0.000000000e+00,3.748750000e-01,0.000000000e+00,0.000000000e+00,5.615775324e-21,0.000000000e+00
49.040000,0.000000000e+00,3.748750000e-01,0.000000000e+00,0.000000000e+00,5.559897426e-21,0.000000000e+00
49.050000,0.000000000e+00,3.748750000e-01,0.000000000e+00,0.000000000e+00,5.504575522e-21,0.000000000e+00
49.060000,0.000000000e+00,3.748750000e-01,0.000000000e+00,0.000000000e+00,5.449804081e-21,0.000000000e+00
49.070000,0.000000000e+00,3.748750000e-01,0.000000000e+00,0.000000000e+00,5.395577624e-21,0.000000000e+00
49.080000,0.000000000e+00,3.748750000e-01,0.000000000e+00,0.000000000e+00,5.341890730e-21,0.000000000e+00
49.090000,0.000000000e+00,3.748750000e-01,0.000000000e+00,0.000000000e+00,5.288738029e-21,0.000000000e+00
49.100000,0.000000000e+00,3.748750000e-01,0.000000000e+00,0.000000000e+00,5.236114206e-21,0.000000000e+00
49.110000,0.000000000e+00,3.748750000e-01,0.000000000e+00,0.000000000e+00,5.184013999e-21,0.000000000e+00
49.120000,0.000000000e+00,3.748750000e-01,0.000000000e+00,0.000000000e+00,5.132432198e-21,0.000000000e+00
49.130000,0.000000000e+00,3.748750000e-01,0.000000000e+00,0.000000000e+00,5.081363645e-21,0.000000000e+00
49.140000,0.000000000e+00,3.748750000e-01,0.000000000e+00,0.000000000e+00,5.030803232e-21,0.000000000e+00
49.150000,0.000000000e+00,3.748750000e-01,0.000000000e+00,0.000000000e+00,4.980745903e-21,0.000000000e+00
49.160000,0.000000000e+00,3.748750000e-01,0.000000000e+00,0.000000000e+00,4.931186653e-21,0.000000000e+00
49.170000,0.000000000e+00,3.748750000e-01,0.000000000e+00,0.000000000e+00,4.882120526e-21,0.000000000e+00
49.180000,0.000000000e+00,3.748750000e-01,0.000000000e+00,0.000000000e+00,4.833542615e-21,0.000000000e+00
49.190000,0.000000000e+00,3.748750000e-01,0.000000000e+00,0.000000000e+00,4.785448063e-21,0.000000000e+00
49.200000,0.000000000e+00,3.748750000e-01,0.000000000e+00,0.000000000e+00,4.737832059e-21,0.000000000e+00
49.210000,0.000000000e+00,3.748750000e-01,0.000000000e+00,0.000000000e+00,4.690689842e-21,0.000000000e+00
49.220000,0.000000000e+00,3.748750000e-01,0.000000000e+00,0.000000000e+00,4.644016699e-21,0.000000000e+00
49.230000,0.000000000e+00,3.748750000e-01,0.000000000e+00,0.000000000e+00,4.597807960e-21,0.000000000e+00
49.240000,0.000000000e+00,3.748750000e-01,0.000000000e+00,0.000000000e+00,4.552059007e-21,0.000000000e+00
49.250000,0.000000000e+00,3.748750000e-01,0.000000000e+00,0.000000000e+00,4.506765263e-21,0.000000000e+00
49.260000,0.000000000e+00,3.748750000e-01,0.000000000e+00,0.000000000e+00,4.461922199e-21,0.000000000e+00
49.270000,0.000000000e+00,3.748750000e-01,0.000000000e+00,0.000000000e+00,4.417525332e-21,0.000000000e+00
49.280000,0.000000000e+00,3.748750000e-01,0.000000000e+00,0.000000000e+00,4.373570220e-21,0.000000000e+00
49.290000,0.000000000e+00,3.748750000e-01,0.000000000e+00,0.000000000e+00,4.330052469e-21,0.000000000e+00
49.300000,0.000000000e+00,3.748750000e-01,0.000000000e+00,0.000000000e+00,4.286967727e-21,0.000000000e+00
49.310000,0.000000000e+00,3.748750000e-01,0.000000000e+00,0.000000000e+00,4.244311686e-21,0.000000000e+00
49.320000,0.000000000e+00,3.748750000e-01,0.000000000e+00,0.000000000e+00,4.202080079e-21,0.000000000e+00
49.330000,0.000000000e+00,3.748750000e-01,0.000000000e+00,0.000000000e+00,4.160268684e-21,0.000000000e+00
49.340000,0.000000000e+00,3.748750000e-01,0.000000000e+00,0.000000000e+00,4.118873318e-21,0.000000000e+00
49.350000,0.000000000e+00,3.748750000e-01,0.000000000e+00,0.000000000e+00,4.077889844e-21,0.000000000e+00
49.360000,0.000000000e+00,3.748750000e-01,0.000000000e+00,0.000000000e+00,4.037314162e-21,0.000000000e+00
49.370000,0.000000000e+00,3.748750000e-01,0.000000000e+00,0.000000000e+00,3.997142215e-21,0.000000000e+00
49.380000,0.000000000e+00,3.748750000e-01,0.000000000e+00,0.000000000e+00,3.957369986e-21,0.000000000e+00
49.390000,0.000000000e+00,3.748750000e-01,0.000000000e+00,0.000000000e+00,3.917993496e-21,0.000000000e+00
49.400000,0.000000000e+00,3.748750000e-01,0.000000000e+00,0.000000000e+00,3.879008810e-21,0.000000000e+00
49.410000,0.000000000e+00,3.748750000e-01,0.000000000e+00,0.000000000e+00,3.840412027e-21,0.000000000e+00
49.420000,0.000000000e+00,3.748750000e-01,0.000000000e+00,0.000000000e+00,3.802199289e-21,0.000000000e+00
49.430000,0.000000000e+00,3.748750000e-01,0.000000000e+00,0.000000000e+00,3.764366774e-21,0.000000000e+00
49.440000,0.000000000e+00,3.748750000e-01,0.000000000e+00,0.000000000e+00,3.726910699e-21,0.000000000e+00
49.450000,0.000000000e+00,3.748750000e-01,0.000000000e+00,0.000000000e+00,3.689827318e-21,0.000000000e+00
49.460000,0.000000000e+00,3.748750000e-01,0.000000000e+00,0.000000000e+00,3.653112922e-21,0.000000000e+00
49.470000,0.000000000e+00,3.748750000e-01,0.000000000e+00,0.000000000e+00,3.616763842e-21,0.000000000e+00
49.480000,0.000000000e+00,3.748750000e-01,0.000000000e+00,0.000000000e+00,3.580776440e-21,0.000000000e+00
49.490000,0.000000000e+00,3.748750000e-01,0.000000000e+00,0.000000000e+00,3.545147119e-21,0.000000000e+00
49.500000,0.000000000e+00,3.748750000e-01,0.000000000e+00,0.000000000e+00,3.509872316e-21,0.000000000e+00
49.510000,0.000000000e+00,3.748750000e-01,0.000000000e+00,0.000000000e+00,3.474948503e-21,0.000000000e+00
49.520000,0.000000000e+00,3.748750000e-01,0.000000000e+00,0.000000000e+00,3.440372188e-21,0.000000000e+00
49.530000,0.000000000e+00,3.748750000e-01,0.000000000e+00,0.000000000e+00,3.406139912e-21,0.000000000e+00
49.540000,0.000000000e+00,3.748750000e-01,0.000000000e+00,0.000000000e+00,3.372248254e-21,0.000000000e+00
49.550000,0.000000000e+00,3.748750000e-01,0.000000000e+00,0.000000000e+00,3.338693823e-21,0.000000000e+00
49.560000,0.000000000e+00,3.748750000e-01,0.000000000e+00,0.000000000e+00,3.305473265e-21,0.000000000e+00
49.570000,0.000000000e+00,3.748750000e-01,0.000000000e+00,0.000000000e+00,3.272583256e-21,0.000000000e+00
49.580000,0.000000000e+00,3.748750000e-01,0.000000000e+00,0.000000000e+00,3.240020509e-21,0.000000000e+00
49.590000,0.000000000e+00,3.748750000e-01,0.000000000e+00,0.000000000e+00,3.207781766e-21,0.000000000e+00
49.600000,0.000000000e+00,3.748750000e-01,0.000000000e+00,0.000000000e+00,3.175863804e-21,0.000000000e+00
49.610000,0.000000000e+00,3.748750000e-01,0.000000000e+00,0.000000000e+00,3.144263431e-21,0.000000000e+00
49.620000,0.000000000e+00,3.748750000e-01,0.000000000e+00,0.000000000e+00,3.112977487e-21,0.000000000e+00
49.630000,0.000000000e+00,3.748750000e-01,0.000000000e+00,0.000000000e+00,3.082002844e-21,0.000000000e+00
49.640000,0.000000000e+00,3.748750000e-01,0.000000000e+00,0.000000000e+00,3.051336403e-21,0.000000000e+00
49.650000,0.000000000e+00,3.748750000e-01,0.000000000e+00,0.000000000e+00,3.020975099e-21,0.000000000e+00
49.660000,0.000000000e+00,3.748750000e-01,0.000000000e+00,0.000000000e+00,2.990915894e-21,0.000000000e+00
49.670000,0.000000000e+00,3.748750000e-01,0.000000000e+00,0.000000000e+00,2.961155784e-21,0.000000000e+00
49.680000,0.000000000e+00,3.748750000e-01,0.000000000e+00,0.000000000e+00,2.931691791e-21,0.000000000e+00
49.690000,0.000000000e+00,3.748750000e-01,0.000000000e+00,0.000000000e+00,2.902520971e-21,0.000000000e+00
49.700000,0.000000000e+00,3.748750000e-01,0.000000000e+00,0.000000000e+00,2.873640404e-21,0.000000000e+00
49.710000,0.000000000e+00,3.748750000e-01,0.000000000e+00,0.000000000e+00,2.845047205e-21,0.000000000e+00
49.720000,0.000000000e+00,3.748750000e-01,0.000000000e+00,0.000000000e+00,2.816738512e-21,0.000000000e+00
49.730000,0.000000000e+00,3.748750000e-01,0.000000000e+00,0.000000000e+00,2.788711496e-21,0.000000000e+00
49.740000,0.000000000e+00,3.748750000e-01,0.000000000e+00,0.000000000e+00,2.760963353e-21,0.000000000e+00
49.750000,0.000000000e+00,3.748750000e-01,0.000000000e+00,0.000000000e+00,2.733491308e-21,0.000000000e+00
49.760000,0.000000000e+00,3.748750000e-01,0.000000000e+00,0.000000000e+00,2.706292615e-21,0.000000000e+00
49.770000,0.000000000e+00,3.748750000e-01,0.000000000e+00,0.000000000e+00,2.679364554e-21,0.000000000e+00
49.780000,0.000000000e+00,3.748750000e-01,0.000000000e+00,0.000000000e+00,2.652704431e-21,0.000000000e+00
49.790000,0.000000000e+00,3.748750000e-01,0.000000000e+00,0.000000000e+00,2.626309581e-21,0.000000000e+00
49.800000,0.000000000e+00,3.748750000e-01,0.000000000e+00,0.000000000e+00,2.600177364e-21,0.000000000e+00
49.810000,0.000000000e+00,3.748750000e-01,0.000000000e+00,0.000000000e+00,2.574305167e-21,0.000000000e+00
49.820000,0.000000000e+00,3.748750000e-01,0.000000000e+00,0.000000000e+00,2.548690403e-21,0.000000000e+00
49.830000,0.000000000e+00,3.748750000e-01,0.000000000e+00,0.000000000e+00,2.523330509e-21,0.000000000e+00
49.840000,0.000000000e+00,3.748750000e-01,0.000000000e+00,0.000000000e+00,2.498222951e-21,0.000000000e+00
49.850000,0.000000000e+00,3.748750000e-01,0.000000000e+00,0.000000000e+00,2.473365218e-21,0.000000000e+00
49.860000,0.000000000e+00,3.748750000e-01,0.000000000e+00,0.000000000e+00,2.448754822e-21,0.000000000e+00
49.870000,0.000000000e+00,3.748750000e-01,0.000000000e+00,0.000000000e+00,2.424389305e-21,0.000000000e+00
49.880000,0.000000000e+00,3.748750000e-01,0.000000000e+00,0.000000000e+00,2.400266228e-21,0.000000000e+00
49.890000,0.000000000e+00,3.748750000e-01,0.000000000e+00,0.000000000e+00,2.376383180e-21,0.000000000e+00
49.900000,0.000000000e+00,3.748750000e-01,0.000000000e+00,0.000000000e+00,2.352737772e-21,0.000000000e+00
49.910000,0.000000000e+00,3.748750000e-01,0.000000000e+00,0.000000000e+00,2.329327640e-21,0.000000000e+00
49.920000,0.000000000e+00,3.748750000e-01,0.000000000e+00,0.000000000e+00,2.306150443e-21,0.000000000e+00
49.930000,0.000000000e+00,3.748750000e-01,0.000000000e+00,0.000000000e+00,2.283203863e-21,0.000000000e+00
49.940000,0.000000000e+00,3.748750000e-01,0.000000000e+00,0.000000000e+00,2.260485605e-21,0.000000000e+00
49.950000,0.000000000e+00,3.748750000e-01,0.000000000e+00,0.000000000e+00,2.237993397e-21,0.000000000e+00
49.960000,0.000000000e+00,3.748750000e-01,0.000000000e+00,0.000000000e+00,2.215724991e-21,0.000000000e+00
49.970000,0.000000000e+00,3.748750000e-01,0.000000000e+00,0.000000000e+00,2.193678159e-21,0.000000000e+00
49.980000,0.000000000e+00,3.748750000e-01,0.000000000e+00,0.000000000e+00,2.171850697e-21,0.000000000e+00
49.990000,0.000000000e+00,3.748750000e-01,0.000000000e+00,0.000000000e+00,2.150240421e-21,0.000000000e+00
50.000000,0.000000000e+00,3.748750000e-01,0.000000000e+00,0.000000000e+00,2.128845171e-21,0.000000000e+00
50.010000,0.000000000e+00,3.748750000e-01,0.000000000e+00,0.000000000e+00,2.107662808e-21,0.000000000e+00
50.020000,0.000000000e+00,3.748750000e-01,0.000000000e+00,0.000000000e+00,2.086691213e-21,0.000000000e+00
50.030000,0.000000000e+00,3.748750000e-01,0.000000000e+00,0.000000000e+00,2.065928288e-21,0.000000000e+00
50.040000,0.000000000e+00,3.748750000e-01,0.000000000e+00,0.000000000e+00,2.045371958e-21,0.000000000e+00
50.050000,0.000000000e+00,3.748750000e-01,0.000000000e+00,0.000000000e+00,2.025020167e-21,0.000000000e+00
50.060000,0.000000000e+00,3.748750000e-01,0.000000000e+00,0.000000000e+00,2.004870880e-21,0.000000000e+00
50.070000,0.000000000e+00,3.748750000e-01,0.000000000e+00,0.000000000e+00,1.984922081e-21,0.000000000e+00
50.080000,0.000000000e+00,3.748750000e-01,0.000000000e+00,0.000000000e+00,1.965171777e-21,0.000000000e+00
50.090000,0.000000000e+00,3.748750000e-01,0.000000000e+00,0.000000000e+00,1.945617991e-21,0.000000000e+00
50.100000,0.000000000e+00,3.748750000e-01,0.000000000e+00,0.000000000e+00,1.926258768e-21,0.000000000e+00
50.110000,0.000000000e+00,3.748750000e-01,0.000000000e+00,0.000000000e+00,1.907092173e-21,0.000000000e+00
50.120000,0.000000000e+00,3.748750000e-01,0.000000000e+00,0.000000000e+00,1.888116289e-21,0.000000000e+00
50.130000,0.000000000e+00,3.748750000e-01,0.000000000e+00,0.000000000e+00,1.869329218e-21,0.000000000e+00
50.140000,0.000000000e+00,3.748750000e-01,0.000000000e+00,0.000000000e+00,1.850729082e-21,0.000000000e+00
50.150000,0.000000000e+00,3.748750000e-01,0.000000000e+00,0.000000000e+00,1.832314020e-21,0.000000000e+00
50.160000,0.000000000e+00,3.748750000e-01,0.000000000e+00,0.000000000e+00,1.814082190e-21,0.000000000e+00
50.170000,0.000000000e+00,3.748750000e-01,0.000000000e+00,0.000000000e+00,1.796031771e-21,0.000000000e+00
50.180000,0.000000000e+00,3.748750000e-01,0.000000000e+00,0.000000000e+00,1.778160956e-21,0.000000000e+00
50.190000,0.000000000e+00,3.748750000e-01,0.000000000e+00,0.000000000e+00,1.760467959e-21,0.000000000e+00
50.200000,0.000000000e+00,3.748750000e-01,0.000000000e+00,0.000000000e+00,1.742951010e-21,0.000000000e+00
50.210000,0.000000000e+00,3.748750000e-01,0.000000000e+00,0.000000000e+00,1.725608358e-21,0.000000000e+00
50.220000,0.000000000e+00,3.748750000e-01,0.000000000e+00,0.000000000e+00,1.708438268e-21,0.000000000e+00
50.230000,0.000000000e+00,3.748750000e-01,0.000000000e+00,0.000000000e+00,1.691439023e-21,0.000000000e+00
50.240000,0.000000000e+00,3.748750000e-01,0.000000000e+00,0.000000000e+00,1.674608924e-21,0.000000000e+00
50.250000,0.000000000e+00,3.748750000e-01,0.000000000e+00,0.000000000e+00,1.657946287e-21,0.000000000e+00
50.260000,0.000000000e+00,3.748750000e-01,0.000000000e+00,0.000000000e+00,1.641449445e-21,0.000000000e+00
50.270000,0.000000000e+00,3.748750000e-01,0.000000000e+00,0.000000000e+00,1.625116750e-21,0.000000000e+00
50.280000,0.000000000e+00,3.748750000e-01,0.000000000e+00,0.000000000e+00,1.608946569e-21,0.000000000e+00
50.290000,0.000000000e+00,3.748750000e-01,0.000000000e+00,0.000000000e+00,1.592937283e-21,0.000000000e+00
50.300000,0.000000000e+00,3.748750000e-01,0.000000000e+00,0.000000000e+00,1.577087292e-21,0.000000000e+00
50.310000,0.000000000e+00,3.748750000e-01,0.000000000e+00,0.000000000e+00,1.561395011e-21,0.000000000e+00
50.320000,0.000000000e+00,3.748750000e-01,0.000000000e+00,0.000000000e+00,1.545858871e-21,0.000000000e+00
50.330000,0.000000000e+00,3.748750000e-01,0.000000000e+00,0.000000000e+00,1.530477319e-21,0.000000000e+00
50.340000,0.000000000e+00,3.748750000e-01,0.000000000e+00,0.000000000e+00,1.515248815e-21,0.000000000e+00
50.350000,0.000000000e+00,3.748750000e-01,0.000000000e+00,0.000000000e+00,1.500171837e-21,0.000000000e+00
50.360000,0.000000000e+00,3.748750000e-01,0.000000000e+00,0.000000000e+00,1.485244878e-21,0.000000000e+00
50.370000,0.000000000e+00,3.748750000e-01,0.000000000e+00,0.000000000e+00,1.470466445e-21,0.000000000e+00
50.380000,0.000000000e+00,3.748750000e-01,0.000000000e+00,0.000000000e+00,1.455835059e-21,0.000000000e+00
50.390000,0.000000000e+00,3.748750000e-01,0.000000000e+00,0.000000000e+00,1.441349258e-21,0.000000000e+00
50.400000,0.000000000e+00,3.748750000e-01,0.000000000e+00,0.000000000e+00,1.427007593e-21,0.000000000e+00
50.410000,0.000000000e+00,3.748750000e-01,0.000000000e+00,0.000000000e+00,1.412808631e-21,0.000000000e+00
50.420000,0.000000000e+00,3.748750000e-01,0.000000000e+00,0.000000000e+00,1.398750950e-21,0.000000000e+00
50.430000,0.000000000e+00,3.748750000e-01,0.000000000e+00,0.000000000e+00,1.384833145e-21,0.000000000e+00
50.440000,0.000000000e+00,3.748750000e-01,0.000000000e+00,0.000000000e+00,1.371053825e-21,0.000000000e+00
50.450000,0.000000000e+00,3.748750000e-01,0.000000000e+00,0.000000000e+00,1.357411612e-21,0.000000000e+00
50.460000,0.000000000e+00,3.748750000e-01,0.000000000e+00,0.000000000e+00,1.343905141e-21,0.000000000e+00
50.470000,0.000000000e+00,3.748750000e-01,0.000000000e+00,0.000000000e+00,1.330533061e-21,0.000000000e+00
50.480000,0.000000000e+00,3.748750000e-01,0.000000000e+00,0.000000000e+00,1.317294036e-21,0.000000000e+00
50.490000,0.000000000e+00,3.748750000e-01,0.000000000e+00,0.000000000e+00,1.304186741e-21,0.000000000e+00
50.500000,0.000000000e+00,3.748750000e-01,0.000000000e+00,0.000000000e+00,1.291209866e-21,0.000000000e+00
50.510000,0.000000000e+00,3.748750000e-01,0.000000000e+00,0.000000000e+00,1.278362113e-21,0.000000000e+00
50.520000,0.000000000e+00,3.748750000e-01,0.000000000e+00,0.000000000e+00,1.265642198e-21,0.000000000e+00
50.530000,0.000000000e+00,3.748750000e-01,0.000000000e+00,0.000000000e+00,1.253048848e-21,0.000000000e+00
50.540000,0.000000000e+00,3.748750000e-01,0.000000000e+00,0.000000000e+00,1.240580803e-21,0.000000000e+00
50.550000,0.000000000e+00,3.748750000e-01,0.000000000e+00,0.000000000e+00,1.228236818e-21,0.000000000e+00
50.560000,0.000000000e+00,3.748750000e-01,0.000000000e+00,0.000000000e+00,1.216015657e-21,0.000000000e+00
50.570000,0.000000000e+00,3.748750000e-01,0.000000000e+00,0.000000000e+00,1.203916100e-21,0.000000000e+00
50.580000,0.000000000e+00,3.748750000e-01,0.000000000e+00,0.000000000e+00,1.191936934e-21,0.000000000e+00
50.590000,0.000000000e+00,3.748750000e-01,0.000000000e+00,0.000000000e+00,1.180076964e-21,0.000000000e+00
50.600000,0.000000000e+00,3.748750000e-01,0.000000000e+00,0.000000000e+00,1.168335002e-21,0.000000000e+00
50.610000,0.000000000e+00,3.748750000e-01,0.000000000e+00,0.000000000e+00,1.156709874e-21,0.000000000e+00
50.620000,0.000000000e+00,3.748750000e-01,0.000000000e+00,0.000000000e+00,1.145200418e-21,0.000000000e+00
50.630000,0.000000000e+00,3.748750000e-01,0.000000000e+00,0.000000000e+00,1.133805484e-21,0.000000000e+00
50.640000,0.000000000e+00,3.748750000e-01,0.000000000e+00,0.000000000e+00,1.122523931e-21,0.000000000e+00
50.650000,0.000000000e+00,3.748750000e-01,0.000000000e+00,0.000000000e+00,1.111354631e-21,0.000000000e+00
50.660000,0.000000000e+00,3.748750000e-01,0.000000000e+00,0.000000000e+00,1.100296468e-21,0.000000000e+00
50.670000,0.000000000e+00,3.748750000e-01,0.000000000e+00,0.000000000e+00,1.089348335e-21,0.000000000e+00
50.680000,0.000000000e+00,3.748750000e-01,0.000000000e+00,0.000000000e+00,1.078509138e-21,0.000000000e+00
50.690000,0.000000000e+00,3.748750000e-01,0.000000000e+00,0.000000000e+00,1.067777793e-21,0.000000000e+00
50.700000,0.000000000e+00,3.748750000e-01,0.000000000e+00,0.000000000e+00,1.057153226e-21,0.000000000e+00
50.710000,0.000000000e+00,3.748750000e-01,0.000000000e+00,0.000000000e+00,1.046634376e-21,0.000000000e+00
50.720000,0.000000000e+00,3.748750000e-01,0.000000000e+00,0.000000000e+00,1.036220190e-21,0.000000000e+00
50.730000,0.000000000e+00,3.748750000e-01,0.000000000e+00,0.000000000e+00,1.025909627e-21,0.000000000e+00
50.740000,0.000000000e+00,3.748750000e-01,0.000000000e+00,0.000000000e+00,1.015701655e-21,0.000000000e+00
50.750000,0.000000000e+00,3.748750000e-01,0.000000000e+00,0.000000000e+00,1.005595255e-21,0.000000000e+00
50.760000,0.000000000e+00,3.748750000e-01,0.000000000e+00,0.000000000e+00,9.955894150e-22,0.000000000e+00
50.770000,0.000000000e+00,3.748750000e-01,0.000000000e+00,0.000000000e+00,9.856831348e-22,0.000000000e+00
50.780000,0.000000000e+00,3.748750000e-01,0.000000000e+00,0.000000000e+00,9.758754238e-22,0.000000000e+00
50.790000,0.000000000e+00,3.748750000e-01,0.000000000e+00,0.000000000e+00,9.661653011e-22,0.000000000e+00
50.800000,0.000000000e+00,3.748750000e-01,0.000000000e+00,0.000000000e+00,9.565517957e-22,0.000000000e+00
50.810000,0.000000000e+00,3.748750000e-01,0.000000000e+00,0.000000000e+00,9.470339463e-22,0.000000000e+00
50.820000,0.000000000e+00,3.748750000e-01,0.000000000e+00,0.000000000e+00,9.376108011e-22,0.000000000e+00
50.830000,0.000000000e+00,3.748750000e-01,0.000000000e+00,0.000000000e+00,9.282814177e-22,0.000000000e+00
50.840000,0.000000000e+00,3.748750000e-01,0.000000000e+00,0.000000000e+00,9.190448633e-22,0.000000000e+00
50.850000,0.000000000e+00,3.748750000e-01,0.000000000e+00,0.000000000e+00,9.099002141e-22,0.000000000e+00
50.860000,0.000000000e+00,3.748750000e-01,0.000000000e+00,0.000000000e+00,9.008465557e-22,0.000000000e+00
50.870000,0.000000000e+00,3.748750000e-01,0.000000000e+00,0.000000000e+00,8.918829827e-22,0.000000000e+00
50.880000,0.000000000e+00,3.748750000e-01,0.000000000e+00,0.000000000e+00,8.830085988e-22,0.000000000e+00
50.890000,0.000000000e+00,3.748750000e-01,0.000000000e+00,0.000000000e+00,8.742225164e-22,0.000000000e+00
50.900000,0.000000000e+00,3.748750000e-01,0.000000000e+00,0.000000000e+00,8.655238570e-22,0.000000000e+00
50.910000,0.000000000e+00,3.748750000e-01,0.000000000e+00,0.000000000e+00,8.569117508e-22,0.000000000e+00
50.920000,0.000000000e+00,3.748750000e-01,0.000000000e+00,0.000000000e+00,8.483853364e-22,0.000000000e+00
50.930000,0.000000000e+00,3.748750000e-01,0.000000000e+00,0.000000000e+00,8.399437612e-22,0.000000000e+00
50.940000,0.000000000e+00,3.748750000e-01,0.000000000e+00,0.000000000e+00,8.315861812e-22,0.000000000e+00
50.950000,0.000000000e+00,3.748750000e-01,0.000000000e+00,0.000000000e+00,8.233117604e-22,0.000000000e+00
50.960000,0.000000000e+00,3.748750000e-01,0.000000000e+00,0.000000000e+00,8.151196715e-22,0.000000000e+00
50.970000,0.000000000e+00,3.748750000e-01,0.000000000e+00,0.000000000e+00,8.070090953e-22,0.000000000e+00
50.980000,0.000000000e+00,3.748750000e-01,0.000000000e+00,0.000000000e+00,7.989792206e-22,0.000000000e+00
50.990000,0.000000000e+00,3.748750000e-01,0.000000000e+00,0.000000000e+00,7.910292445e-22,0.000000000e+00
51.000000,0.000000000e+00,3.748750000e-01,0.000000000e+00,0.000000000e+00,7.831583721e-22,0.000000000e+00
51.010000,0.000000000e+00,3.748750000e-01,0.000000000e+00,0.000000000e+00,7.753658160e-22,0.000000000e+00
51.020000,0.000000000e+00,3.748750000e-01,0.000000000e+00,0.000000000e+00,7.676507973e-22,0.000000000e+00
51.030000,0.000000000e+00,3.748750000e-01,0.000000000e+00,0.000000000e+00,7.600125442e-22,0.000000000e+00
51.040000,0.000000000e+00,3.748750000e-01,0.000000000e+00,0.000000000e+00,7.524502931e-22,0.000000000e+00
51.050000,0.000000000e+00,3.748750000e-01,0.000000000e+00,0.000000000e+00,7.449632875e-22,0.000000000e+00
51.060000,0.000000000e+00,3.748750000e-01,0.000000000e+00,0.000000000e+00,7.375507790e-22,0.000000000e+00
51.070000,0.000000000e+00,3.748750000e-01,0.000000000e+00,0.000000000e+00,7.302120261e-22,0.000000000e+00
51.080000,0.000000000e+00,3.748750000e-01,0.000000000e+00,0.000000000e+00,7.229462951e-22,0.000000000e+00
51.090000,0.000000000e+00,3.748750000e-01,0.000000000e+00,0.000000000e+00,7.157528592e-22,0.000000000e+00
51.100000,0.000000000e+00,3.748750000e-01,0.000000000e+00,0.000000000e+00,7.086309993e-22,0.000000000e+00
51.110000,0.000000000e+00,3.748750000e-01,0.000000000e+00,0.000000000e+00,7.015800030e-22,0.000000000e+00
51.120000,0.000000000e+00,3.748750000e-01,0.000000000e+00,0.000000000e+00,6.945991654e-22,0.000000000e+00
51.130000,0.000000000e+00,3.748750000e-01,0.000000000e+00,0.000000000e+00,6.876877882e-22,0.000000000e+00
51.140000,0.000000000e+00,3.748750000e-01,0.000000000e+00,0.000000000e+00,6.808451804e-22,0.000000000e+00
51.150000,0.000000000e+00,3.748750000e-01,0.000000000e+00,0.000000000e+00,6.740706576e-22,0.000000000e+00
51.160000,0.000000000e+00,3.748750000e-01,0.000000000e+00,0.000000000e+00,6.673635425e-22,0.000000000e+00
51.170000,0.000000000e+00,3.748750000e-01,0.000000000e+00,0.000000000e+00,6.607231643e-22,0.000000000e+00
51.180000,0.000000000e+00,3.748750000e-01,0.000000000e+00,0.000000000e+00,6.541488590e-22,0.000000000e+00
51.190000,0.000000000e+00,3.748750000e-01,0.000000000e+00,0.000000000e+00,6.476399691e-22,0.000000000e+00
51.200000,0.000000000e+00,3.748750000e-01,0.000000000e+00,0.000000000e+00,6.411958437e-22,0.000000000e+00
51.210000,0.000000000e+00,3.748750000e-01,0.000000000e+00,0.000000000e+00,6.348158385e-22,0.000000000e+00
51.220000,0.000000000e+00,3.748750000e-01,0.000000000e+00,0.000000000e+00,6.284993154e-22,0.000000000e+00
51.230000,0.000000000e+00,3.748750000e-01,0.000000000e+00,0.000000000e+00,6.222456427e-22,0.000000000e+00
51.240000,0.000000000e+00,3.748750000e-01,0.000000000e+00,0.000000000e+00,6.160541951e-22,0.000000000e+00
51.250000,0.000000000e+00,3.748750000e-01,0.000000000e+00,0.000000000e+00,6.099243534e-22,0.000000000e+00
51.260000,0.000000000e+00,3.748750000e-01,0.000000000e+00,0.000000000e+00,6.038555047e-22,0.000000000e+00
51.270000,0.000000000e+00,3.748750000e-01,0.000000000e+00,0.000000000e+00,5.978470421e-22,0.000000000e+00
51.280000,0.000000000e+00,3.748750000e-01,0.000000000e+00,0.000000000e+00,5.918983646e-22,0.000000000e+00
51.290000,0.000000000e+00,3.748750000e-01,0.000000000e+00,0.000000000e+00,5.860088775e-22,0.000000000e+00
51.300000,0.000000000e+00,3.748750000e-01,0.000000000e+00,0.000000000e+00,5.801779917e-22,0.000000000e+00
51.310000,0.000000000e+00,3.748750000e-01,0.000000000e+00,0.000000000e+00,5.744051242e-22,0.000000000e+00
51.320000,0.000000000e+00,3.748750000e-01,0.000000000e+00,0.000000000e+00,5.686896978e-22,0.000000000e+00
51.330000,0.000000000e+00,3.748750000e-01,0.000000000e+00,0.000000000e+00,5.630311407e-22,0.000000000e+00
51.340000,0.000000000e+00,3.748750000e-01,0.000000000e+00,0.000000000e+00,5.574288873e-22,0.000000000e+00
51.350000,0.000000000e+00,3.748750000e-01,0.000000000e+00,0.000000000e+00,5.518823772e-22,0.000000000e+00
51.360000,0.000000000e+00,3.748750000e-01,0.000000000e+00,0.000000000e+00,5.463910558e-22,0.000000000e+00
51.370000,0.000000000e+00,3.748750000e-01,0.000000000e+00,0.000000000e+00,5.409543739e-22,0.000000000e+00
51.380000,0.000000000e+00,3.748750000e-01,0.000000000e+00,0.000000000e+00,5.355717880e-22,0.000000000e+00
51.390000,0.000000000e+00,3.748750000e-01,0.000000000e+00,0.000000000e+00,5.302427596e-22,0.000000000e+00
51.400000,0.000000000e+00,3.748750000e-01,0.000000000e+00,0.000000000e+00,5.249667560e-22,0.000000000e+00
51.410000,0.000000000e+00,3.748750000e-01,0.000000000e+00,0.000000000e+00,5.197432495e-22,0.000000000e+00
51.420000,0.000000000e+00,3.748750000e-01,0.000000000e+00,0.000000000e+00,5.145717178e-22,0.000000000e+00
51.430000,0.000000000e+00,3.748750000e-01,0.000000000e+00,0.000000000e+00,5.094516436e-22,0.000000000e+00
51.440000,0.000000000e+00,3.748750000e-01,0.000000000e+00,0.000000000e+00,5.043825151e-22,0.000000000e+00
51.450000,0.000000000e+00,3.748750000e-01,0.000000000e+00,0.000000000e+00,4.993638252e-22,0.000000000e+00
51.460000,0.000000000e+00,3.748750000e-01,0.000000000e+00,0.000000000e+00,4.943950721e-22,0.000000000e+00
51.470000,0.000000000e+00,3.748750000e-01,0.000000000e+00,0.000000000e+00,4.894757590e-22,0.000000000e+00
51.480000,0.000000000e+00,3.748750000e-01,0.000000000e+00,0.000000000e+00,4.846053938e-22,0.000000000e+00
51.490000,0.000000000e+00,3.748750000e-01,0.000000000e+00,0.000000000e+00,4.797834896e-22,0.000000000e+00
51.500000,0.000000000e+00,3.748750000e-01,0.000000000e+00,0.000000000e+00,4.750095641e-22,0.000000000e+00
51.510000,0.000000000e+00,3.748750000e-01,0.000000000e+00,0.000000000e+00,4.702831399e-22,0.000000000e+00
51.520000,0.000000000e+00,3.748750000e-01,0.000000000e+00,0.000000000e+00,4.656037445e-22,0.000000000e+00
51.530000,0.000000000e+00,3.748750000e-01,0.000000000e+00,0.000000000e+00,4.609709099e-22,0.000000000e+00
51.540000,0.000000000e+00,3.748750000e-01,0.000000000e+00,0.000000000e+00,4.563841727e-22,0.000000000e+00
51.550000,0.000000000e+00,3.748750000e-01,0.000000000e+00,0.000000000e+00,4.518430743e-22,0.000000000e+00
51.560000,0.000000000e+00,3.748750000e-01,0.000000000e+00,0.000000000e+00,4.473471606e-22,0.000000000e+00
51.570000,0.000000000e+00,3.748750000e-01,0.000000000e+00,0.000000000e+00,4.428959819e-22,0.000000000e+00
51.580000,0.000000000e+00,3.748750000e-01,0.000000000e+00,0.000000000e+00,4.384890933e-22,0.000000000e+00
51.590000,0.000000000e+00,3.748750000e-01,0.000000000e+00,0.000000000e+00,4.341260539e-22,0.000000000e+00
51.600000,0.000000000e+00,3.748750000e-01,0.000000000e+00,0.000000000e+00,4.298064275e-22,0.000000000e+00
51.610000,0.000000000e+00,3.748750000e-01,0.000000000e+00,0.000000000e+00,4.255297821e-22,0.000000000e+00
51.620000,0.000000000e+00,3.748750000e-01,0.000000000e+00,0.000000000e+00,4.212956900e-22,0.000000000e+00
51.630000,0.000000000e+00,3.748750000e-01,0.000000000e+00,0.000000000e+00,4.171037279e-22,0.000000000e+00
51.640000,0.000000000e+00,3.748750000e-01,0.000000000e+00,0.000000000e+00,4.129534764e-22,0.000000000e+00
51.650000,0.000000000e+00,3.748750000e-01,0.000000000e+00,0.000000000e+00,4.088445207e-22,0.000000000e+00
51.660000,0.000000000e+00,3.748750000e-01,0.000000000e+00,0.000000000e+00,4.047764497e-22,0.000000000e+00
51.670000,0.000000000e+00,3.748750000e-01,0.000000000e+00,0.000000000e+00,4.007488568e-22,0.000000000e+00
51.680000,0.000000000e+00,3.748750000e-01,0.000000000e+00,0.000000000e+00,3.967613390e-22,0.000000000e+00
51.690000,0.000000000e+00,3.748750000e-01,0.000000000e+00,0.000000000e+00,3.928134977e-22,0.000000000e+00
51.700000,0.000000000e+00,3.748750000e-01,0.000000000e+00,0.000000000e+00,3.889049381e-22,0.000000000e+00
51.710000,0.000000000e+00,3.748750000e-01,0.000000000e+00,0.000000000e+00,3.850352693e-22,0.000000000e+00
51.720000,0.000000000e+00,3.748750000e-01,0.000000000e+00,0.000000000e+00,3.812041044e-22,0.000000000e+00
51.730000,0.000000000e+00,3.748750000e-01,0.000000000e+00,0.000000000e+00,3.774110602e-22,0.000000000e+00
51.740000,0.000000000e+00,3.748750000e-01,0.000000000e+00,0.000000000e+00,3.736557574e-22,0.000000000e+00
51.750000,0.000000000e+00,3.748750000e-01,0.000000000e+00,0.000000000e+00,3.699378205e-22,0.000000000e+00
51.760000,0.000000000e+00,3.748750000e-01,0.000000000e+00,0.000000000e+00,3.662568777e-22,0.000000000e+00
51.770000,0.000000000e+00,3.748750000e-01,0.000000000e+00,0.000000000e+00,3.626125608e-22,0.000000000e+00
51.780000,0.000000000e+00,3.748750000e-01,0.000000000e+00,0.000000000e+00,3.590045056e-22,0.000000000e+00
51.790000,0.000000000e+00,3.748750000e-01,0.000000000e+00,0.000000000e+00,3.554323511e-22,0.000000000e+00
51.800000,0.000000000e+00,3.748750000e-01,0.000000000e+00,0.000000000e+00,3.518957401e-22,0.000000000e+00
51.810000,0.000000000e+00,3.748750000e-01,0.000000000e+00,0.000000000e+00,3.483943190e-22,0.000000000e+00
51.820000,0.000000000e+00,3.748750000e-01,0.000000000e+00,0.000000000e+00,3.449277376e-22,0.000000000e+00
51.830000,0.000000000e+00,3.748750000e-01,0.000000000e+00,0.000000000e+00,3.414956492e-22,0.000000000e+00
51.840000,0.000000000e+00,3.748750000e-01,0.000000000e+00,0.000000000e+00,3.380977107e-22,0.000000000e+00
51.850000,0.000000000e+00,3.748750000e-01,0.000000000e+00,0.000000000e+00,3.347335823e-22,0.000000000e+00
51.860000,0.000000000e+00,3.748750000e-01,0.000000000e+00,0.000000000e+00,3.314029275e-22,0.000000000e+00
51.870000,0.000000000e+00,3.748750000e-01,0.000000000e+00,0.000000000e+00,3.281054133e-22,0.000000000e+00
51.880000,0.000000000e+00,3.748750000e-01,0.000000000e+00,0.000000000e+00,3.248407099e-22,0.000000000e+00
51.890000,0.000000000e+00,3.748750000e-01,0.000000000e+00,0.000000000e+00,3.216084908e-22,0.000000000e+00
51.900000,0.000000000e+00,3.748750000e-01,0.000000000e+00,0.000000000e+00,3.184084329e-22,0.000000000e+00
51.910000,0.000000000e+00,3.748750000e-01,0.000000000e+00,0.000000000e+00,3.152402160e-22,0.000000000e+00
51.920000,0.000000000e+00,3.748750000e-01,0.000000000e+00,0.000000000e+00,3.121035235e-22,0.000000000e+00
51.930000,0.000000000e+00,3.748750000e-01,0.000000000e+00,0.000000000e+00,3.089980415e-22,0.000000000e+00
51.940000,0.000000000e+00,3.748750000e-01,0.000000000e+00,0.000000000e+00,3.059234596e-22,0.000000000e+00
51.950000,0.000000000e+00,3.748750000e-01,0.000000000e+00,0.000000000e+00,3.028794704e-22,0.000000000e+00
51.960000,0.000000000e+00,3.748750000e-01,0.000000000e+00,0.000000000e+00,2.998657693e-22,0.000000000e+00
51.970000,0.000000000e+00,3.748750000e-01,0.000000000e+00,0.000000000e+00,2.968820550e-22,0.000000000e+00
51.980000,0.000000000e+00,3.748750000e-01,0.000000000e+00,0.000000000e+00,2.939280292e-22,0.000000000e+00
51.990000,0.000000000e+00,3.748750000e-01,0.000000000e+00,0.000000000e+00,2.910033965e-22,0.000000000e+00
52.000000,0.000000000e+00,3.748750000e-01,0.000000000e+00,0.000000000e+00,2.881078643e-22,0.000000000e+00
52.010000,0.000000000e+00,3.748750000e-01,0.000000000e+00,0.000000000e+00,2.852411431e-22,0.000000000e+00
52.020000,0.000000000e+00,3.748750000e-01,0.000000000e+00,0.000000000e+00,2.824029463e-22,0.000000000e+00
52.030000,0.000000000e+00,3.748750000e-01,0.000000000e+00,0.000000000e+00,2.795929901e-22,0.000000000e+00
52.040000,0.000000000e+00,3.748750000e-01,0.000000000e+00,0.000000000e+00,2.768109933e-22,0.000000000e+00
52.050000,0.000000000e+00,3.748750000e-01,0.000000000e+00,0.000000000e+00,2.740566779e-22,0.000000000e+00
52.060000,0.000000000e+00,3.748750000e-01,0.000000000e+00,0.000000000e+00,2.713297684e-22,0.000000000e+00
52.070000,0.000000000e+00,3.748750000e-01,0.000000000e+00,0.000000000e+00,2.686299921e-22,0.000000000e+00
52.080000,0.000000000e+00,3.748750000e-01,0.000000000e+00,0.000000000e+00,2.659570790e-22,0.000000000e+00
52.090000,0.000000000e+00,3.748750000e-01,0.000000000e+00,0.000000000e+00,2.633107619e-22,0.000000000e+00
52.100000,0.000000000e+00,3.748750000e-01,0.000000000e+00,0.000000000e+00,2.606907760e-22,0.000000000e+00
52.110000,0.000000000e+00,3.748750000e-01,0.000000000e+00,0.000000000e+00,2.580968595e-22,0.000000000e+00
52.120000,0.000000000e+00,3.748750000e-01,0.000000000e+00,0.000000000e+00,2.555287528e-22,0.000000000e+00
52.130000,0.000000000e+00,3.748750000e-01,0.000000000e+00,0.000000000e+00,2.529861992e-22,0.000000000e+00
52.140000,0.000000000e+00,3.748750000e-01,0.000000000e+00,0.000000000e+00,2.504689445e-22,0.000000000e+00
52.150000,0.000000000e+00,3.748750000e-01,0.000000000e+00,0.000000000e+00,2.479767369e-22,0.000000000e+00
52.160000,0.000000000e+00,3.748750000e-01,0.000000000e+00,0.000000000e+00,2.455093271e-22,0.000000000e+00
52.170000,0.000000000e+00,3.748750000e-01,0.000000000e+00,0.000000000e+00,2.430664685e-22,0.000000000e+00
52.180000,0.000000000e+00,3.748750000e-01,0.000000000e+00,0.000000000e+00,2.406479167e-22,0.000000000e+00
52.190000,0.000000000e+00,3.748750000e-01,0.000000000e+00,0.000000000e+00,2.382534299e-22,0.000000000e+00
52.200000,0.000000000e+00,3.748750000e-01,0.000000000e+00,0.000000000e+00,2.358827687e-22,0.000000000e+00
52.210000,0.000000000e+00,3.748750000e-01,0.000000000e+00,0.000000000e+00,2.335356959e-22,0.000000000e+00
52.220000,0.000000000e+00,3.748750000e-01,0.000000000e+00,0.000000000e+00,2.312119769e-22,0.000000000e+00
52.230000,0.000000000e+00,3.748750000e-01,0.000000000e+00,0.000000000e+00,2.289113793e-22,0.000000000e+00
52.240000,0.000000000e+00,3.748750000e-01,0.000000000e+00,0.000000000e+00,2.266336730e-22,0.000000000e+00
52.250000,0.000000000e+00,3.748750000e-01,0.000000000e+00,0.000000000e+00,2.243786303e-22,0.000000000e+00
52.260000,0.000000000e+00,3.748750000e-01,0.000000000e+00,0.000000000e+00,2.221460256e-22,0.000000000e+00
52.270000,0.000000000e+00,3.748750000e-01,0.000000000e+00,0.000000000e+00,2.199356358e-22,0.000000000e+00
52.280000,0.000000000e+00,3.748750000e-01,0.000000000e+00,0.000000000e+00,2.177472396e-22,0.000000000e+00
52.290000,0.000000000e+00,3.748750000e-01,0.000000000e+00,0.000000000e+00,2.155806184e-22,0.000000000e+00
52.300000,0.000000000e+00,3.748750000e-01,0.000000000e+00,0.000000000e+00,2.134355554e-22,0.000000000e+00
52.310000,0.000000000e+00,3.748750000e-01,0.000000000e+00,0.000000000e+00,2.113118361e-22,0.000000000e+00
52.320000,0.000000000e+00,3.748750000e-01,0.000000000e+00,0.000000000e+00,2.092092482e-22,0.000000000e+00
52.330000,0.000000000e+00,3.748750000e-01,0.000000000e+00,0.000000000e+00,2.071275814e-22,0.000000000e+00
52.340000,0.000000000e+00,3.748750000e-01,0.000000000e+00,0.000000000e+00,2.050666276e-22,0.000000000e+00
52.350000,0.000000000e+00,3.748750000e-01,0.000000000e+00,0.000000000e+00,2.030261805e-22,0.000000000e+00
52.360000,0.000000000e+00,3.748750000e-01,0.000000000e+00,0.000000000e+00,2.010060363e-22,0.000000000e+00
52.370000,0.000000000e+00,3.748750000e-01,0.000000000e+00,0.000000000e+00,1.990059928e-22,0.000000000e+00
52.380000,0.000000000e+00,3.748750000e-01,0.000000000e+00,0.000000000e+00,1.970258501e-22,0.000000000e+00
52.390000,0.000000000e+00,3.748750000e-01,0.000000000e+00,0.000000000e+00,1.950654101e-22,0.000000000e+00
52.400000,0.000000000e+00,3.748750000e-01,0.000000000e+00,0.000000000e+00,1.931244769e-22,0.000000000e+00
52.410000,0.000000000e+00,3.748750000e-01,0.000000000e+00,0.000000000e+00,1.912028562e-22,0.000000000e+00
52.420000,0.000000000e+00,3.748750000e-01,0.000000000e+00,0.000000000e+00,1.893003560e-22,0.000000000e+00
52.430000,0.000000000e+00,3.748750000e-01,0.000000000e+00,0.000000000e+00,1.874167860e-22,0.000000000e+00
52.440000,0.000000000e+00,3.748750000e-01,0.000000000e+00,0.000000000e+00,1.855519578e-22,0.000000000e+00
52.450000,0.000000000e+00,3.748750000e-01,0.000000000e+00,0.000000000e+00,1.837056850e-22,0.000000000e+00
52.460000,0.000000000e+00,3.748750000e-01,0.000000000e+00,0.000000000e+00,1.818777829e-22,0.000000000e+00
52.470000,0.000000000e+00,3.748750000e-01,0.000000000e+00,0.000000000e+00,1.800680687e-22,0.000000000e+00
52.480000,0.000000000e+00,3.748750000e-01,0.000000000e+00,0.000000000e+00,1.782763615e-22,0.000000000e+00
52.490000,0.000000000e+00,3.748750000e-01,0.000000000e+00,0.000000000e+00,1.765024820e-22,0.000000000e+00
52.500000,0.000000000e+00,3.748750000e-01,0.000000000e+00,0.000000000e+00,1.747462530e-22,0.000000000e+00
52.510000,0.000000000e+00,3.748750000e-01,0.000000000e+00,0.000000000e+00,1.730074987e-22,0.000000000e+00
52.520000,0.000000000e+00,3.748750000e-01,0.000000000e+00,0.000000000e+00,1.712860454e-22,0.000000000e+00
52.530000,0.000000000e+00,3.748750000e-01,0.000000000e+00,0.000000000e+00,1.695817207e-22,0.000000000e+00
52.540000,0.000000000e+00,3.748750000e-01,0.000000000e+00,0.000000000e+00,1.678943544e-22,0.000000000e+00
52.550000,0.000000000e+00,3.748750000e-01,0.000000000e+00,0.000000000e+00,1.662237777e-22,0.000000000e+00
52.560000,0.000000000e+00,3.748750000e-01,0.000000000e+00,0.000000000e+00,1.645698235e-22,0.000000000e+00
52.570000,0.000000000e+00,3.748750000e-01,0.000000000e+00,0.000000000e+00,1.629323263e-22,0.000000000e+00
52.580000,0.000000000e+00,3.748750000e-01,0.000000000e+00,0.000000000e+00,1.613111226e-22,0.000000000e+00
52.590000,0.000000000e+00,3.748750000e-01,0.000000000e+00,0.000000000e+00,1.597060501e-22,0.000000000e+00
52.600000,0.000000000e+00,3.748750000e-01,0.000000000e+00,0.000000000e+00,1.581169484e-22,0.000000000e+00
52.610000,0.000000000e+00,3.748750000e-01,0.000000000e+00,0.000000000e+00,1.565436585e-22,0.000000000e+00
52.620000,0.000000000e+00,3.748750000e-01,0.000000000e+00,0.000000000e+00,1.549860230e-22,0.000000000e+00
52.630000,0.000000000e+00,3.748750000e-01,0.000000000e+00,0.000000000e+00,1.534438863e-22,0.000000000e+00
52.640000,0.000000000e+00,3.748750000e-01,0.000000000e+00,0.000000000e+00,1.519170942e-22,0.000000000e+00
52.650000,0.000000000e+00,3.748750000e-01,0.000000000e+00,0.000000000e+00,1.504054938e-22,0.000000000e+00
52.660000,0.000000000e+00,3.748750000e-01,0.000000000e+00,0.000000000e+00,1.489089341e-22,0.000000000e+00
52.670000,0.000000000e+00,3.748750000e-01,0.000000000e+00,0.000000000e+00,1.474272655e-22,0.000000000e+00
52.680000,0.000000000e+00,3.748750000e-01,0.000000000e+00,0.000000000e+00,1.459603397e-22,0.000000000e+00
52.690000,0.000000000e+00,3.748750000e-01,0.000000000e+00,0.000000000e+00,1.445080100e-22,0.000000000e+00
52.700000,0.000000000e+00,3.748750000e-01,0.000000000e+00,0.000000000e+00,1.430701313e-22,0.000000000e+00
52.710000,0.000000000e+00,3.748750000e-01,0.000000000e+00,0.000000000e+00,1.416465597e-22,0.000000000e+00
52.720000,0.000000000e+00,3.748750000e-01,0.000000000e+00,0.000000000e+00,1.402371529e-22,0.000000000e+00
52.730000,0.000000000e+00,3.748750000e-01,0.000000000e+00,0.000000000e+00,1.388417699e-22,0.000000000e+00
52.740000,0.000000000e+00,3.748750000e-01,0.000000000e+00,0.000000000e+00,1.374602712e-22,0.000000000e+00
52.750000,0.000000000e+00,3.748750000e-01,0.000000000e+00,0.000000000e+00,1.360925187e-22,0.000000000e+00
52.760000,0.000000000e+00,3.748750000e-01,0.000000000e+00,0.000000000e+00,1.347383755e-22,0.000000000e+00
52.770000,0.000000000e+00,3.748750000e-01,0.000000000e+00,0.000000000e+00,1.333977063e-22,0.000000000e+00
52.780000,0.000000000e+00,3.748750000e-01,0.000000000e+00,0.000000000e+00,1.320703769e-22,0.000000000e+00
52.790000,0.000000000e+00,3.748750000e-01,0.000000000e+00,0.000000000e+00,1.307562547e-22,0.000000000e+00
52.800000,0.000000000e+00,3.748750000e-01,0.000000000e+00,0.000000000e+00,1.294552082e-22,0.000000000e+00
52.810000,0.000000000e+00,3.748750000e-01,0.000000000e+00,0.000000000e+00,1.281671074e-22,0.000000000e+00
52.820000,0.000000000e+00,3.748750000e-01,0.000000000e+00,0.000000000e+00,1.268918234e-22,0.000000000e+00
52.830000,0.000000000e+00,3.748750000e-01,0.000000000e+00,0.000000000e+00,1.256292286e-22,0.000000000e+00
52.840000,0.000000000e+00,3.748750000e-01,0.000000000e+00,0.000000000e+00,1.243791969e-22,0.000000000e+00
52.850000,0.000000000e+00,3.748750000e-01,0.000000000e+00,0.000000000e+00,1.231416032e-22,0.000000000e+00
52.860000,0.000000000e+00,3.748750000e-01,0.000000000e+00,0.000000000e+00,1.219163238e-22,0.000000000e+00
52.870000,0.000000000e+00,3.748750000e-01,0.000000000e+00,0.000000000e+00,1.207032361e-22,0.000000000e+00
52.880000,0.000000000e+00,3.748750000e-01,0.000000000e+00,0.000000000e+00,1.195022188e-22,0.000000000e+00
52.890000,0.000000000e+00,3.748750000e-01,0.000000000e+00,0.000000000e+00,1.183131519e-22,0.000000000e+00
52.900000,0.000000000e+00,3.748750000e-01,0.000000000e+00,0.000000000e+00,1.171359164e-22,0.000000000e+00
52.910000,0.000000000e+00,3.748750000e-01,0.000000000e+00,0.000000000e+00,1.159703945e-22,0.000000000e+00
52.920000,0.000000000e+00,3.748750000e-01,0.000000000e+00,0.000000000e+00,1.148164698e-22,0.000000000e+00
52.930000,0.000000000e+00,3.748750000e-01,0.000000000e+00,0.000000000e+00,1.136740268e-22,0.000000000e+00
52.940000,0.000000000e+00,3.748750000e-01,0.000000000e+00,0.000000000e+00,1.125429514e-22,0.000000000e+00
52.950000,0.000000000e+00,3.748750000e-01,0.000000000e+00,0.000000000e+00,1.114231303e-22,0.000000000e+00
52.960000,0.000000000e+00,3.748750000e-01,0.000000000e+00,0.000000000e+00,1.103144516e-22,0.000000000e+00
52.970000,0.000000000e+00,3.748750000e-01,0.000000000e+00,0.000000000e+00,1.092168045e-22,0.000000000e+00
52.980000,0.000000000e+00,3.748750000e-01,0.000000000e+00,0.000000000e+00,1.081300791e-22,0.000000000e+00
52.990000,0.000000000e+00,3.748750000e-01,0.000000000e+00,0.000000000e+00,1.070541669e-22,0.000000000e+00
53.000000,0.000000000e+00,3.748750000e-01,0.000000000e+00,0.000000000e+00,1.059889601e-22,0.000000000e+00
53.010000,0.000000000e+00,3.748750000e-01,0.000000000e+00,0.000000000e+00,1.049343523e-22,0.000000000e+00
53.020000,0.000000000e+00,3.748750000e-01,0.000000000e+00,0.000000000e+00,1.038902381e-22,0.000000000e+00
53.030000,0.000000000e+00,3.748750000e-01,0.000000000e+00,0.000000000e+00,1.028565130e-22,0.000000000e+00
53.040000,0.000000000e+00,3.748750000e-01,0.000000000e+00,0.000000000e+00,1.018330735e-22,0.000000000e+00
53.050000,0.000000000e+00,3.748750000e-01,0.000000000e+00,0.000000000e+00,1.008198175e-22,0.000000000e+00
53.060000,0.000000000e+00,3.748750000e-01,0.000000000e+00,0.000000000e+00,9.981664359e-23,0.000000000e+00
53.070000,0.000000000e+00,3.748750000e-01,0.000000000e+00,0.000000000e+00,9.882345139e-23,0.000000000e+00
53.080000,0.000000000e+00,3.748750000e-01,0.000000000e+00,0.000000000e+00,9.784014162e-23,0.000000000e+00
53.090000,0.000000000e+00,3.748750000e-01,0.000000000e+00,0.000000000e+00,9.686661595e-23,0.000000000e+00
53.100000,0.000000000e+00,3.748750000e-01,0.000000000e+00,0.000000000e+00,9.590277701e-23,0.000000000e+00
53.110000,0.000000000e+00,3.748750000e-01,0.000000000e+00,0.000000000e+00,9.494852844e-23,0.000000000e+00
53.120000,0.000000000e+00,3.748750000e-01,0.000000000e+00,0.000000000e+00,9.400377480e-23,0.000000000e+00
53.130000,0.000000000e+00,3.748750000e-01,0.000000000e+00,0.000000000e+00,9.306842161e-23,0.000000000e+00
53.140000,0.000000000e+00,3.748750000e-01,0.000000000e+00,0.000000000e+00,9.214237534e-23,0.000000000e+00
53.150000,0.000000000e+00,3.748750000e-01,0.000000000e+00,0.000000000e+00,9.122554339e-23,0.000000000e+00
53.160000,0.000000000e+00,3.748750000e-01,0.000000000e+00,0.000000000e+00,9.031783407e-23,0.000000000e+00
53.170000,0.000000000e+00,3.748750000e-01,0.000000000e+00,0.000000000e+00,8.941915660e-23,0.000000000e+00
53.180000,0.000000000e+00,3.748750000e-01,0.000000000e+00,0.000000000e+00,8.852942113e-23,0.000000000e+00
53.190000,0.000000000e+00,3.748750000e-01,0.000000000e+00,0.000000000e+00,8.764853867e-23,0.000000000e+00
53.200000,0.000000000e+00,3.748750000e-01,0.000000000e+00,0.000000000e+00,8.677642114e-23,0.000000000e+00
53.210000,0.000000000e+00,3.748750000e-01,0.000000000e+00,0.000000000e+00,8.591298132e-23,0.000000000e+00
53.220000,0.000000000e+00,3.748750000e-01,0.000000000e+00,0.000000000e+00,8.505813287e-23,0.000000000e+00
53.230000,0.000000000e+00,3.748750000e-01,0.000000000e+00,0.000000000e+00,8.421179031e-23,0.000000000e+00
53.240000,0.000000000e+00,3.748750000e-01,0.000000000e+00,0.000000000e+00,8.337386900e-23,0.000000000e+00
53.250000,0.000000000e+00,3.748750000e-01,0.000000000e+00,0.000000000e+00,8.254428514e-23,0.000000000e+00
53.260000,0.000000000e+00,3.748750000e-01,0.000000000e+00,0.000000000e+00,8.172295578e-23,0.000000000e+00
53.270000,0.000000000e+00,3.748750000e-01,0.000000000e+00,0.000000000e+00,8.090979878e-23,0.000000000e+00
53.280000,0.000000000e+00,3.748750000e-01,0.000000000e+00,0.000000000e+00,8.010473283e-23,0.000000000e+00
53.290000,0.000000000e+00,3.748750000e-01,0.000000000e+00,0.000000000e+00,7.930767742e-23,0.000000000e+00
53.300000,0.000000000e+00,3.748750000e-01,0.000000000e+00,0.000000000e+00,7.851855285e-23,0.000000000e+00
53.310000,0.000000000e+00,3.748750000e-01,0.000000000e+00,0.000000000e+00,7.773728019e-23,0.000000000e+00
53.320000,0.000000000e+00,3.748750000e-01,0.000000000e+00,0.000000000e+00,7.696378133e-23,0.000000000e+00
53.330000,0.000000000e+00,3.748750000e-01,0.000000000e+00,0.000000000e+00,7.619797891e-23,0.000000000e+00
53.340000,0.000000000e+00,3.748750000e-01,0.000000000e+00,0.000000000e+00,7.543979635e-23,0.000000000e+00
53.350000,0.000000000e+00,3.748750000e-01,0.000000000e+00,0.000000000e+00,7.468915784e-23,0.000000000e+00
53.360000,0.000000000e+00,3.748750000e-01,0.000000000e+00,0.000000000e+00,7.394598830e-23,0.000000000e+00
53.370000,0.000000000e+00,3.748750000e-01,0.000000000e+00,0.000000000e+00,7.321021342e-23,0.000000000e+00
53.380000,0.000000000e+00,3.748750000e-01,0.000000000e+00,0.000000000e+00,7.248175963e-23,0.000000000e+00
53.390000,0.000000000e+00,3.748750000e-01,0.000000000e+00,0.000000000e+00,7.176055407e-23,0.000000000e+00
53.400000,0.000000000e+00,3.748750000e-01,0.000000000e+00,0.000000000e+00,7.104652463e-23,0.000000000e+00
53.410000,0.000000000e+00,3.748750000e-01,0.000000000e+00,0.000000000e+00,7.033959990e-23,0.000000000e+00
53.420000,0.000000000e+00,3.748750000e-01,0.000000000e+00,0.000000000e+00,6.963970918e-23,0.000000000e+00
53.430000,0.000000000e+00,3.748750000e-01,0.000000000e+00,0.000000000e+00,6.894678250e-23,0.000000000e+00
53.440000,0.000000000e+00,3.748750000e-01,0.000000000e+00,0.000000000e+00,6.826075055e-23,0.000000000e+00
53.450000,0.000000000e+00,3.748750000e-01,0.000000000e+00,0.000000000e+00,6.758154474e-23,0.000000000e+00
53.460000,0.000000000e+00,3.748750000e-01,0.000000000e+00,0.000000000e+00,6.690909713e-23,0.000000000e+00
53.470000,0.000000000e+00,3.748750000e-01,0.000000000e+00,0.000000000e+00,6.624334049e-23,0.000000000e+00
53.480000,0.000000000e+00,3.748750000e-01,0.000000000e+00,0.000000000e+00,6.558420824e-23,0.000000000e+00
53.490000,0.000000000e+00,3.748750000e-01,0.000000000e+00,0.000000000e+00,6.493163446e-23,0.000000000e+00
53.500000,0.000000000e+00,3.748750000e-01,0.000000000e+00,0.000000000e+00,6.428555391e-23,0.000000000e+00
53.510000,0.000000000e+00,3.748750000e-01,0.000000000e+00,0.000000000e+00,6.364590196e-23,0.000000000e+00
53.520000,0.000000000e+00,3.748750000e-01,0.000000000e+00,0.000000000e+00,6.301261465e-23,0.000000000e+00
53.530000,0.000000000e+00,3.748750000e-01,0.000000000e+00,0.000000000e+00,6.238562866e-23,0.000000000e+00
53.540000,0.000000000e+00,3.748750000e-01,0.000000000e+00,0.000000000e+00,6.176488128e-23,0.000000000e+00
53.550000,0.000000000e+00,3.748750000e-01,0.000000000e+00,0.000000000e+00,6.115031045e-23,0.000000000e+00
53.560000,0.000000000e+00,3.748750000e-01,0.000000000e+00,0.000000000e+00,6.054185469e-23,0.000000000e+00
53.570000,0.000000000e+00,3.748750000e-01,0.000000000e+00,0.000000000e+00,5.993945317e-23,0.000000000e+00
53.580000,0.000000000e+00,3.748750000e-01,0.000000000e+00,0.000000000e+00,5.934304565e-23,0.000000000e+00
53.590000,0.000000000e+00,3.748750000e-01,0.000000000e+00,0.000000000e+00,5.875257248e-23,0.000000000e+00
53.600000,0.000000000e+00,3.748750000e-01,0.000000000e+00,0.000000000e+00,5.816797461e-23,0.000000000e+00
53.610000,0.000000000e+00,3.748750000e-01,0.000000000e+00,0.000000000e+00,5.758919360e-23,0.000000000e+00
53.620000,0.000000000e+00,3.748750000e-01,0.000000000e+00,0.000000000e+00,5.701617155e-23,0.000000000e+00
53.630000,0.000000000e+00,3.748750000e-01,0.000000000e+00,0.000000000e+00,5.644885116e-23,0.000000000e+00
53.640000,0.000000000e+00,3.748750000e-01,0.000000000e+00,0.000000000e+00,5.588717571e-23,0.000000000e+00
53.650000,0.000000000e+00,3.748750000e-01,0.000000000e+00,0.000000000e+00,5.533108902e-23,0.000000000e+00
53.660000,0.000000000e+00,3.748750000e-01,0.000000000e+00,0.000000000e+00,5.478053548e-23,0.000000000e+00
53.670000,0.000000000e+00,3.748750000e-01,0.000000000e+00,0.000000000e+00,5.423546005e-23,0.000000000e+00
53.680000,0.000000000e+00,3.748750000e-01,0.000000000e+00,0.000000000e+00,5.369580820e-23,0.000000000e+00
53.690000,0.000000000e+00,3.748750000e-01,0.000000000e+00,0.000000000e+00,5.316152598e-23,0.000000000e+00
53.700000,0.000000000e+00,3.748750000e-01,0.000000000e+00,0.000000000e+00,5.263255996e-23,0.000000000e+00
53.710000,0.000000000e+00,3.748750000e-01,0.000000000e+00,0.000000000e+00,5.210885724e-23,0.000000000e+00
53.720000,0.000000000e+00,3.748750000e-01,0.000000000e+00,0.000000000e+00,5.159036545e-23,0.000000000e+00
53.730000,0.000000000e+00,3.748750000e-01,0.000000000e+00,0.000000000e+00,5.107703273e-23,0.000000000e+00
53.740000,0.000000000e+00,3.748750000e-01,0.000000000e+00,0.000000000e+00,5.056880777e-23,0.000000000e+00
53.750000,0.000000000e+00,3.748750000e-01,0.000000000e+00,0.000000000e+00,5.006563972e-23,0.000000000e+00
53.760000,0.000000000e+00,3.748750000e-01,0.000000000e+00,0.000000000e+00,4.956747828e-23,0.000000000e+00
53.770000,0.000000000e+00,3.748750000e-01,0.000000000e+00,0.000000000e+00,4.907427363e-23,0.000000000e+00
53.780000,0.000000000e+00,3.748750000e-01,0.000000000e+00,0.000000000e+00,4.858597645e-23,0.000000000e+00
53.790000,0.000000000e+00,3.748750000e-01,0.000000000e+00,0.000000000e+00,4.810253791e-23,0.000000000e+00
53.800000,0.000000000e+00,3.748750000e-01,0.000000000e+00,0.000000000e+00,4.762390966e-23,0.000000000e+00
53.810000,0.000000000e+00,3.748750000e-01,0.000000000e+00,0.000000000e+00,4.715004384e-23,0.000000000e+00
53.820000,0.000000000e+00,3.748750000e-01,0.000000000e+00,0.000000000e+00,4.668089307e-23,0.000000000e+00
53.830000,0.000000000e+00,3.748750000e-01,0.000000000e+00,0.000000000e+00,4.621641042e-23,0.000000000e+00
53.840000,0.000000000e+00,3.748750000e-01,0.000000000e+00,0.000000000e+00,4.575654945e-23,0.000000000e+00
53.850000,0.000000000e+00,3.748750000e-01,0.000000000e+00,0.000000000e+00,4.530126418e-23,0.000000000e+00
53.860000,0.000000000e+00,3.748750000e-01,0.000000000e+00,0.000000000e+00,4.485050907e-23,0.000000000e+00
53.870000,0.000000000e+00,3.748750000e-01,0.000000000e+00,0.000000000e+00,4.440423905e-23,0.000000000e+00
53.880000,0.000000000e+00,3.748750000e-01,0.000000000e+00,0.000000000e+00,4.396240949e-23,0.000000000e+00
53.890000,0.000000000e+00,3.748750000e-01,0.000000000e+00,0.000000000e+00,4.352497620e-23,0.000000000e+00
53.900000,0.000000000e+00,3.748750000e-01,0.000000000e+00,0.000000000e+00,4.309189545e-23,0.000000000e+00
53.910000,0.000000000e+00,3.748750000e-01,0.000000000e+00,0.000000000e+00,4.266312393e-23,0.000000000e+00
53.920000,0.000000000e+00,3.748750000e-01,0.000000000e+00,0.000000000e+00,4.223861876e-23,0.000000000e+00
53.930000,0.000000000e+00,3.748750000e-01,0.000000000e+00,0.000000000e+00,4.181833748e-23,0.000000000e+00
53.940000,0.000000000e+00,3.748750000e-01,0.000000000e+00,0.000000000e+00,4.140223807e-23,0.000000000e+00
53.950000,0.000000000e+00,3.748750000e-01,0.000000000e+00,0.000000000e+00,4.099027891e-23,0.000000000e+00
53.960000,0.000000000e+00,3.748750000e-01,0.000000000e+00,0.000000000e+00,4.058241882e-23,0.000000000e+00
53.970000,0.000000000e+00,3.748750000e-01,0.000000000e+00,0.000000000e+00,4.017861701e-23,0.000000000e+00
53.980000,0.000000000e+00,3.748750000e-01,0.000000000e+00,0.000000000e+00,3.977883309e-23,0.000000000e+00
53.990000,0.000000000e+00,3.748750000e-01,0.000000000e+00,0.000000000e+00,3.938302709e-23,0.000000000e+00
54.000000,0.000000000e+00,3.748750000e-01,0.000000000e+00,0.000000000e+00,3.899115942e-23,0.000000000e+00
54.010000,0.000000000e+00,3.748750000e-01,0.000000000e+00,0.000000000e+00,3.860319090e-23,0.000000000e+00
54.020000,0.000000000e+00,3.748750000e-01,0.000000000e+00,0.000000000e+00,3.821908274e-23,0.000000000e+00
54.030000,0.000000000e+00,3.748750000e-01,0.000000000e+00,0.000000000e+00,3.783879651e-23,0.000000000e+00
54.040000,0.000000000e+00,3.748750000e-01,0.000000000e+00,0.000000000e+00,3.746229419e-23,0.000000000e+00
54.050000,0.000000000e+00,3.748750000e-01,0.000000000e+00,0.000000000e+00,3.708953814e-23,0.000000000e+00
54.060000,0.000000000e+00,3.748750000e-01,0.000000000e+00,0.000000000e+00,3.672049107e-23,0.000000000e+00
54.070000,0.000000000e+00,3.748750000e-01,0.000000000e+00,0.000000000e+00,3.635511608e-23,0.000000000e+00
54.080000,0.000000000e+00,3.748750000e-01,0.000000000e+00,0.000000000e+00,3.599337663e-23,0.000000000e+00
54.090000,0.000000000e+00,3.748750000e-01,0.000000000e+00,0.000000000e+00,3.563523655e-23,0.000000000e+00
54.100000,0.000000000e+00,3.748750000e-01,0.000000000e+00,0.000000000e+00,3.528066002e-23,0.000000000e+00
54.110000,0.000000000e+00,3.748750000e-01,0.000000000e+00,0.000000000e+00,3.492961159e-23,0.000000000e+00
54.120000,0.000000000e+00,3.748750000e-01,0.000000000e+00,0.000000000e+00,3.458205614e-23,0.000000000e+00
54.130000,0.000000000e+00,3.748750000e-01,0.000000000e+00,0.000000000e+00,3.423795894e-23,0.000000000e+00
54.140000,0.000000000e+00,3.748750000e-01,0.000000000e+00,0.000000000e+00,3.389728555e-23,0.000000000e+00
54.150000,0.000000000e+00,3.748750000e-01,0.000000000e+00,0.000000000e+00,3.356000192e-23,0.000000000e+00
54.160000,0.000000000e+00,3.748750000e-01,0.000000000e+00,0.000000000e+00,3.322607433e-23,0.000000000e+00
54.170000,0.000000000e+00,3.748750000e-01,0.000000000e+00,0.000000000e+00,3.289546936e-23,0.000000000e+00
54.180000,0.000000000e+00,3.748750000e-01,0.000000000e+00,0.000000000e+00,3.256815397e-23,0.000000000e+00
54.190000,0.000000000e+00,3.748750000e-01,0.000000000e+00,0.000000000e+00,3.224409543e-23,0.000000000e+00
54.200000,0.000000000e+00,3.748750000e-01,0.000000000e+00,0.000000000e+00,3.192326132e-23,0.000000000e+00
54.210000,0.000000000e+00,3.748750000e-01,0.000000000e+00,0.000000000e+00,3.160561956e-23,0.000000000e+00
54.220000,0.000000000e+00,3.748750000e-01,0.000000000e+00,0.000000000e+00,3.129113839e-23,0.000000000e+00
54.230000,0.000000000e+00,3.748750000e-01,0.000000000e+00,0.000000000e+00,3.097978636e-23,0.000000000e+00
54.240000,0.000000000e+00,3.748750000e-01,0.000000000e+00,0.000000000e+00,3.067153234e-23,0.000000000e+00
54.250000,0.000000000e+00,3.748750000e-01,0.000000000e+00,0.000000000e+00,3.036634549e-23,0.000000000e+00
54.260000,0.000000000e+00,3.748750000e-01,0.000000000e+00,0.000000000e+00,3.006419531e-23,0.000000000e+00
54.270000,0.000000000e+00,3.748750000e-01,0.000000000e+00,0.000000000e+00,2.976505156e-23,0.000000000e+00
54.280000,0.000000000e+00,3.748750000e-01,0.000000000e+00,0.000000000e+00,2.946888435e-23,0.000000000e+00
54.290000,0.000000000e+00,3.748750000e-01,0.000000000e+00,0.000000000e+00,2.917566405e-23,0.000000000e+00
54.300000,0.000000000e+00,3.748750000e-01,0.000000000e+00,0.000000000e+00,2.888536135e-23,0.000000000e+00
54.310000,0.000000000e+00,3.748750000e-01,0.000000000e+00,0.000000000e+00,2.859794720e-23,0.000000000e+00
54.320000,0.000000000e+00,3.748750000e-01,0.000000000e+00,0.000000000e+00,2.831339287e-23,0.000000000e+00
54.330000,0.000000000e+00,3.748750000e-01,0.000000000e+00,0.000000000e+00,2.803166990e-23,0.000000000e+00
54.340000,0.000000000e+00,3.748750000e-01,0.000000000e+00,0.000000000e+00,2.775275013e-23,0.000000000e+00
54.350000,0.000000000e+00,3.748750000e-01,0.000000000e+00,0.000000000e+00,2.747660565e-23,0.000000000e+00
54.360000,0.000000000e+00,3.748750000e-01,0.000000000e+00,0.000000000e+00,2.720320886e-23,0.000000000e+00
54.370000,0.000000000e+00,3.748750000e-01,0.000000000e+00,0.000000000e+00,2.693253240e-23,0.000000000e+00
54.380000,0.000000000e+00,3.748750000e-01,0.000000000e+00,0.000000000e+00,2.666454923e-23,0.000000000e+00
54.390000,0.000000000e+00,3.748750000e-01,0.000000000e+00,0.000000000e+00,2.639923253e-23,0.000000000e+00
54.400000,0.000000000e+00,3.748750000e-01,0.000000000e+00,0.000000000e+00,2.613655578e-23,0.000000000e+00
54.410000,0.000000000e+00,3.748750000e-01,0.000000000e+00,0.000000000e+00,2.587649270e-23,0.000000000e+00
54.420000,0.000000000e+00,3.748750000e-01,0.000000000e+00,0.000000000e+00,2.561901730e-23,0.000000000e+00
54.430000,0.000000000e+00,3.748750000e-01,0.000000000e+00,0.000000000e+00,2.536410382e-23,0.000000000e+00
54.440000,0.000000000e+00,3.748750000e-01,0.000000000e+00,0.000000000e+00,2.511172677e-23,0.000000000e+00
54.450000,0.000000000e+00,3.748750000e-01,0.000000000e+00,0.000000000e+00,2.486186091e-23,0.000000000e+00
54.460000,0.000000000e+00,3.748750000e-01,0.000000000e+00,0.000000000e+00,2.461448126e-23,0.000000000e+00
54.470000,0.000000000e+00,3.748750000e-01,0.000000000e+00,0.000000000e+00,2.436956308e-23,0.000000000e+00
54.480000,0.000000000e+00,3.748750000e-01,0.000000000e+00,0.000000000e+00,2.412708188e-23,0.000000000e+00
54.490000,0.000000000e+00,3.748750000e-01,0.000000000e+00,0.000000000e+00,2.388701340e-23,0.000000000e+00
54.500000,0.000000000e+00,3.748750000e-01,0.000000000e+00,0.000000000e+00,2.364933365e-23,0.000000000e+00
54.510000,0.000000000e+00,3.748750000e-01,0.000000000e+00,0.000000000e+00,2.341401885e-23,0.000000000e+00
54.520000,0.000000000e+00,3.748750000e-01,0.000000000e+00,0.000000000e+00,2.318104547e-23,0.000000000e+00
54.530000,0.000000000e+00,3.748750000e-01,0.000000000e+00,0.000000000e+00,2.295039021e-23,0.000000000e+00
54.540000,0.000000000e+00,3.748750000e-01,0.000000000e+00,0.000000000e+00,2.272203001e-23,0.000000000e+00
54.550000,0.000000000e+00,3.748750000e-01,0.000000000e+00,0.000000000e+00,2.249594204e-23,0.000000000e+00
54.560000,0.000000000e+00,3.748750000e-01,0.000000000e+00,0.000000000e+00,2.227210367e-23,0.000000000e+00
54.570000,0.000000000e+00,3.748750000e-01,0.000000000e+00,0.000000000e+00,2.205049254e-23,0.000000000e+00
54.580000,0.000000000e+00,3.748750000e-01,0.000000000e+00,0.000000000e+00,2.183108647e-23,0.000000000e+00
54.590000,0.000000000e+00,3.748750000e-01,0.000000000e+00,0.000000000e+00,2.161386353e-23,0.000000000e+00
54.600000,0.000000000e+00,3.748750000e-01,0.000000000e+00,0.000000000e+00,2.139880200e-23,0.000000000e+00
54.610000,0.000000000e+00,3.748750000e-01,0.000000000e+00,0.000000000e+00,2.118588036e-23,0.000000000e+00
54.620000,0.000000000e+00,3.748750000e-01,0.000000000e+00,0.000000000e+00,2.097507733e-23,0.000000000e+00
54.630000,0.000000000e+00,3.748750000e-01,0.000000000e+00,0.000000000e+00,2.076637182e-23,0.000000000e+00
54.640000,0.000000000e+00,3.748750000e-01,0.000000000e+00,0.000000000e+00,2.055974297e-23,0.000000000e+00
54.650000,0.000000000e+00,3.748750000e-01,0.000000000e+00,0.000000000e+00,2.035517011e-23,0.000000000e+00
54.660000,0.000000000e+00,3.748750000e-01,0.000000000e+00,0.000000000e+00,2.015263278e-23,0.000000000e+00
54.670000,0.000000000e+00,3.748750000e-01,0.000000000e+00,0.000000000e+00,1.995211074e-23,0.000000000e+00
54.680000,0.000000000e+00,3.748750000e-01,0.000000000e+00,0.000000000e+00,1.975358392e-23,0.000000000e+00
54.690000,0.000000000e+00,3.748750000e-01,0.000000000e+00,0.000000000e+00,1.955703247e-23,0.000000000e+00
54.700000,0.000000000e+00,3.748750000e-01,0.000000000e+00,0.000000000e+00,1.936243675e-23,0.000000000e+00
54.710000,0.000000000e+00,3.748750000e-01,0.000000000e+00,0.000000000e+00,1.916977728e-23,0.000000000e+00
54.720000,0.000000000e+00,3.748750000e-01,0.000000000e+00,0.000000000e+00,1.897903481e-23,0.000000000e+00
54.730000,0.000000000e+00,3.748750000e-01,0.000000000e+00,0.000000000e+00,1.879019026e-23,0.000000000e+00
54.740000,0.000000000e+00,3.748750000e-01,0.000000000e+00,0.000000000e+00,1.860322474e-23,0.000000000e+00
54.750000,0.000000000e+00,3.748750000e-01,0.000000000e+00,0.000000000e+00,1.841811956e-23,0.000000000e+00
54.760000,0.000000000e+00,3.748750000e-01,0.000000000e+00,0.000000000e+00,1.823485621e-23,0.000000000e+00
54.770000,0.000000000e+00,3.748750000e-01,0.000000000e+00,0.000000000e+00,1.805341636e-23,0.000000000e+00
54.780000,0.000000000e+00,3.748750000e-01,0.000000000e+00,0.000000000e+00,1.787378187e-23,0.000000000e+00
54.790000,0.000000000e+00,3.748750000e-01,0.000000000e+00,0.000000000e+00,1.769593477e-23,0.000000000e+00
54.800000,0.000000000e+00,3.748750000e-01,0.000000000e+00,0.000000000e+00,1.751985727e-23,0.000000000e+00
54.810000,0.000000000e+00,3.748750000e-01,0.000000000e+00,0.000000000e+00,1.734553178e-23,0.000000000e+00
54.820000,0.000000000e+00,3.748750000e-01,0.000000000e+00,0.000000000e+00,1.717294086e-23,0.000000000e+00
54.830000,0.000000000e+00,3.748750000e-01,0.000000000e+00,0.000000000e+00,1.700206724e-23,0.000000000e+00
54.840000,0.000000000e+00,3.748750000e-01,0.000000000e+00,0.000000000e+00,1.683289384e-23,0.000000000e+00
54.850000,0.000000000e+00,3.748750000e-01,0.000000000e+00,0.000000000e+00,1.666540375e-23,0.000000000e+00
54.860000,0.000000000e+00,3.748750000e-01,0.000000000e+00,0.000000000e+00,1.649958021e-23,0.000000000e+00
54.870000,0.000000000e+00,3.748750000e-01,0.000000000e+00,0.000000000e+00,1.633540665e-23,0.000000000e+00
54.880000,0.000000000e+00,3.748750000e-01,0.000000000e+00,0.000000000e+00,1.617286664e-23,0.000000000e+00
54.890000,0.000000000e+00,3.748750000e-01,0.000000000e+00,0.000000000e+00,1.601194392e-23,0.000000000e+00
54.900000,0.000000000e+00,3.748750000e-01,0.000000000e+00,0.000000000e+00,1.585262242e-23,0.000000000e+00
54.910000,0.000000000e+00,3.748750000e-01,0.000000000e+00,0.000000000e+00,1.569488619e-23,0.000000000e+00
54.920000,0.000000000e+00,3.748750000e-01,0.000000000e+00,0.000000000e+00,1.553871946e-23,0.000000000e+00
54.930000,0.000000000e+00,3.748750000e-01,0.000000000e+00,0.000000000e+00,1.538410662e-23,0.000000000e+00
54.940000,0.000000000e+00,3.748750000e-01,0.000000000e+00,0.000000000e+00,1.523103220e-23,0.000000000e+00
54.950000,0.000000000e+00,3.748750000e-01,0.000000000e+00,0.000000000e+00,1.507948090e-23,0.000000000e+00
54.960000,0.000000000e+00,3.748750000e-01,0.000000000e+00,0.000000000e+00,1.492943756e-23,0.000000000e+00
54.970000,0.000000000e+00,3.748750000e-01,0.000000000e+00,0.000000000e+00,1.478088717e-23,0.000000000e+00
54.980000,0.000000000e+00,3.748750000e-01,0.000000000e+00,0.000000000e+00,1.463381489e-23,0.000000000e+00
54.990000,0.000000000e+00,3.748750000e-01,0.000000000e+00,0.000000000e+00,1.448820600e-23,0.000000000e+00
55.000000,0.000000000e+00,3.748750000e-01,0.000000000e+00,0.000000000e+00,1.434404594e-23,0.000000000e+00
55.010000,0.000000000e+00,3.748750000e-01,0.000000000e+00,0.000000000e+00,1.420132030e-23,0.000000000e+00
55.020000,0.000000000e+00,3.748750000e-01,0.000000000e+00,0.000000000e+00,1.406001480e-23,0.000000000e+00
55.030000,0.000000000e+00,3.748750000e-01,0.000000000e+00,0.000000000e+00,1.392011532e-23,0.000000000e+00
55.040000,0.000000000e+00,3.748750000e-01,0.000000000e+00,0.000000000e+00,1.378160785e-23,0.000000000e+00
55.050000,0.000000000e+00,3.748750000e-01,0.000000000e+00,0.000000000e+00,1.364447856e-23,0.000000000e+00
55.060000,0.000000000e+00,3.748750000e-01,0.000000000e+00,0.000000000e+00,1.350871373e-23,0.000000000e+00
55.070000,0.000000000e+00,3.748750000e-01,0.000000000e+00,0.000000000e+00,1.337429979e-23,0.000000000e+00
55.080000,0.000000000e+00,3.748750000e-01,0.000000000e+00,0.000000000e+00,1.324122328e-23,0.000000000e+00
55.090000,0.000000000e+00,3.748750000e-01,0.000000000e+00,0.000000000e+00,1.310947091e-23,0.000000000e+00
55.100000,0.000000000e+00,3.748750000e-01,0.000000000e+00,0.000000000e+00,1.297902949e-23,0.000000000e+00
55.110000,0.000000000e+00,3.748750000e-01,0.000000000e+00,0.000000000e+00,1.284988599e-23,0.000000000e+00
55.120000,0.000000000e+00,3.748750000e-01,0.000000000e+00,0.000000000e+00,1.272202749e-23,0.000000000e+00
55.130000,0.000000000e+00,3.748750000e-01,0.000000000e+00,0.000000000e+00,1.259544120e-23,0.000000000e+00
55.140000,0.000000000e+00,3.748750000e-01,0.000000000e+00,0.000000000e+00,1.247011447e-23,0.000000000e+00
55.150000,0.000000000e+00,3.748750000e-01,0.000000000e+00,0.000000000e+00,1.234603475e-23,0.000000000e+00
55.160000,0.000000000e+00,3.748750000e-01,0.000000000e+00,0.000000000e+00,1.222318966e-23,0.000000000e+00
55.170000,0.000000000e+00,3.748750000e-01,0.000000000e+00,0.000000000e+00,1.210156689e-23,0.000000000e+00
55.180000,0.000000000e+00,3.748750000e-01,0.000000000e+00,0.000000000e+00,1.198115428e-23,0.000000000e+00
55.190000,0.000000000e+00,3.748750000e-01,0.000000000e+00,0.000000000e+00,1.186193981e-23,0.000000000e+00
55.200000,0.000000000e+00,3.748750000e-01,0.000000000e+00,0.000000000e+00,1.174391153e-23,0.000000000e+00
55.210000,0.000000000e+00,3.748750000e-01,0.000000000e+00,0.000000000e+00,1.162705766e-23,0.000000000e+00
55.220000,0.000000000e+00,3.748750000e-01,0.000000000e+00,0.000000000e+00,1.151136651e-23,0.000000000e+00
55.230000,0.000000000e+00,3.748750000e-01,0.000000000e+00,0.000000000e+00,1.139682650e-23,0.000000000e+00
55.240000,0.000000000e+00,3.748750000e-01,0.000000000e+00,0.000000000e+00,1.128342618e-23,0.000000000e+00
55.250000,0.000000000e+00,3.748750000e-01,0.000000000e+00,0.000000000e+00,1.117115421e-23,0.000000000e+00
55.260000,0.000000000e+00,3.748750000e-01,0.000000000e+00,0.000000000e+00,1.105999937e-23,0.000000000e+00
55.270000,0.000000000e+00,3.748750000e-01,0.000000000e+00,0.000000000e+00,1.094995054e-23,0.000000000e+00
55.280000,0.000000000e+00,3.748750000e-01,0.000000000e+00,0.000000000e+00,1.084099671e-23,0.000000000e+00
55.290000,0.000000000e+00,3.748750000e-01,0.000000000e+00,0.000000000e+00,1.073312699e-23,0.000000000e+00
55.300000,0.000000000e+00,3.748750000e-01,0.000000000e+00,0.000000000e+00,1.062633059e-23,0.000000000e+00
55.310000,0.000000000e+00,3.748750000e-01,0.000000000e+00,0.000000000e+00,1.052059683e-23,0.000000000e+00
55.320000,0.000000000e+00,3.748750000e-01,0.000000000e+00,0.000000000e+00,1.041591515e-23,0.000000000e+00
55.330000,0.000000000e+00,3.748750000e-01,0.000000000e+00,0.000000000e+00,1.031227506e-23,0.000000000e+00
55.340000,0.000000000e+00,3.748750000e-01,0.000000000e+00,0.000000000e+00,1.020966621e-23,0.000000000e+00
55.350000,0.000000000e+00,3.748750000e-01,0.000000000e+00,0.000000000e+00,1.010807833e-23,0.000000000e+00
55.360000,0.000000000e+00,3.748750000e-01,0.000000000e+00,0.000000000e+00,1.000750127e-23,0.000000000e+00
55.370000,0.000000000e+00,3.748750000e-01,0.000000000e+00,0.000000000e+00,9.907924971e-24,0.000000000e+00
55.380000,0.000000000e+00,3.748750000e-01,0.000000000e+00,0.000000000e+00,9.809339471e-24,0.000000000e+00
55.390000,0.000000000e+00,3.748750000e-01,0.000000000e+00,0.000000000e+00,9.711734912e-24,0.000000000e+00
55.400000,0.000000000e+00,3.748750000e-01,0.000000000e+00,0.000000000e+00,9.615101535e-24,0.000000000e+00
55.410000,0.000000000e+00,3.748750000e-01,0.000000000e+00,0.000000000e+00,9.519429676e-24,0.000000000e+00
55.420000,0.000000000e+00,3.748750000e-01,0.000000000e+00,0.000000000e+00,9.424709768e-24,0.000000000e+00
55.430000,0.000000000e+00,3.748750000e-01,0.000000000e+00,0.000000000e+00,9.330932339e-24,0.000000000e+00
55.440000,0.000000000e+00,3.748750000e-01,0.000000000e+00,0.000000000e+00,9.238088011e-24,0.000000000e+00
55.450000,0.000000000e+00,3.748750000e-01,0.000000000e+00,0.000000000e+00,9.146167500e-24,0.000000000e+00
55.460000,0.000000000e+00,3.748750000e-01,0.000000000e+00,0.000000000e+00,9.055161613e-24,0.000000000e+00
55.470000,0.000000000e+00,3.748750000e-01,0.000000000e+00,0.000000000e+00,8.965061249e-24,0.000000000e+00
55.480000,0.000000000e+00,3.748750000e-01,0.000000000e+00,0.000000000e+00,8.875857399e-24,0.000000000e+00
55.490000,0.000000000e+00,3.748750000e-01,0.000000000e+00,0.000000000e+00,8.787541143e-24,0.000000000e+00
55.500000,0.000000000e+00,3.748750000e-01,0.000000000e+00,0.000000000e+00,8.700103647e-24,0.000000000e+00
55.510000,0.000000000e+00,3.748750000e-01,0.000000000e+00,0.000000000e+00,8.613536170e-24,0.000000000e+00
55.520000,0.000000000e+00,3.748750000e-01,0.000000000e+00,0.000000000e+00,8.527830053e-24,0.000000000e+00
55.530000,0.000000000e+00,3.748750000e-01,0.000000000e+00,0.000000000e+00,8.442976726e-24,0.000000000e+00
55.540000,0.000000000e+00,3.748750000e-01,0.000000000e+00,0.000000000e+00,8.358967704e-24,0.000000000e+00
55.550000,0.000000000e+00,3.748750000e-01,0.000000000e+00,0.000000000e+00,8.275794586e-24,0.000000000e+00
55.560000,0.000000000e+00,3.748750000e-01,0.000000000e+00,0.000000000e+00,8.193449054e-24,0.000000000e+00
55.570000,0.000000000e+00,3.748750000e-01,0.000000000e+00,0.000000000e+00,8.111922873e-24,0.000000000e+00
55.580000,0.000000000e+00,3.748750000e-01,0.000000000e+00,0.000000000e+00,8.031207892e-24,0.000000000e+00
55.590000,0.000000000e+00,3.748750000e-01,0.000000000e+00,0.000000000e+00,7.951296038e-24,0.000000000e+00
55.600000,0.000000000e+00,3.748750000e-01,0.000000000e+00,0.000000000e+00,7.872179321e-24,0.000000000e+00
55.610000,0.000000000e+00,3.748750000e-01,0.000000000e+00,0.000000000e+00,7.793849828e-24,0.000000000e+00
55.620000,0.000000000e+00,3.748750000e-01,0.000000000e+00,0.000000000e+00,7.716299726e-24,0.000000000e+00
55.630000,0.000000000e+00,3.748750000e-01,0.000000000e+00,0.000000000e+00,7.639521261e-24,0.000000000e+00
55.640000,0.000000000e+00,3.748750000e-01,0.000000000e+00,0.000000000e+00,7.563506755e-24,0.000000000e+00
55.650000,0.000000000e+00,3.748750000e-01,0.000000000e+00,0.000000000e+00,7.488248605e-24,0.000000000e+00
55.660000,0.000000000e+00,3.748750000e-01,0.000000000e+00,0.000000000e+00,7.413739287e-24,0.000000000e+00
55.670000,0.000000000e+00,3.748750000e-01,0.000000000e+00,0.000000000e+00,7.339971348e-24,0.000000000e+00
55.680000,0.000000000e+00,3.748750000e-01,0.000000000e+00,0.000000000e+00,7.266937413e-24,0.000000000e+00
55.690000,0.000000000e+00,3.748750000e-01,0.000000000e+00,0.000000000e+00,7.194630177e-24,0.000000000e+00
55.700000,0.000000000e+00,3.748750000e-01,0.000000000e+00,0.000000000e+00,7.123042411e-24,0.000000000e+00
55.710000,0.000000000e+00,3.748750000e-01,0.000000000e+00,0.000000000e+00,7.052166955e-24,0.000000000e+00
55.720000,0.000000000e+00,3.748750000e-01,0.000000000e+00,0.000000000e+00,6.981996721e-24,0.000000000e+00
55.730000,0.000000000e+00,3.748750000e-01,0.000000000e+00,0.000000000e+00,6.912524693e-24,0.000000000e+00
55.740000,0.000000000e+00,3.748750000e-01,0.000000000e+00,0.000000000e+00,6.843743923e-24,0.000000000e+00
55.750000,0.000000000e+00,3.748750000e-01,0.000000000e+00,0.000000000e+00,6.775647533e-24,0.000000000e+00
55.760000,0.000000000e+00,3.748750000e-01,0.000000000e+00,0.000000000e+00,6.708228714e-24,0.000000000e+00
55.770000,0.000000000e+00,3.748750000e-01,0.000000000e+00,0.000000000e+00,6.641480723e-24,0.000000000e+00
55.780000,0.000000000e+00,3.748750000e-01,0.000000000e+00,0.000000000e+00,6.575396886e-24,0.000000000e+00
55.790000,0.000000000e+00,3.748750000e-01,0.000000000e+00,0.000000000e+00,6.509970594e-24,0.000000000e+00
55.800000,0.000000000e+00,3.748750000e-01,0.000000000e+00,0.000000000e+00,6.445195304e-24,0.000000000e+00
55.810000,0.000000000e+00,3.748750000e-01,0.000000000e+00,0.000000000e+00,6.381064539e-24,0.000000000e+00
55.820000,0.000000000e+00,3.748750000e-01,0.000000000e+00,0.000000000e+00,6.317571886e-24,0.000000000e+00
55.830000,0.000000000e+00,3.748750000e-01,0.000000000e+00,0.000000000e+00,6.254710996e-24,0.000000000e+00
55.840000,0.000000000e+00,3.748750000e-01,0.000000000e+00,0.000000000e+00,6.192475581e-24,0.000000000e+00
55.850000,0.000000000e+00,3.748750000e-01,0.000000000e+00,0.000000000e+00,6.130859420e-24,0.000000000e+00
55.860000,0.000000000e+00,3.748750000e-01,0.000000000e+00,0.000000000e+00,6.069856349e-24,0.000000000e+00
55.870000,0.000000000e+00,3.748750000e-01,0.000000000e+00,0.000000000e+00,6.009460269e-24,0.000000000e+00
55.880000,0.000000000e+00,3.748750000e-01,0.000000000e+00,0.000000000e+00,5.949665141e-24,0.000000000e+00
55.890000,0.000000000e+00,3.748750000e-01,0.000000000e+00,0.000000000e+00,5.890464983e-24,0.000000000e+00
55.900000,0.000000000e+00,3.748750000e-01,0.000000000e+00,0.000000000e+00,5.831853878e-24,0.000000000e+00
55.910000,0.000000000e+00,3.748750000e-01,0.000000000e+00,0.000000000e+00,5.773825962e-24,0.000000000e+00
55.920000,0.000000000e+00,3.748750000e-01,0.000000000e+00,0.000000000e+00,5.716375434e-24,0.000000000e+00
55.930000,0.000000000e+00,3.748750000e-01,0.000000000e+00,0.000000000e+00,5.659496548e-24,0.000000000e+00
55.940000,0.000000000e+00,3.748750000e-01,0.000000000e+00,0.000000000e+00,5.603183616e-24,0.000000000e+00
55.950000,0.000000000e+00,3.748750000e-01,0.000000000e+00,0.000000000e+00,5.547431008e-24,0.000000000e+00
55.960000,0.000000000e+00,3.748750000e-01,0.000000000e+00,0.000000000e+00,5.492233147e-24,0.000000000e+00
55.970000,0.000000000e+00,3.748750000e-01,0.000000000e+00,0.000000000e+00,5.437584514e-24,0.000000000e+00
55.980000,0.000000000e+00,3.748750000e-01,0.000000000e+00,0.000000000e+00,5.383479644e-24,0.000000000e+00
55.990000,0.000000000e+00,3.748750000e-01,0.000000000e+00,0.000000000e+00,5.329913127e-24,0.000000000e+00
56.000000,0.000000000e+00,3.748750000e-01,0.000000000e+00,0.000000000e+00,5.276879605e-24,0.000000000e+00
56.010000,0.000000000e+00,3.748750000e-01,0.000000000e+00,0.000000000e+00,5.224373776e-24,0.000000000e+00
56.020000,0.000000000e+00,3.748750000e-01,0.000000000e+00,0.000000000e+00,5.172390388e-24,0.000000000e+00
56.030000,0.000000000e+00,3.748750000e-01,0.000000000e+00,0.000000000e+00,5.120924244e-24,0.000000000e+00
56.040000,0.000000000e+00,3.748750000e-01,0.000000000e+00,0.000000000e+00,5.069970196e-24,0.000000000e+00
56.050000,0.000000000e+00,3.748750000e-01,0.000000000e+00,0.000000000e+00,5.019523150e-24,0.000000000e+00
56.060000,0.000000000e+00,3.748750000e-01,0.000000000e+00,0.000000000e+00,4.969578060e-24,0.000000000e+00
56.070000,0.000000000e+00,3.748750000e-01,0.000000000e+00,0.000000000e+00,4.920129932e-24,0.000000000e+00
56.080000,0.000000000e+00,3.748750000e-01,0.000000000e+00,0.000000000e+00,4.871173821e-24,0.000000000e+00
56.090000,0.000000000e+00,3.748750000e-01,0.000000000e+00,0.000000000e+00,4.822704832e-24,0.000000000e+00
56.100000,0.000000000e+00,3.748750000e-01,0.000000000e+00,0.000000000e+00,4.774718117e-24,0.000000000e+00
56.110000,0.000000000e+00,3.748750000e-01,0.000000000e+00,0.000000000e+00,4.727208878e-24,0.000000000e+00
56.120000,0.000000000e+00,3.748750000e-01,0.000000000e+00,0.000000000e+00,4.680172364e-24,0.000000000e+00
56.130000,0.000000000e+00,3.748750000e-01,0.000000000e+00,0.000000000e+00,4.633603871e-24,0.000000000e+00
56.140000,0.000000000e+00,3.748750000e-01,0.000000000e+00,0.000000000e+00,4.587498742e-24,0.000000000e+00
56.150000,0.000000000e+00,3.748750000e-01,0.000000000e+00,0.000000000e+00,4.541852367e-24,0.000000000e+00
56.160000,0.000000000e+00,3.748750000e-01,0.000000000e+00,0.000000000e+00,4.496660181e-24,0.000000000e+00
56.170000,0.000000000e+00,3.748750000e-01,0.000000000e+00,0.000000000e+00,4.451917664e-24,0.000000000e+00
56.180000,0.000000000e+00,3.748750000e-01,0.000000000e+00,0.000000000e+00,4.407620343e-24,0.000000000e+00
56.190000,0.000000000e+00,3.748750000e-01,0.000000000e+00,0.000000000e+00,4.363763788e-24,0.000000000e+00
56.200000,0.000000000e+00,3.748750000e-01,0.000000000e+00,0.000000000e+00,4.320343613e-24,0.000000000e+00
56.210000,0.000000000e+00,3.748750000e-01,0.000000000e+00,0.000000000e+00,4.277355476e-24,0.000000000e+00
56.220000,0.000000000e+00,3.748750000e-01,0.000000000e+00,0.000000000e+00,4.234795078e-24,0.000000000e+00
56.230000,0.000000000e+00,3.748750000e-01,0.000000000e+00,0.000000000e+00,4.192658163e-24,0.000000000e+00
56.240000,0.000000000e+00,3.748750000e-01,0.000000000e+00,0.000000000e+00,4.150940517e-24,0.000000000e+00
56.250000,0.000000000e+00,3.748750000e-01,0.000000000e+00,0.000000000e+00,4.109637969e-24,0.000000000e+00
56.260000,0.000000000e+00,3.748750000e-01,0.000000000e+00,0.000000000e+00,4.068746388e-24,0.000000000e+00
56.270000,0.000000000e+00,3.748750000e-01,0.000000000e+00,0.000000000e+00,4.028261685e-24,0.000000000e+00
56.280000,0.000000000e+00,3.748750000e-01,0.000000000e+00,0.000000000e+00,3.988179811e-24,0.000000000e+00
56.290000,0.000000000e+00,3.748750000e-01,0.000000000e+00,0.000000000e+00,3.948496759e-24,0.000000000e+00
56.300000,0.000000000e+00,3.748750000e-01,0.000000000e+00,0.000000000e+00,3.909208560e-24,0.000000000e+00
56.310000,0.000000000e+00,3.748750000e-01,0.000000000e+00,0.000000000e+00,3.870311285e-24,0.000000000e+00
56.320000,0.000000000e+00,3.748750000e-01,0.000000000e+00,0.000000000e+00,3.831801044e-24,0.000000000e+00
56.330000,0.000000000e+00,3.748750000e-01,0.000000000e+00,0.000000000e+00,3.793673987e-24,0.000000000e+00
56.340000,0.000000000e+00,3.748750000e-01,0.000000000e+00,0.000000000e+00,3.755926300e-24,0.000000000e+00
56.350000,0.000000000e+00,3.748750000e-01,0.000000000e+00,0.000000000e+00,3.718554209e-24,0.000000000e+00
56.360000,0.000000000e+00,3.748750000e-01,0.000000000e+00,0.000000000e+00,3.681553976e-24,0.000000000e+00
56.370000,0.000000000e+00,3.748750000e-01,0.000000000e+00,0.000000000e+00,3.644921902e-24,0.000000000e+00
56.380000,0.000000000e+00,3.748750000e-01,0.000000000e+00,0.000000000e+00,3.608654323e-24,0.000000000e+00
56.390000,0.000000000e+00,3.748750000e-01,0.000000000e+00,0.000000000e+00,3.572747613e-24,0.000000000e+00
56.400000,0.000000000e+00,3.748750000e-01,0.000000000e+00,0.000000000e+00,3.537198180e-24,0.000000000e+00
56.410000,0.000000000e+00,3.748750000e-01,0.000000000e+00,0.000000000e+00,3.502002470e-24,0.000000000e+00
56.420000,0.000000000e+00,3.748750000e-01,0.000000000e+00,0.000000000e+00,3.467156963e-24,0.000000000e+00
56.430000,0.000000000e+00,3.748750000e-01,0.000000000e+00,0.000000000e+00,3.432658175e-24,0.000000000e+00
56.440000,0.000000000e+00,3.748750000e-01,0.000000000e+00,0.000000000e+00,3.398502655e-24,0.000000000e+00
56.450000,0.000000000e+00,3.748750000e-01,0.000000000e+00,0.000000000e+00,3.364686989e-24,0.000000000e+00
56.460000,0.000000000e+00,3.748750000e-01,0.000000000e+00,0.000000000e+00,3.331207794e-24,0.000000000e+00
56.470000,0.000000000e+00,3.748750000e-01,0.000000000e+00,0.000000000e+00,3.298061723e-24,0.000000000e+00
56.480000,0.000000000e+00,3.748750000e-01,0.000000000e+00,0.000000000e+00,3.265245460e-24,0.000000000e+00
56.490000,0.000000000e+00,3.748750000e-01,0.000000000e+00,0.000000000e+00,3.232755725e-24,0.000000000e+00
56.500000,0.000000000e+00,3.748750000e-01,0.000000000e+00,0.000000000e+00,3.200589268e-24,0.000000000e+00
56.510000,0.000000000e+00,3.748750000e-01,0.000000000e+00,0.000000000e+00,3.168742873e-24,0.000000000e+00
56.520000,0.000000000e+00,3.748750000e-01,0.000000000e+00,0.000000000e+00,3.137213354e-24,0.000000000e+00
56.530000,0.000000000e+00,3.748750000e-01,0.000000000e+00,0.000000000e+00,3.105997560e-24,0.000000000e+00
56.540000,0.000000000e+00,3.748750000e-01,0.000000000e+00,0.000000000e+00,3.075092368e-24,0.000000000e+00
56.550000,0.000000000e+00,3.748750000e-01,0.000000000e+00,0.000000000e+00,3.044494688e-24,0.000000000e+00
56.560000,0.000000000e+00,3.748750000e-01,0.000000000e+00,0.000000000e+00,3.014201459e-24,0.000000000e+00
56.570000,0.000000000e+00,3.748750000e-01,0.000000000e+00,0.000000000e+00,2.984209654e-24,0.000000000e+00
56.580000,0.000000000e+00,3.748750000e-01,0.000000000e+00,0.000000000e+00,2.954516272e-24,0.000000000e+00
56.590000,0.000000000e+00,3.748750000e-01,0.000000000e+00,0.000000000e+00,2.925118343e-24,0.000000000e+00
56.600000,0.000000000e+00,3.748750000e-01,0.000000000e+00,0.000000000e+00,2.896012930e-24,0.000000000e+00
56.610000,0.000000000e+00,3.748750000e-01,0.000000000e+00,0.000000000e+00,2.867197120e-24,0.000000000e+00
56.620000,0.000000000e+00,3.748750000e-01,0.000000000e+00,0.000000000e+00,2.838668032e-24,0.000000000e+00
56.630000,0.000000000e+00,3.748750000e-01,0.000000000e+00,0.000000000e+00,2.810422813e-24,0.000000000e+00
56.640000,0.000000000e+00,3.748750000e-01,0.000000000e+00,0.000000000e+00,2.782458638e-24,0.000000000e+00
56.650000,0.000000000e+00,3.748750000e-01,0.000000000e+00,0.000000000e+00,2.754772712e-24,0.000000000e+00
56.660000,0.000000000e+00,3.748750000e-01,0.000000000e+00,0.000000000e+00,2.727362266e-24,0.000000000e+00
56.670000,0.000000000e+00,3.748750000e-01,0.000000000e+00,0.000000000e+00,2.700224558e-24,0.000000000e+00
56.680000,0.000000000e+00,3.748750000e-01,0.000000000e+00,0.000000000e+00,2.673356875e-24,0.000000000e+00
56.690000,0.000000000e+00,3.748750000e-01,0.000000000e+00,0.000000000e+00,2.646756529e-24,0.000000000e+00
56.700000,0.000000000e+00,3.748750000e-01,0.000000000e+00,0.000000000e+00,2.620420862e-24,0.000000000e+00
56.710000,0.000000000e+00,3.748750000e-01,0.000000000e+00,0.000000000e+00,2.594347239e-24,0.000000000e+00
56.720000,0.000000000e+00,3.748750000e-01,0.000000000e+00,0.000000000e+00,2.568533052e-24,0.000000000e+00
56.730000,0.000000000e+00,3.748750000e-01,0.000000000e+00,0.000000000e+00,2.542975721e-24,0.000000000e+00
56.740000,0.000000000e+00,3.748750000e-01,0.000000000e+00,0.000000000e+00,2.517672690e-24,0.000000000e+00
56.750000,0.000000000e+00,3.748750000e-01,0.000000000e+00,0.000000000e+00,2.492621428e-24,0.000000000e+00
56.760000,0.000000000e+00,3.748750000e-01,0.000000000e+00,0.000000000e+00,2.467819431e-24,0.000000000e+00
56.770000,0.000000000e+00,3.748750000e-01,0.000000000e+00,0.000000000e+00,2.443264217e-24,0.000000000e+00
56.780000,0.000000000e+00,3.748750000e-01,0.000000000e+00,0.000000000e+00,2.418953332e-24,0.000000000e+00
56.790000,0.000000000e+00,3.748750000e-01,0.000000000e+00,0.000000000e+00,2.394884344e-24,0.000000000e+00
56.800000,0.000000000e+00,3.748750000e-01,0.000000000e+00,0.000000000e+00,2.371054847e-24,0.000000000e+00
56.810000,0.000000000e+00,3.748750000e-01,0.000000000e+00,0.000000000e+00,2.347462457e-24,0.000000000e+00
56.820000,0.000000000e+00,3.748750000e-01,0.000000000e+00,0.000000000e+00,2.324104815e-24,0.000000000e+00
56.830000,0.000000000e+00,3.748750000e-01,0.000000000e+00,0.000000000e+00,2.300979586e-24,0.000000000e+00
56.840000,0.000000000e+00,3.748750000e-01,0.000000000e+00,0.000000000e+00,2.278084456e-24,0.000000000e+00
56.850000,0.000000000e+00,3.748750000e-01,0.000000000e+00,0.000000000e+00,2.255417137e-24,0.000000000e+00
56.860000,0.000000000e+00,3.748750000e-01,0.000000000e+00,0.000000000e+00,2.232975362e-24,0.000000000e+00
56.870000,0.000000000e+00,3.748750000e-01,0.000000000e+00,0.000000000e+00,2.210756886e-24,0.000000000e+00
56.880000,0.000000000e+00,3.748750000e-01,0.000000000e+00,0.000000000e+00,2.188759487e-24,0.000000000e+00
56.890000,0.000000000e+00,3.748750000e-01,0.000000000e+00,0.000000000e+00,2.166980967e-24,0.000000000e+00
56.900000,0.000000000e+00,3.748750000e-01,0.000000000e+00,0.000000000e+00,2.145419146e-24,0.000000000e+00
56.910000,0.000000000e+00,3.748750000e-01,0.000000000e+00,0.000000000e+00,2.124071868e-24,0.000000000e+00
56.920000,0.000000000e+00,3.748750000e-01,0.000000000e+00,0.000000000e+00,2.102937000e-24,0.000000000e+00
56.930000,0.000000000e+00,3.748750000e-01,0.000000000e+00,0.000000000e+00,2.082012427e-24,0.000000000e+00
56.940000,0.000000000e+00,3.748750000e-01,0.000000000e+00,0.000000000e+00,2.061296058e-24,0.000000000e+00
56.950000,0.000000000e+00,3.748750000e-01,0.000000000e+00,0.000000000e+00,2.040785819e-24,0.000000000e+00
56.960000,0.000000000e+00,3.748750000e-01,0.000000000e+00,0.000000000e+00,2.020479661e-24,0.000000000e+00
56.970000,0.000000000e+00,3.748750000e-01,0.000000000e+00,0.000000000e+00,2.000375553e-24,0.000000000e+00
56.980000,0.000000000e+00,3.748750000e-01,0.000000000e+00,0.000000000e+00,1.980471483e-24,0.000000000e+00
56.990000,0.000000000e+00,3.748750000e-01,0.000000000e+00,0.000000000e+00,1.960765463e-24,0.000000000e+00
57.000000,0.000000000e+00,3.748750000e-01,0.000000000e+00,0.000000000e+00,1.941255520e-24,0.000000000e+00
57.010000,0.000000000e+00,3.748750000e-01,0.000000000e+00,0.000000000e+00,1.921939705e-24,0.000000000e+00
57.020000,0.000000000e+00,3.748750000e-01,0.000000000e+00,0.000000000e+00,1.902816086e-24,0.000000000e+00
57.030000,0.000000000e+00,3.748750000e-01,0.000000000e+00,0.000000000e+00,1.883882749e-24,0.000000000e+00
57.040000,0.000000000e+00,3.748750000e-01,0.000000000e+00,0.000000000e+00,1.865137803e-24,0.000000000e+00
57.050000,0.000000000e+00,3.748750000e-01,0.000000000e+00,0.000000000e+00,1.846579371e-24,0.000000000e+00
57.060000,0.000000000e+00,3.748750000e-01,0.000000000e+00,0.000000000e+00,1.828205600e-24,0.000000000e+00
57.070000,0.000000000e+00,3.748750000e-01,0.000000000e+00,0.000000000e+00,1.810014650e-24,0.000000000e+00
57.080000,0.000000000e+00,3.748750000e-01,0.000000000e+00,0.000000000e+00,1.792004703e-24,0.000000000e+00
57.090000,0.000000000e+00,3.748750000e-01,0.000000000e+00,0.000000000e+00,1.774173959e-24,0.000000000e+00
57.100000,0.000000000e+00,3.748750000e-01,0.000000000e+00,0.000000000e+00,1.756520633e-24,0.000000000e+00
57.110000,0.000000000e+00,3.748750000e-01,0.000000000e+00,0.000000000e+00,1.739042960e-24,0.000000000e+00
57.120000,0.000000000e+00,3.748750000e-01,0.000000000e+00,0.000000000e+00,1.721739194e-24,0.000000000e+00
57.130000,0.000000000e+00,3.748750000e-01,0.000000000e+00,0.000000000e+00,1.704607603e-24,0.000000000e+00
57.140000,0.000000000e+00,3.748750000e-01,0.000000000e+00,0.000000000e+00,1.687646474e-24,0.000000000e+00
57.150000,0.000000000e+00,3.748750000e-01,0.000000000e+00,0.000000000e+00,1.670854111e-24,0.000000000e+00
57.160000,0.000000000e+00,3.748750000e-01,0.000000000e+00,0.000000000e+00,1.654228835e-24,0.000000000e+00
57.170000,0.000000000e+00,3.748750000e-01,0.000000000e+00,0.000000000e+00,1.637768983e-24,0.000000000e+00
57.180000,0.000000000e+00,3.748750000e-01,0.000000000e+00,0.000000000e+00,1.621472909e-24,0.000000000e+00
57.190000,0.000000000e+00,3.748750000e-01,0.000000000e+00,0.000000000e+00,1.605338984e-24,0.000000000e+00
57.200000,0.000000000e+00,3.748750000e-01,0.000000000e+00,0.000000000e+00,1.589365594e-24,0.000000000e+00
57.210000,0.000000000e+00,3.748750000e-01,0.000000000e+00,0.000000000e+00,1.573551142e-24,0.000000000e+00
57.220000,0.000000000e+00,3.748750000e-01,0.000000000e+00,0.000000000e+00,1.557894047e-24,0.000000000e+00
57.230000,0.000000000e+00,3.748750000e-01,0.000000000e+00,0.000000000e+00,1.542392742e-24,0.000000000e+00
57.240000,0.000000000e+00,3.748750000e-01,0.000000000e+00,0.000000000e+00,1.527045678e-24,0.000000000e+00
57.250000,0.000000000e+00,3.748750000e-01,0.000000000e+00,0.000000000e+00,1.511851319e-24,0.000000000e+00
57.260000,0.000000000e+00,3.748750000e-01,0.000000000e+00,0.000000000e+00,1.496808147e-24,0.000000000e+00
57.270000,0.000000000e+00,3.748750000e-01,0.000000000e+00,0.000000000e+00,1.481914658e-24,0.000000000e+00
57.280000,0.000000000e+00,3.748750000e-01,0.000000000e+00,0.000000000e+00,1.467169360e-24,0.000000000e+00
57.290000,0.000000000e+00,3.748750000e-01,0.000000000e+00,0.000000000e+00,1.452570781e-24,0.000000000e+00
57.300000,0.000000000e+00,3.748750000e-01,0.000000000e+00,0.000000000e+00,1.438117461e-24,0.000000000e+00
57.310000,0.000000000e+00,3.748750000e-01,0.000000000e+00,0.000000000e+00,1.423807953e-24,0.000000000e+00
57.320000,0.000000000e+00,3.748750000e-01,0.000000000e+00,0.000000000e+00,1.409640827e-24,0.000000000e+00
57.330000,0.000000000e+00,3.748750000e-01,0.000000000e+00,0.000000000e+00,1.395614666e-24,0.000000000e+00
57.340000,0.000000000e+00,3.748750000e-01,0.000000000e+00,0.000000000e+00,1.381728068e-24,0.000000000e+00
57.350000,0.000000000e+00,3.748750000e-01,0.000000000e+00,0.000000000e+00,1.367979644e-24,0.000000000e+00
57.360000,0.000000000e+00,3.748750000e-01,0.000000000e+00,0.000000000e+00,1.354368019e-24,0.000000000e+00
57.370000,0.000000000e+00,3.748750000e-01,0.000000000e+00,0.000000000e+00,1.340891833e-24,0.000000000e+00
57.380000,0.000000000e+00,3.748750000e-01,0.000000000e+00,0.000000000e+00,1.327549736e-24,0.000000000e+00
57.390000,0.000000000e+00,3.748750000e-01,0.000000000e+00,0.000000000e+00,1.314340395e-24,0.000000000e+00
57.400000,0.000000000e+00,3.748750000e-01,0.000000000e+00,0.000000000e+00,1.301262490e-24,0.000000000e+00
57.410000,0.000000000e+00,3.748750000e-01,0.000000000e+00,0.000000000e+00,1.288314712e-24,0.000000000e+00
57.420000,0.000000000e+00,3.748750000e-01,0.000000000e+00,0.000000000e+00,1.275495766e-24,0.000000000e+00
57.430000,0.000000000e+00,3.748750000e-01,0.000000000e+00,0.000000000e+00,1.262804371e-24,0.000000000e+00
57.440000,0.000000000e+00,3.748750000e-01,0.000000000e+00,0.000000000e+00,1.250239258e-24,0.000000000e+00
57.450000,0.000000000e+00,3.748750000e-01,0.000000000e+00,0.000000000e+00,1.237799169e-24,0.000000000e+00
57.460000,0.000000000e+00,3.748750000e-01,0.000000000e+00,0.000000000e+00,1.225482862e-24,0.000000000e+00
57.470000,0.000000000e+00,3.748750000e-01,0.000000000e+00,0.000000000e+00,1.213289104e-24,0.000000000e+00
57.480000,0.000000000e+00,3.748750000e-01,0.000000000e+00,0.000000000e+00,1.201216675e-24,0.000000000e+00
57.490000,0.000000000e+00,3.748750000e-01,0.000000000e+00,0.000000000e+00,1.189264370e-24,0.000000000e+00
57.500000,0.000000000e+00,3.748750000e-01,0.000000000e+00,0.000000000e+00,1.177430991e-24,0.000000000e+00
57.510000,0.000000000e+00,3.748750000e-01,0.000000000e+00,0.000000000e+00,1.165715357e-24,0.000000000e+00
57.520000,0.000000000e+00,3.748750000e-01,0.000000000e+00,0.000000000e+00,1.154116296e-24,0.000000000e+00
57.530000,0.000000000e+00,3.748750000e-01,0.000000000e+00,0.000000000e+00,1.142632647e-24,0.000000000e+00
57.540000,0.000000000e+00,3.748750000e-01,0.000000000e+00,0.000000000e+00,1.131263262e-24,0.000000000e+00
57.550000,0.000000000e+00,3.748750000e-01,0.000000000e+00,0.000000000e+00,1.120007004e-24,0.000000000e+00
57.560000,0.000000000e+00,3.748750000e-01,0.000000000e+00,0.000000000e+00,1.108862749e-24,0.000000000e+00
57.570000,0.000000000e+00,3.748750000e-01,0.000000000e+00,0.000000000e+00,1.097829380e-24,0.000000000e+00
57.580000,0.000000000e+00,3.748750000e-01,0.000000000e+00,0.000000000e+00,1.086905795e-24,0.000000000e+00
57.590000,0.000000000e+00,3.748750000e-01,0.000000000e+00,0.000000000e+00,1.076090902e-24,0.000000000e+00
57.600000,0.000000000e+00,3.748750000e-01,0.000000000e+00,0.000000000e+00,1.065383618e-24,0.000000000e+00
57.610000,0.000000000e+00,3.748750000e-01,0.000000000e+00,0.000000000e+00,1.054782874e-24,0.000000000e+00
57.620000,0.000000000e+00,3.748750000e-01,0.000000000e+00,0.000000000e+00,1.044287609e-24,0.000000000e+00
57.630000,0.000000000e+00,3.748750000e-01,0.000000000e+00,0.000000000e+00,1.033896774e-24,0.000000000e+00
57.640000,0.000000000e+00,3.748750000e-01,0.000000000e+00,0.000000000e+00,1.023609329e-24,0.000000000e+00
57.650000,0.000000000e+00,3.748750000e-01,0.000000000e+00,0.000000000e+00,1.013424246e-24,0.000000000e+00
57.660000,0.000000000e+00,3.748750000e-01,0.000000000e+00,0.000000000e+00,1.003340506e-24,0.000000000e+00
57.670000,0.000000000e+00,3.748750000e-01,0.000000000e+00,0.000000000e+00,9.933571015e-25,0.000000000e+00
57.680000,0.000000000e+00,3.748750000e-01,0.000000000e+00,0.000000000e+00,9.834730332e-25,0.000000000e+00
57.690000,0.000000000e+00,3.748750000e-01,0.000000000e+00,0.000000000e+00,9.736873130e-25,0.000000000e+00
57.700000,0.000000000e+00,3.748750000e-01,0.000000000e+00,0.000000000e+00,9.639989624e-25,0.000000000e+00
57.710000,0.000000000e+00,3.748750000e-01,0.000000000e+00,0.000000000e+00,9.544070124e-25,0.000000000e+00
57.720000,0.000000000e+00,3.748750000e-01,0.000000000e+00,0.000000000e+00,9.449105040e-25,0.000000000e+00
57.730000,0.000000000e+00,3.748750000e-01,0.000000000e+00,0.000000000e+00,9.355084874e-25,0.000000000e+00
57.740000,0.000000000e+00,3.748750000e-01,0.000000000e+00,0.000000000e+00,9.262000224e-25,0.000000000e+00
57.750000,0.000000000e+00,3.748750000e-01,0.000000000e+00,0.000000000e+00,9.169841782e-25,0.000000000e+00
57.760000,0.000000000e+00,3.748750000e-01,0.000000000e+00,0.000000000e+00,9.078600332e-25,0.000000000e+00
57.770000,0.000000000e+00,3.748750000e-01,0.000000000e+00,0.000000000e+00,8.988266749e-25,0.000000000e+00
57.780000,0.000000000e+00,3.748750000e-01,0.000000000e+00,0.000000000e+00,8.898832001e-25,0.000000000e+00
57.790000,0.000000000e+00,3.748750000e-01,0.000000000e+00,0.000000000e+00,8.810287143e-25,0.000000000e+00
57.800000,0.000000000e+00,3.748750000e-01,0.000000000e+00,0.000000000e+00,8.722623321e-25,0.000000000e+00
57.810000,0.000000000e+00,3.748750000e-01,0.000000000e+00,0.000000000e+00,8.635831769e-25,0.000000000e+00
57.820000,0.000000000e+00,3.748750000e-01,0.000000000e+00,0.000000000e+00,8.549903807e-25,0.000000000e+00
57.830000,0.000000000e+00,3.748750000e-01,0.000000000e+00,0.000000000e+00,8.464830843e-25,0.000000000e+00
57.840000,0.000000000e+00,3.748750000e-01,0.000000000e+00,0.000000000e+00,8.380604369e-25,0.000000000e+00
57.850000,0.000000000e+00,3.748750000e-01,0.000000000e+00,0.000000000e+00,8.297215962e-25,0.000000000e+00
57.860000,0.000000000e+00,3.748750000e-01,0.000000000e+00,0.000000000e+00,8.214657284e-25,0.000000000e+00
57.870000,0.000000000e+00,3.748750000e-01,0.000000000e+00,0.000000000e+00,8.132920078e-25,0.000000000e+00
57.880000,0.000000000e+00,3.748750000e-01,0.000000000e+00,0.000000000e+00,8.051996171e-25,0.000000000e+00
57.890000,0.000000000e+00,3.748750000e-01,0.000000000e+00,0.000000000e+00,7.971877471e-25,0.000000000e+00
57.900000,0.000000000e+00,3.748750000e-01,0.000000000e+00,0.000000000e+00,7.892555964e-25,0.000000000e+00
57.910000,0.000000000e+00,3.748750000e-01,0.000000000e+00,0.000000000e+00,7.814023720e-25,0.000000000e+00
57.920000,0.000000000e+00,3.748750000e-01,0.000000000e+00,0.000000000e+00,7.736272885e-25,0.000000000e+00
57.930000,0.000000000e+00,3.748750000e-01,0.000000000e+00,0.000000000e+00,7.659295684e-25,0.000000000e+00
57.940000,0.000000000e+00,3.748750000e-01,0.000000000e+00,0.000000000e+00,7.583084419e-25,0.000000000e+00
57.950000,0.000000000e+00,3.748750000e-01,0.000000000e+00,0.000000000e+00,7.507631468e-25,0.000000000e+00
57.960000,0.000000000e+00,3.748750000e-01,0.000000000e+00,0.000000000e+00,7.432929287e-25,0.000000000e+00
57.970000,0.000000000e+00,3.748750000e-01,0.000000000e+00,0.000000000e+00,7.358970405e-25,0.000000000e+00
57.980000,0.000000000e+00,3.748750000e-01,0.000000000e+00,0.000000000e+00,7.285747426e-25,0.000000000e+00
57.990000,0.000000000e+00,3.748750000e-01,0.000000000e+00,0.000000000e+00,7.213253027e-25,0.000000000e+00
58.000000,0.000000000e+00,3.748750000e-01,0.000000000e+00,0.000000000e+00,7.141479961e-25,0.000000000e+00
58.010000,0.000000000e+00,3.748750000e-01,0.000000000e+00,0.000000000e+00,7.070421048e-25,0.000000000e+00
58.020000,0.000000000e+00,3.748750000e-01,0.000000000e+00,0.000000000e+00,7.000069183e-25,0.000000000e+00
58.030000,0.000000000e+00,3.748750000e-01,0.000000000e+00,0.000000000e+00,6.930417331e-25,0.000000000e+00
58.040000,0.000000000e+00,3.748750000e-01,0.000000000e+00,0.000000000e+00,6.861458526e-25,0.000000000e+00
58.050000,0.000000000e+00,3.748750000e-01,0.000000000e+00,0.000000000e+00,6.793185873e-25,0.000000000e+00
58.060000,0.000000000e+00,3.748750000e-01,0.000000000e+00,0.000000000e+00,6.725592544e-25,0.000000000e+00
58.070000,0.000000000e+00,3.748750000e-01,0.000000000e+00,0.000000000e+00,6.658671780e-25,0.000000000e+00
58.080000,0.000000000e+00,3.748750000e-01,0.000000000e+00,0.000000000e+00,6.592416889e-25,0.000000000e+00
58.090000,0.000000000e+00,3.748750000e-01,0.000000000e+00,0.000000000e+00,6.526821245e-25,0.000000000e+00
58.100000,0.000000000e+00,3.748750000e-01,0.000000000e+00,0.000000000e+00,6.461878289e-25,0.000000000e+00
58.110000,0.000000000e+00,3.748750000e-01,0.000000000e+00,0.000000000e+00,6.397581525e-25,0.000000000e+00
58.120000,0.000000000e+00,3.748750000e-01,0.000000000e+00,0.000000000e+00,6.333924526e-25,0.000000000e+00
58.130000,0.000000000e+00,3.748750000e-01,0.000000000e+00,0.000000000e+00,6.270900924e-25,0.000000000e+00
58.140000,0.000000000e+00,3.748750000e-01,0.000000000e+00,0.000000000e+00,6.208504417e-25,0.000000000e+00
58.150000,0.000000000e+00,3.748750000e-01,0.000000000e+00,0.000000000e+00,6.146728766e-25,0.000000000e+00
58.160000,0.000000000e+00,3.748750000e-01,0.000000000e+00,0.000000000e+00,6.085567793e-25,0.000000000e+00
58.170000,0.000000000e+00,3.748750000e-01,0.000000000e+00,0.000000000e+00,6.025015381e-25,0.000000000e+00
58.180000,0.000000000e+00,3.748750000e-01,0.000000000e+00,0.000000000e+00,5.965065477e-25,0.000000000e+00
58.190000,0.000000000e+00,3.748750000e-01,0.000000000e+00,0.000000000e+00,5.905712083e-25,0.000000000e+00
58.200000,0.000000000e+00,3.748750000e-01,0.000000000e+00,0.000000000e+00,5.846949266e-25,0.000000000e+00
58.210000,0.000000000e+00,3.748750000e-01,0.000000000e+00,0.000000000e+00,5.788771149e-25,0.000000000e+00
58.220000,0.000000000e+00,3.748750000e-01,0.000000000e+00,0.000000000e+00,5.731171914e-25,0.000000000e+00
58.230000,0.000000000e+00,3.748750000e-01,0.000000000e+00,0.000000000e+00,5.674145800e-25,0.000000000e+00
58.240000,0.000000000e+00,3.748750000e-01,0.000000000e+00,0.000000000e+00,5.617687106e-25,0.000000000e+00
58.250000,0.000000000e+00,3.748750000e-01,0.000000000e+00,0.000000000e+00,5.561790186e-25,0.000000000e+00
58.260000,0.000000000e+00,3.748750000e-01,0.000000000e+00,0.000000000e+00,5.506449449e-25,0.000000000e+00
58.270000,0.000000000e+00,3.748750000e-01,0.000000000e+00,0.000000000e+00,5.451659361e-25,0.000000000e+00
58.280000,0.000000000e+00,3.748750000e-01,0.000000000e+00,0.000000000e+00,5.397414444e-25,0.000000000e+00
58.290000,0.000000000e+00,3.748750000e-01,0.000000000e+00,0.000000000e+00,5.343709273e-25,0.000000000e+00
58.300000,0.000000000e+00,3.748750000e-01,0.000000000e+00,0.000000000e+00,5.290538478e-25,0.000000000e+00
58.310000,0.000000000e+00,3.748750000e-01,0.000000000e+00,0.000000000e+00,5.237896740e-25,0.000000000e+00
58.320000,0.000000000e+00,3.748750000e-01,0.000000000e+00,0.000000000e+00,5.185778797e-25,0.000000000e+00
58.330000,0.000000000e+00,3.748750000e-01,0.000000000e+00,0.000000000e+00,5.134179436e-25,0.000000000e+00
58.340000,0.000000000e+00,3.748750000e-01,0.000000000e+00,0.000000000e+00,5.083093497e-25,0.000000000e+00
58.350000,0.000000000e+00,3.748750000e-01,0.000000000e+00,0.000000000e+00,5.032515871e-25,0.000000000e+00
58.360000,0.000000000e+00,3.748750000e-01,0.000000000e+00,0.000000000e+00,4.982441502e-25,0.000000000e+00
58.370000,0.000000000e+00,3.748750000e-01,0.000000000e+00,0.000000000e+00,4.932865381e-25,0.000000000e+00
58.380000,0.000000000e+00,3.748750000e-01,0.000000000e+00,0.000000000e+00,4.883782550e-25,0.000000000e+00
58.390000,0.000000000e+00,3.748750000e-01,0.000000000e+00,0.000000000e+00,4.835188102e-25,0.000000000e+00
58.400000,0.000000000e+00,3.748750000e-01,0.000000000e+00,0.000000000e+00,4.787077176e-25,0.000000000e+00
58.410000,0.000000000e+00,3.748750000e-01,0.000000000e+00,0.000000000e+00,4.739444962e-25,0.000000000e+00
58.420000,0.000000000e+00,3.748750000e-01,0.000000000e+00,0.000000000e+00,4.692286697e-25,0.000000000e+00
58.430000,0.000000000e+00,3.748750000e-01,0.000000000e+00,0.000000000e+00,4.645597664e-25,0.000000000e+00
58.440000,0.000000000e+00,3.748750000e-01,0.000000000e+00,0.000000000e+00,4.599373195e-25,0.000000000e+00
58.450000,0.000000000e+00,3.748750000e-01,0.000000000e+00,0.000000000e+00,4.553608667e-25,0.000000000e+00
58.460000,0.000000000e+00,3.748750000e-01,0.000000000e+00,0.000000000e+00,4.508299504e-25,0.000000000e+00
58.470000,0.000000000e+00,3.748750000e-01,0.000000000e+00,0.000000000e+00,4.463441174e-25,0.000000000e+00
58.480000,0.000000000e+00,3.748750000e-01,0.000000000e+00,0.000000000e+00,4.419029193e-25,0.000000000e+00
58.490000,0.000000000e+00,3.748750000e-01,0.000000000e+00,0.000000000e+00,4.375059118e-25,0.000000000e+00
58.500000,0.000000000e+00,3.748750000e-01,0.000000000e+00,0.000000000e+00,4.331526552e-25,0.000000000e+00
58.510000,0.000000000e+00,3.748750000e-01,0.000000000e+00,0.000000000e+00,4.288427143e-25,0.000000000e+00
58.520000,0.000000000e+00,3.748750000e-01,0.000000000e+00,0.000000000e+00,4.245756580e-25,0.000000000e+00
58.530000,0.000000000e+00,3.748750000e-01,0.000000000e+00,0.000000000e+00,4.203510596e-25,0.000000000e+00
58.540000,0.000000000e+00,3.748750000e-01,0.000000000e+00,0.000000000e+00,4.161684967e-25,0.000000000e+00
58.550000,0.000000000e+00,3.748750000e-01,0.000000000e+00,0.000000000e+00,4.120275509e-25,0.000000000e+00
58.560000,0.000000000e+00,3.748750000e-01,0.000000000e+00,0.000000000e+00,4.079278083e-25,0.000000000e+00
58.570000,0.000000000e+00,3.748750000e-01,0.000000000e+00,0.000000000e+00,4.038688588e-25,0.000000000e+00
58.580000,0.000000000e+00,3.748750000e-01,0.000000000e+00,0.000000000e+00,3.998502965e-25,0.000000000e+00
58.590000,0.000000000e+00,3.748750000e-01,0.000000000e+00,0.000000000e+00,3.958717196e-25,0.000000000e+00
58.600000,0.000000000e+00,3.748750000e-01,0.000000000e+00,0.000000000e+00,3.919327302e-25,0.000000000e+00
58.610000,0.000000000e+00,3.748750000e-01,0.000000000e+00,0.000000000e+00,3.880329343e-25,0.000000000e+00
58.620000,0.000000000e+00,3.748750000e-01,0.000000000e+00,0.000000000e+00,3.841719421e-25,0.000000000e+00
58.630000,0.000000000e+00,3.748750000e-01,0.000000000e+00,0.000000000e+00,3.803493674e-25,0.000000000e+00
58.640000,0.000000000e+00,3.748750000e-01,0.000000000e+00,0.000000000e+00,3.765648280e-25,0.000000000e+00
58.650000,0.000000000e+00,3.748750000e-01,0.000000000e+00,0.000000000e+00,3.728179453e-25,0.000000000e+00
58.660000,0.000000000e+00,3.748750000e-01,0.000000000e+00,0.000000000e+00,3.691083448e-25,0.000000000e+00
58.670000,0.000000000e+00,3.748750000e-01,0.000000000e+00,0.000000000e+00,3.654356554e-25,0.000000000e+00
58.680000,0.000000000e+00,3.748750000e-01,0.000000000e+00,0.000000000e+00,3.617995099e-25,0.000000000e+00
58.690000,0.000000000e+00,3.748750000e-01,0.000000000e+00,0.000000000e+00,3.581995446e-25,0.000000000e+00
58.700000,0.000000000e+00,3.748750000e-01,0.000000000e+00,0.000000000e+00,3.546353996e-25,0.000000000e+00
58.710000,0.000000000e+00,3.748750000e-01,0.000000000e+00,0.000000000e+00,3.511067184e-25,0.000000000e+00
58.720000,0.000000000e+00,3.748750000e-01,0.000000000e+00,0.000000000e+00,3.476131482e-25,0.000000000e+00
58.730000,0.000000000e+00,3.748750000e-01,0.000000000e+00,0.000000000e+00,3.441543396e-25,0.000000000e+00
58.740000,0.000000000e+00,3.748750000e-01,0.000000000e+00,0.000000000e+00,3.407299467e-25,0.000000000e+00
58.750000,0.000000000e+00,3.748750000e-01,0.000000000e+00,0.000000000e+00,3.373396271e-25,0.000000000e+00
58.760000,0.000000000e+00,3.748750000e-01,0.000000000e+00,0.000000000e+00,3.339830417e-25,0.000000000e+00
58.770000,0.000000000e+00,3.748750000e-01,0.000000000e+00,0.000000000e+00,3.306598549e-25,0.000000000e+00
58.780000,0.000000000e+00,3.748750000e-01,0.000000000e+00,0.000000000e+00,3.273697344e-25,0.000000000e+00
58.790000,0.000000000e+00,3.748750000e-01,0.000000000e+00,0.000000000e+00,3.241123511e-25,0.000000000e+00
58.800000,0.000000000e+00,3.748750000e-01,0.000000000e+00,0.000000000e+00,3.208873793e-25,0.000000000e+00
58.810000,0.000000000e+00,3.748750000e-01,0.000000000e+00,0.000000000e+00,3.176944965e-25,0.000000000e+00
58.820000,0.000000000e+00,3.748750000e-01,0.000000000e+00,0.000000000e+00,3.145333835e-25,0.000000000e+00
58.830000,0.000000000e+00,3.748750000e-01,0.000000000e+00,0.000000000e+00,3.114037240e-25,0.000000000e+00
58.840000,0.000000000e+00,3.748750000e-01,0.000000000e+00,0.000000000e+00,3.083052052e-25,0.000000000e+00
58.850000,0.000000000e+00,3.748750000e-01,0.000000000e+00,0.000000000e+00,3.052375172e-25,0.000000000e+00
58.860000,0.000000000e+00,3.748750000e-01,0.000000000e+00,0.000000000e+00,3.022003531e-25,0.000000000e+00
58.870000,0.000000000e+00,3.748750000e-01,0.000000000e+00,0.000000000e+00,2.991934094e-25,0.000000000e+00
58.880000,0.000000000e+00,3.748750000e-01,0.000000000e+00,0.000000000e+00,2.962163852e-25,0.000000000e+00
58.890000,0.000000000e+00,3.748750000e-01,0.000000000e+00,0.000000000e+00,2.932689829e-25,0.000000000e+00
58.900000,0.000000000e+00,3.748750000e-01,0.000000000e+00,0.000000000e+00,2.903509078e-25,0.000000000e+00
58.910000,0.000000000e+00,3.748750000e-01,0.000000000e+00,0.000000000e+00,2.874618680e-25,0.000000000e+00
58.920000,0.000000000e+00,3.748750000e-01,0.000000000e+00,0.000000000e+00,2.846015746e-25,0.000000000e+00
58.930000,0.000000000e+00,3.748750000e-01,0.000000000e+00,0.000000000e+00,2.817697416e-25,0.000000000e+00
58.940000,0.000000000e+00,3.748750000e-01,0.000000000e+00,0.000000000e+00,2.789660859e-25,0.000000000e+00
58.950000,0.000000000e+00,3.748750000e-01,0.000000000e+00,0.000000000e+00,2.761903269e-25,0.000000000e+00
58.960000,0.000000000e+00,3.748750000e-01,0.000000000e+00,0.000000000e+00,2.734421872e-25,0.000000000e+00
58.970000,0.000000000e+00,3.748750000e-01,0.000000000e+00,0.000000000e+00,2.707213920e-25,0.000000000e+00
58.980000,0.000000000e+00,3.748750000e-01,0.000000000e+00,0.000000000e+00,2.680276692e-25,0.000000000e+00
58.990000,0.000000000e+00,3.748750000e-01,0.000000000e+00,0.000000000e+00,2.653607493e-25,0.000000000e+00
59.000000,0.000000000e+00,3.748750000e-01,0.000000000e+00,0.000000000e+00,2.627203657e-25,0.000000000e+00
59.010000,0.000000000e+00,3.748750000e-01,0.000000000e+00,0.000000000e+00,2.601062544e-25,0.000000000e+00
59.020000,0.000000000e+00,3.748750000e-01,0.000000000e+00,0.000000000e+00,2.575181539e-25,0.000000000e+00
59.030000,0.000000000e+00,3.748750000e-01,0.000000000e+00,0.000000000e+00,2.549558055e-25,0.000000000e+00
59.040000,0.000000000e+00,3.748750000e-01,0.000000000e+00,0.000000000e+00,2.524189528e-25,0.000000000e+00
59.050000,0.000000000e+00,3.748750000e-01,0.000000000e+00,0.000000000e+00,2.499073423e-25,0.000000000e+00
59.060000,0.000000000e+00,3.748750000e-01,0.000000000e+00,0.000000000e+00,2.474207227e-25,0.000000000e+00
59.070000,0.000000000e+00,3.748750000e-01,0.000000000e+00,0.000000000e+00,2.449588454e-25,0.000000000e+00
59.080000,0.000000000e+00,3.748750000e-01,0.000000000e+00,0.000000000e+00,2.425214641e-25,0.000000000e+00
59.090000,0.000000000e+00,3.748750000e-01,0.000000000e+00,0.000000000e+00,2.401083352e-25,0.000000000e+00
59.100000,0.000000000e+00,3.748750000e-01,0.000000000e+00,0.000000000e+00,2.377192174e-25,0.000000000e+00
59.110000,0.000000000e+00,3.748750000e-01,0.000000000e+00,0.000000000e+00,2.353538717e-25,0.000000000e+00
59.120000,0.000000000e+00,3.748750000e-01,0.000000000e+00,0.000000000e+00,2.330120615e-25,0.000000000e+00
59.130000,0.000000000e+00,3.748750000e-01,0.000000000e+00,0.000000000e+00,2.306935528e-25,0.000000000e+00
59.140000,0.000000000e+00,3.748750000e-01,0.000000000e+00,0.000000000e+00,2.283981136e-25,0.000000000e+00
59.150000,0.000000000e+00,3.748750000e-01,0.000000000e+00,0.000000000e+00,2.261255144e-25,0.000000000e+00
59.160000,0.000000000e+00,3.748750000e-01,0.000000000e+00,0.000000000e+00,2.238755279e-25,0.000000000e+00
59.170000,0.000000000e+00,3.748750000e-01,0.000000000e+00,0.000000000e+00,2.216479292e-25,0.000000000e+00
59.180000,0.000000000e+00,3.748750000e-01,0.000000000e+00,0.000000000e+00,2.194424954e-25,0.000000000e+00
59.190000,0.000000000e+00,3.748750000e-01,0.000000000e+00,0.000000000e+00,2.172590061e-25,0.000000000e+00
59.200000,0.000000000e+00,3.748750000e-01,0.000000000e+00,0.000000000e+00,2.150972429e-25,0.000000000e+00
59.210000,0.000000000e+00,3.748750000e-01,0.000000000e+00,0.000000000e+00,2.129569896e-25,0.000000000e+00
59.220000,0.000000000e+00,3.748750000e-01,0.000000000e+00,0.000000000e+00,2.108380321e-25,0.000000000e+00
59.230000,0.000000000e+00,3.748750000e-01,0.000000000e+00,0.000000000e+00,2.087401586e-25,0.000000000e+00
59.240000,0.000000000e+00,3.748750000e-01,0.000000000e+00,0.000000000e+00,2.066631594e-25,0.000000000e+00
59.250000,0.000000000e+00,3.748750000e-01,0.000000000e+00,0.000000000e+00,2.046068266e-25,0.000000000e+00
59.260000,0.000000000e+00,3.748750000e-01,0.000000000e+00,0.000000000e+00,2.025709546e-25,0.000000000e+00
59.270000,0.000000000e+00,3.748750000e-01,0.000000000e+00,0.000000000e+00,2.005553399e-25,0.000000000e+00
59.280000,0.000000000e+00,3.748750000e-01,0.000000000e+00,0.000000000e+00,1.985597810e-25,0.000000000e+00
59.290000,0.000000000e+00,3.748750000e-01,0.000000000e+00,0.000000000e+00,1.965840781e-25,0.000000000e+00
59.300000,0.000000000e+00,3.748750000e-01,0.000000000e+00,0.000000000e+00,1.946280339e-25,0.000000000e+00
59.310000,0.000000000e+00,3.748750000e-01,0.000000000e+00,0.000000000e+00,1.926914526e-25,0.000000000e+00
59.320000,0.000000000e+00,3.748750000e-01,0.000000000e+00,0.000000000e+00,1.907741406e-25,0.000000000e+00
59.330000,0.000000000e+00,3.748750000e-01,0.000000000e+00,0.000000000e+00,1.888759062e-25,0.000000000e+00
59.340000,0.000000000e+00,3.748750000e-01,0.000000000e+00,0.000000000e+00,1.869965595e-25,0.000000000e+00
59.350000,0.000000000e+00,3.748750000e-01,0.000000000e+00,0.000000000e+00,1.851359127e-25,0.000000000e+00
59.360000,0.000000000e+00,3.748750000e-01,0.000000000e+00,0.000000000e+00,1.832937796e-25,0.000000000e+00
59.370000,0.000000000e+00,3.748750000e-01,0.000000000e+00,0.000000000e+00,1.814699760e-25,0.000000000e+00
59.380000,0.000000000e+00,3.748750000e-01,0.000000000e+00,0.000000000e+00,1.796643195e-25,0.000000000e+00
59.390000,0.000000000e+00,3.748750000e-01,0.000000000e+00,0.000000000e+00,1.778766297e-25,0.000000000e+00
59.400000,0.000000000e+00,3.748750000e-01,0.000000000e+00,0.000000000e+00,1.761067277e-25,0.000000000e+00
59.410000,0.000000000e+00,3.748750000e-01,0.000000000e+00,0.000000000e+00,1.743544364e-25,0.000000000e+00
59.420000,0.000000000e+00,3.748750000e-01,0.000000000e+00,0.000000000e+00,1.726195808e-25,0.000000000e+00
59.430000,0.000000000e+00,3.748750000e-01,0.000000000e+00,0.000000000e+00,1.709019873e-25,0.000000000e+00
59.440000,0.000000000e+00,3.748750000e-01,0.000000000e+00,0.000000000e+00,1.692014841e-25,0.000000000e+00
59.450000,0.000000000e+00,3.748750000e-01,0.000000000e+00,0.000000000e+00,1.675179012e-25,0.000000000e+00
59.460000,0.000000000e+00,3.748750000e-01,0.000000000e+00,0.000000000e+00,1.658510702e-25,0.000000000e+00
59.470000,0.000000000e+00,3.748750000e-01,0.000000000e+00,0.000000000e+00,1.642008245e-25,0.000000000e+00
59.480000,0.000000000e+00,3.748750000e-01,0.000000000e+00,0.000000000e+00,1.625669990e-25,0.000000000e+00
59.490000,0.000000000e+00,3.748750000e-01,0.000000000e+00,0.000000000e+00,1.609494303e-25,0.000000000e+00
59.500000,0.000000000e+00,3.748750000e-01,0.000000000e+00,0.000000000e+00,1.593479568e-25,0.000000000e+00
59.510000,0.000000000e+00,3.748750000e-01,0.000000000e+00,0.000000000e+00,1.577624181e-25,0.000000000e+00
59.520000,0.000000000e+00,3.748750000e-01,0.000000000e+00,0.000000000e+00,1.561926558e-25,0.000000000e+00
59.530000,0.000000000e+00,3.748750000e-01,0.000000000e+00,0.000000000e+00,1.546385129e-25,0.000000000e+00
59.540000,0.000000000e+00,3.748750000e-01,0.000000000e+00,0.000000000e+00,1.530998340e-25,0.000000000e+00
59.550000,0.000000000e+00,3.748750000e-01,0.000000000e+00,0.000000000e+00,1.515764652e-25,0.000000000e+00
59.560000,0.000000000e+00,3.748750000e-01,0.000000000e+00,0.000000000e+00,1.500682542e-25,0.000000000e+00
59.570000,0.000000000e+00,3.748750000e-01,0.000000000e+00,0.000000000e+00,1.485750501e-25,0.000000000e+00
59.580000,0.000000000e+00,3.748750000e-01,0.000000000e+00,0.000000000e+00,1.470967036e-25,0.000000000e+00
59.590000,0.000000000e+00,3.748750000e-01,0.000000000e+00,0.000000000e+00,1.456330670e-25,0.000000000e+00
59.600000,0.000000000e+00,3.748750000e-01,0.000000000e+00,0.000000000e+00,1.441839938e-25,0.000000000e+00
59.610000,0.000000000e+00,3.748750000e-01,0.000000000e+00,0.000000000e+00,1.427493390e-25,0.000000000e+00
59.620000,0.000000000e+00,3.748750000e-01,0.000000000e+00,0.000000000e+00,1.413289594e-25,0.000000000e+00
59.630000,0.000000000e+00,3.748750000e-01,0.000000000e+00,0.000000000e+00,1.399227128e-25,0.000000000e+00
59.640000,0.000000000e+00,3.748750000e-01,0.000000000e+00,0.000000000e+00,1.385304585e-25,0.000000000e+00
59.650000,0.000000000e+00,3.748750000e-01,0.000000000e+00,0.000000000e+00,1.371520574e-25,0.000000000e+00
59.660000,0.000000000e+00,3.748750000e-01,0.000000000e+00,0.000000000e+00,1.357873716e-25,0.000000000e+00
59.670000,0.000000000e+00,3.748750000e-01,0.000000000e+00,0.000000000e+00,1.344362647e-25,0.000000000e+00
59.680000,0.000000000e+00,3.748750000e-01,0.000000000e+00,0.000000000e+00,1.330986015e-25,0.000000000e+00
59.690000,0.000000000e+00,3.748750000e-01,0.000000000e+00,0.000000000e+00,1.317742483e-25,0.000000000e+00
59.700000,0.000000000e+00,3.748750000e-01,0.000000000e+00,0.000000000e+00,1.304630726e-25,0.000000000e+00
59.710000,0.000000000e+00,3.748750000e-01,0.000000000e+00,0.000000000e+00,1.291649434e-25,0.000000000e+00
59.720000,0.000000000e+00,3.748750000e-01,0.000000000e+00,0.000000000e+00,1.278797307e-25,0.000000000e+00
59.730000,0.000000000e+00,3.748750000e-01,0.000000000e+00,0.000000000e+00,1.266073061e-25,0.000000000e+00
59.740000,0.000000000e+00,3.748750000e-01,0.000000000e+00,0.000000000e+00,1.253475424e-25,0.000000000e+00
59.750000,0.000000000e+00,3.748750000e-01,0.000000000e+00,0.000000000e+00,1.241003135e-25,0.000000000e+00
59.760000,0.000000000e+00,3.748750000e-01,0.000000000e+00,0.000000000e+00,1.228654948e-25,0.000000000e+00
59.770000,0.000000000e+00,3.748750000e-01,0.000000000e+00,0.000000000e+00,1.216429627e-25,0.000000000e+00
59.780000,0.000000000e+00,3.748750000e-01,0.000000000e+00,0.000000000e+00,1.204325950e-25,0.000000000e+00
59.790000,0.000000000e+00,3.748750000e-01,0.000000000e+00,0.000000000e+00,1.192342706e-25,0.000000000e+00
59.800000,0.000000000e+00,3.748750000e-01,0.000000000e+00,0.000000000e+00,1.180478698e-25,0.000000000e+00
59.810000,0.000000000e+00,3.748750000e-01,0.000000000e+00,0.000000000e+00,1.168732739e-25,0.000000000e+00
59.820000,0.000000000e+00,3.748750000e-01,0.000000000e+00,0.000000000e+00,1.157103654e-25,0.000000000e+00
59.830000,0.000000000e+00,3.748750000e-01,0.000000000e+00,0.000000000e+00,1.145590280e-25,0.000000000e+00
59.840000,0.000000000e+00,3.748750000e-01,0.000000000e+00,0.000000000e+00,1.134191466e-25,0.000000000e+00
59.850000,0.000000000e+00,3.748750000e-01,0.000000000e+00,0.000000000e+00,1.122906072e-25,0.000000000e+00
59.860000,0.000000000e+00,3.748750000e-01,0.000000000e+00,0.000000000e+00,1.111732970e-25,0.000000000e+00
59.870000,0.000000000e+00,3.748750000e-01,0.000000000e+00,0.000000000e+00,1.100671042e-25,0.000000000e+00
59.880000,0.000000000e+00,3.748750000e-01,0.000000000e+00,0.000000000e+00,1.089719183e-25,0.000000000e+00
59.890000,0.000000000e+00,3.748750000e-01,0.000000000e+00,0.000000000e+00,1.078876296e-25,0.000000000e+00
59.900000,0.000000000e+00,3.748750000e-01,0.000000000e+00,0.000000000e+00,1.068141297e-25,0.000000000e+00
59.910000,0.000000000e+00,3.748750000e-01,0.000000000e+00,0.000000000e+00,1.057513114e-25,0.000000000e+00
59.920000,0.000000000e+00,3.748750000e-01,0.000000000e+00,0.000000000e+00,1.046990682e-25,0.000000000e+00
59.930000,0.000000000e+00,3.748750000e-01,0.000000000e+00,0.000000000e+00,1.036572951e-25,0.000000000e+00
59.940000,0.000000000e+00,3.748750000e-01,0.000000000e+00,0.000000000e+00,1.026258878e-25,0.000000000e+00
59.950000,0.000000000e+00,3.748750000e-01,0.000000000e+00,0.000000000e+00,1.016047431e-25,0.000000000e+00
59.960000,0.000000000e+00,3.748750000e-01,0.000000000e+00,0.000000000e+00,1.005937590e-25,0.000000000e+00
59.970000,0.000000000e+00,3.748750000e-01,0.000000000e+00,0.000000000e+00,9.959283442e-26,0.000000000e+00
59.980000,0.000000000e+00,3.748750000e-01,0.000000000e+00,0.000000000e+00,9.860186916e-26,0.000000000e+00
59.990000,0.000000000e+00,3.748750000e-01,0.000000000e+00,0.000000000e+00,9.762076417e-26,0.000000000e+00
60.000000,0.000000000e+00,3.748750000e-01,0.000000000e+00,0.000000000e+00,9.664942134e-26,0.000000000e+00
60.010000,0.000000000e+00,3.748750000e-01,0.000000000e+00,0.000000000e+00,9.568774353e-26,0.000000000e+00
60.020000,0.000000000e+00,3.748750000e-01,0.000000000e+00,0.000000000e+00,9.473563457e-26,0.000000000e+00
60.030000,0.000000000e+00,3.748750000e-01,0.000000000e+00,0.000000000e+00,9.379299926e-26,0.000000000e+00
60.040000,0.000000000e+00,3.748750000e-01,0.000000000e+00,0.000000000e+00,9.285974332e-26,0.000000000e+00
60.050000,0.000000000e+00,3.748750000e-01,0.000000000e+00,0.000000000e+00,9.193577344e-26,0.000000000e+00
60.060000,0.000000000e+00,3.748750000e-01,0.000000000e+00,0.000000000e+00,9.102099721e-26,0.000000000e+00
60.070000,0.000000000e+00,3.748750000e-01,0.000000000e+00,0.000000000e+00,9.011532315e-26,0.000000000e+00
60.080000,0.000000000e+00,3.748750000e-01,0.000000000e+00,0.000000000e+00,8.921866071e-26,0.000000000e+00
60.090000,0.000000000e+00,3.748750000e-01,0.000000000e+00,0.000000000e+00,8.833092020e-26,0.000000000e+00
60.100000,0.000000000e+00,3.748750000e-01,0.000000000e+00,0.000000000e+00,8.745201286e-26,0.000000000e+00
60.110000,0.000000000e+00,3.748750000e-01,0.000000000e+00,0.000000000e+00,8.658185079e-26,0.000000000e+00
60.120000,0.000000000e+00,3.748750000e-01,0.000000000e+00,0.000000000e+00,8.572034698e-26,0.000000000e+00
60.130000,0.000000000e+00,3.748750000e-01,0.000000000e+00,0.000000000e+00,8.486741528e-26,0.000000000e+00
60.140000,0.000000000e+00,3.748750000e-01,0.000000000e+00,0.000000000e+00,8.402297039e-26,0.000000000e+00
60.150000,0.000000000e+00,3.748750000e-01,0.000000000e+00,0.000000000e+00,8.318692786e-26,0.000000000e+00
60.160000,0.000000000e+00,3.748750000e-01,0.000000000e+00,0.000000000e+00,8.235920410e-26,0.000000000e+00
60.170000,0.000000000e+00,3.748750000e-01,0.000000000e+00,0.000000000e+00,8.153971633e-26,0.000000000e+00
60.180000,0.000000000e+00,3.748750000e-01,0.000000000e+00,0.000000000e+00,8.072838259e-26,0.000000000e+00
60.190000,0.000000000e+00,3.748750000e-01,0.000000000e+00,0.000000000e+00,7.992512177e-26,0.000000000e+00
60.200000,0.000000000e+00,3.748750000e-01,0.000000000e+00,0.000000000e+00,7.912985352e-26,0.000000000e+00
60.210000,0.000000000e+00,3.748750000e-01,0.000000000e+00,0.000000000e+00,7.834249832e-26,0.000000000e+00
60.220000,0.000000000e+00,3.748750000e-01,0.000000000e+00,0.000000000e+00,7.756297744e-26,0.000000000e+00
60.230000,0.000000000e+00,3.748750000e-01,0.000000000e+00,0.000000000e+00,7.679121292e-26,0.000000000e+00
60.240000,0.000000000e+00,3.748750000e-01,0.000000000e+00,0.000000000e+00,7.602712758e-26,0.000000000e+00
60.250000,0.000000000e+00,3.748750000e-01,0.000000000e+00,0.000000000e+00,7.527064502e-26,0.000000000e+00
60.260000,0.000000000e+00,3.748750000e-01,0.000000000e+00,0.000000000e+00,7.452168959e-26,0.000000000e+00
60.270000,0.000000000e+00,3.748750000e-01,0.000000000e+00,0.000000000e+00,7.378018639e-26,0.000000000e+00
60.280000,0.000000000e+00,3.748750000e-01,0.000000000e+00,0.000000000e+00,7.304606127e-26,0.000000000e+00
60.290000,0.000000000e+00,3.748750000e-01,0.000000000e+00,0.000000000e+00,7.231924082e-26,0.000000000e+00
60.300000,0.000000000e+00,3.748750000e-01,0.000000000e+00,0.000000000e+00,7.159965235e-26,0.000000000e+00
60.310000,0.000000000e+00,3.748750000e-01,0.000000000e+00,0.000000000e+00,7.088722390e-26,0.000000000e+00
60.320000,0.000000000e+00,3.748750000e-01,0.000000000e+00,0.000000000e+00,7.018188424e-26,0.000000000e+00
60.330000,0.000000000e+00,3.748750000e-01,0.000000000e+00,0.000000000e+00,6.948356282e-26,0.000000000e+00
60.340000,0.000000000e+00,3.748750000e-01,0.000000000e+00,0.000000000e+00,6.879218982e-26,0.000000000e+00
60.350000,0.000000000e+00,3.748750000e-01,0.000000000e+00,0.000000000e+00,6.810769610e-26,0.000000000e+00
60.360000,0.000000000e+00,3.748750000e-01,0.000000000e+00,0.000000000e+00,6.743001320e-26,0.000000000e+00
60.370000,0.000000000e+00,3.748750000e-01,0.000000000e+00,0.000000000e+00,6.675907336e-26,0.000000000e+00
60.380000,0.000000000e+00,3.748750000e-01,0.000000000e+00,0.000000000e+00,6.609480948e-26,0.000000000e+00
60.390000,0.000000000e+00,3.748750000e-01,0.000000000e+00,0.000000000e+00,6.543715513e-26,0.000000000e+00
60.400000,0.000000000e+00,3.748750000e-01,0.000000000e+00,0.000000000e+00,6.478604456e-26,0.000000000e+00
60.410000,0.000000000e+00,3.748750000e-01,0.000000000e+00,0.000000000e+00,6.414141265e-26,0.000000000e+00
60.420000,0.000000000e+00,3.748750000e-01,0.000000000e+00,0.000000000e+00,6.350319493e-26,0.000000000e+00
60.430000,0.000000000e+00,3.748750000e-01,0.000000000e+00,0.000000000e+00,6.287132758e-26,0.000000000e+00
60.440000,0.000000000e+00,3.748750000e-01,0.000000000e+00,0.000000000e+00,6.224574742e-26,0.000000000e+00
60.450000,0.000000000e+00,3.748750000e-01,0.000000000e+00,0.000000000e+00,6.162639188e-26,0.000000000e+00
60.460000,0.000000000e+00,3.748750000e-01,0.000000000e+00,0.000000000e+00,6.101319904e-26,0.000000000e+00
60.470000,0.000000000e+00,3.748750000e-01,0.000000000e+00,0.000000000e+00,6.040610757e-26,0.000000000e+00
60.480000,0.000000000e+00,3.748750000e-01,0.000000000e+00,0.000000000e+00,5.980505675e-26,0.000000000e+00
60.490000,0.000000000e+00,3.748750000e-01,0.000000000e+00,0.000000000e+00,5.920998650e-26,0.000000000e+00
60.500000,0.000000000e+00,3.748750000e-01,0.000000000e+00,0.000000000e+00,5.862083729e-26,0.000000000e+00
60.510000,0.000000000e+00,3.748750000e-01,0.000000000e+00,0.000000000e+00,5.803755021e-26,0.000000000e+00
60.520000,0.000000000e+00,3.748750000e-01,0.000000000e+00,0.000000000e+00,5.746006694e-26,0.000000000e+00
60.530000,0.000000000e+00,3.748750000e-01,0.000000000e+00,0.000000000e+00,5.688832972e-26,0.000000000e+00
60.540000,0.000000000e+00,3.748750000e-01,0.000000000e+00,0.000000000e+00,5.632228138e-26,0.000000000e+00
60.550000,0.000000000e+00,3.748750000e-01,0.000000000e+00,0.000000000e+00,5.576186532e-26,0.000000000e+00
60.560000,0.000000000e+00,3.748750000e-01,0.000000000e+00,0.000000000e+00,5.520702549e-26,0.000000000e+00
60.570000,0.000000000e+00,3.748750000e-01,0.000000000e+00,0.000000000e+00,5.465770640e-26,0.000000000e+00
60.580000,0.000000000e+00,3.748750000e-01,0.000000000e+00,0.000000000e+00,5.411385314e-26,0.000000000e+00
60.590000,0.000000000e+00,3.748750000e-01,0.000000000e+00,0.000000000e+00,5.357541130e-26,0.000000000e+00
60.600000,0.000000000e+00,3.748750000e-01,0.000000000e+00,0.000000000e+00,5.304232705e-26,0.000000000e+00
60.610000,0.000000000e+00,3.748750000e-01,0.000000000e+00,0.000000000e+00,5.251454708e-26,0.000000000e+00
60.620000,0.000000000e+00,3.748750000e-01,0.000000000e+00,0.000000000e+00,5.199201861e-26,0.000000000e+00
60.630000,0.000000000e+00,3.748750000e-01,0.000000000e+00,0.000000000e+00,5.147468938e-26,0.000000000e+00
60.640000,0.000000000e+00,3.748750000e-01,0.000000000e+00,0.000000000e+00,5.096250766e-26,0.000000000e+00
60.650000,0.000000000e+00,3.748750000e-01,0.000000000e+00,0.000000000e+00,5.045542224e-26,0.000000000e+00
60.660000,0.000000000e+00,3.748750000e-01,0.000000000e+00,0.000000000e+00,4.995338240e-26,0.000000000e+00
60.670000,0.000000000e+00,3.748750000e-01,0.000000000e+00,0.000000000e+00,4.945633794e-26,0.000000000e+00
60.680000,0.000000000e+00,3.748750000e-01,0.000000000e+00,0.000000000e+00,4.896423915e-26,0.000000000e+00
60.690000,0.000000000e+00,3.748750000e-01,0.000000000e+00,0.000000000e+00,4.847703683e-26,0.000000000e+00
60.700000,0.000000000e+00,3.748750000e-01,0.000000000e+00,0.000000000e+00,4.799468226e-26,0.000000000e+00
60.710000,0.000000000e+00,3.748750000e-01,0.000000000e+00,0.000000000e+00,4.751712719e-26,0.000000000e+00
60.720000,0.000000000e+00,3.748750000e-01,0.000000000e+00,0.000000000e+00,4.704432388e-26,0.000000000e+00
60.730000,0.000000000e+00,3.748750000e-01,0.000000000e+00,0.000000000e+00,4.657622503e-26,0.000000000e+00
60.740000,0.000000000e+00,3.748750000e-01,0.000000000e+00,0.000000000e+00,4.611278385e-26,0.000000000e+00
60.750000,0.000000000e+00,3.748750000e-01,0.000000000e+00,0.000000000e+00,4.565395398e-26,0.000000000e+00
60.760000,0.000000000e+00,3.748750000e-01,0.000000000e+00,0.000000000e+00,4.519968955e-26,0.000000000e+00
60.770000,0.000000000e+00,3.748750000e-01,0.000000000e+00,0.000000000e+00,4.474994513e-26,0.000000000e+00
60.780000,0.000000000e+00,3.748750000e-01,0.000000000e+00,0.000000000e+00,4.430467573e-26,0.000000000e+00
60.790000,0.000000000e+00,3.748750000e-01,0.000000000e+00,0.000000000e+00,4.386383684e-26,0.000000000e+00
60.800000,0.000000000e+00,3.748750000e-01,0.000000000e+00,0.000000000e+00,4.342738437e-26,0.000000000e+00
60.810000,0.000000000e+00,3.748750000e-01,0.000000000e+00,0.000000000e+00,4.299527468e-26,0.000000000e+00
60.820000,0.000000000e+00,3.748750000e-01,0.000000000e+00,0.000000000e+00,4.256746455e-26,0.000000000e+00
60.830000,0.000000000e+00,3.748750000e-01,0.000000000e+00,0.000000000e+00,4.214391120e-26,0.000000000e+00
60.840000,0.000000000e+00,3.748750000e-01,0.000000000e+00,0.000000000e+00,4.172457228e-26,0.000000000e+00
60.850000,0.000000000e+00,3.748750000e-01,0.000000000e+00,0.000000000e+00,4.130940585e-26,0.000000000e+00
60.860000,0.000000000e+00,3.748750000e-01,0.000000000e+00,0.000000000e+00,4.089837039e-26,0.000000000e+00
60.870000,0.000000000e+00,3.748750000e-01,0.000000000e+00,0.000000000e+00,4.049142481e-26,0.000000000e+00
60.880000,0.000000000e+00,3.748750000e-01,0.000000000e+00,0.000000000e+00,4.008852840e-26,0.000000000e+00
60.890000,0.000000000e+00,3.748750000e-01,0.000000000e+00,0.000000000e+00,3.968964088e-26,0.000000000e+00
60.900000,0.000000000e+00,3.748750000e-01,0.000000000e+00,0.000000000e+00,3.929472235e-26,0.000000000e+00
60.910000,0.000000000e+00,3.748750000e-01,0.000000000e+00,0.000000000e+00,3.890373333e-26,0.000000000e+00
60.920000,0.000000000e+00,3.748750000e-01,0.000000000e+00,0.000000000e+00,3.851663472e-26,0.000000000e+00
60.930000,0.000000000e+00,3.748750000e-01,0.000000000e+00,0.000000000e+00,3.813338780e-26,0.000000000e+00
60.940000,0.000000000e+00,3.748750000e-01,0.000000000e+00,0.000000000e+00,3.775395425e-26,0.000000000e+00
60.950000,0.000000000e+00,3.748750000e-01,0.000000000e+00,0.000000000e+00,3.737829613e-26,0.000000000e+00
60.960000,0.000000000e+00,3.748750000e-01,0.000000000e+00,0.000000000e+00,3.700637587e-26,0.000000000e+00
60.970000,0.000000000e+00,3.748750000e-01,0.000000000e+00,0.000000000e+00,3.663815627e-26,0.000000000e+00
60.980000,0.000000000e+00,3.748750000e-01,0.000000000e+00,0.000000000e+00,3.627360053e-26,0.000000000e+00
60.990000,0.000000000e+00,3.748750000e-01,0.000000000e+00,0.000000000e+00,3.591267217e-26,0.000000000e+00
61.000000,0.000000000e+00,3.748750000e-01,0.000000000e+00,0.000000000e+00,3.555533511e-26,0.000000000e+00
61.010000,0.000000000e+00,3.748750000e-01,0.000000000e+00,0.000000000e+00,3.520155362e-26,0.000000000e+00
61.020000,0.000000000e+00,3.748750000e-01,0.000000000e+00,0.000000000e+00,3.485129231e-26,0.000000000e+00
61.030000,0.000000000e+00,3.748750000e-01,0.000000000e+00,0.000000000e+00,3.450451616e-26,0.000000000e+00
61.040000,0.000000000e+00,3.748750000e-01,0.000000000e+00,0.000000000e+00,3.416119048e-26,0.000000000e+00
61.050000,0.000000000e+00,3.748750000e-01,0.000000000e+00,0.000000000e+00,3.382128096e-26,0.000000000e+00
61.060000,0.000000000e+00,3.748750000e-01,0.000000000e+00,0.000000000e+00,3.348475359e-26,0.000000000e+00
61.070000,0.000000000e+00,3.748750000e-01,0.000000000e+00,0.000000000e+00,3.315157473e-26,0.000000000e+00
61.080000,0.000000000e+00,3.748750000e-01,0.000000000e+00,0.000000000e+00,3.282171105e-26,0.000000000e+00
61.090000,0.000000000e+00,3.748750000e-01,0.000000000e+00,0.000000000e+00,3.249512956e-26,0.000000000e+00
61.100000,0.000000000e+00,3.748750000e-01,0.000000000e+00,0.000000000e+00,3.217179762e-26,0.000000000e+00
61.110000,0.000000000e+00,3.748750000e-01,0.000000000e+00,0.000000000e+00,3.185168289e-26,0.000000000e+00
61.120000,0.000000000e+00,3.748750000e-01,0.000000000e+00,0.000000000e+00,3.153475335e-26,0.000000000e+00
61.130000,0.000000000e+00,3.748750000e-01,0.000000000e+00,0.000000000e+00,3.122097731e-26,0.000000000e+00
61.140000,0.000000000e+00,3.748750000e-01,0.000000000e+00,0.000000000e+00,3.091032339e-26,0.000000000e+00
61.150000,0.000000000e+00,3.748750000e-01,0.000000000e+00,0.000000000e+00,3.060276054e-26,0.000000000e+00
61.160000,0.000000000e+00,3.748750000e-01,0.000000000e+00,0.000000000e+00,3.029825798e-26,0.000000000e+00
61.170000,0.000000000e+00,3.748750000e-01,0.000000000e+00,0.000000000e+00,2.999678528e-26,0.000000000e+00
61.180000,0.000000000e+00,3.748750000e-01,0.000000000e+00,0.000000000e+00,2.969831228e-26,0.000000000e+00
61.190000,0.000000000e+00,3.748750000e-01,0.000000000e+00,0.000000000e+00,2.940280913e-26,0.000000000e+00
61.200000,0.000000000e+00,3.748750000e-01,0.000000000e+00,0.000000000e+00,2.911024629e-26,0.000000000e+00
61.210000,0.000000000e+00,3.748750000e-01,0.000000000e+00,0.000000000e+00,2.882059450e-26,0.000000000e+00
61.220000,0.000000000e+00,3.748750000e-01,0.000000000e+00,0.000000000e+00,2.853382480e-26,0.000000000e+00
61.230000,0.000000000e+00,3.748750000e-01,0.000000000e+00,0.000000000e+00,2.824990850e-26,0.000000000e+00
61.240000,0.000000000e+00,3.748750000e-01,0.000000000e+00,0.000000000e+00,2.796881721e-26,0.000000000e+00
61.250000,0.000000000e+00,3.748750000e-01,0.000000000e+00,0.000000000e+00,2.769052283e-26,0.000000000e+00
61.260000,0.000000000e+00,3.748750000e-01,0.000000000e+00,0.000000000e+00,2.741499752e-26,0.000000000e+00
61.270000,0.000000000e+00,3.748750000e-01,0.000000000e+00,0.000000000e+00,2.714221374e-26,0.000000000e+00
61.280000,0.000000000e+00,3.748750000e-01,0.000000000e+00,0.000000000e+00,2.687214420e-26,0.000000000e+00
61.290000,0.000000000e+00,3.748750000e-01,0.000000000e+00,0.000000000e+00,2.660476190e-26,0.000000000e+00
61.300000,0.000000000e+00,3.748750000e-01,0.000000000e+00,0.000000000e+00,2.634004010e-26,0.000000000e+00
61.310000,0.000000000e+00,3.748750000e-01,0.000000000e+00,0.000000000e+00,2.607795232e-26,0.000000000e+00
61.320000,0.000000000e+00,3.748750000e-01,0.000000000e+00,0.000000000e+00,2.581847236e-26,0.000000000e+00
61.330000,0.000000000e+00,3.748750000e-01,0.000000000e+00,0.000000000e+00,2.556157426e-26,0.000000000e+00
61.340000,0.000000000e+00,3.748750000e-01,0.000000000e+00,0.000000000e+00,2.530723235e-26,0.000000000e+00
61.350000,0.000000000e+00,3.748750000e-01,0.000000000e+00,0.000000000e+00,2.505542118e-26,0.000000000e+00
61.360000,0.000000000e+00,3.748750000e-01,0.000000000e+00,0.000000000e+00,2.480611558e-26,0.000000000e+00
61.370000,0.000000000e+00,3.748750000e-01,0.000000000e+00,0.000000000e+00,2.455929060e-26,0.000000000e+00
61.380000,0.000000000e+00,3.748750000e-01,0.000000000e+00,0.000000000e+00,2.431492158e-26,0.000000000e+00
61.390000,0.000000000e+00,3.748750000e-01,0.000000000e+00,0.000000000e+00,2.407298406e-26,0.000000000e+00
61.400000,0.000000000e+00,3.748750000e-01,0.000000000e+00,0.000000000e+00,2.383345387e-26,0.000000000e+00
61.410000,0.000000000e+00,3.748750000e-01,0.000000000e+00,0.000000000e+00,2.359630704e-26,0.000000000e+00
61.420000,0.000000000e+00,3.748750000e-01,0.000000000e+00,0.000000000e+00,2.336151986e-26,0.000000000e+00
61.430000,0.000000000e+00,3.748750000e-01,0.000000000e+00,0.000000000e+00,2.312906886e-26,0.000000000e+00
61.440000,0.000000000e+00,3.748750000e-01,0.000000000e+00,0.000000000e+00,2.289893078e-26,0.000000000e+00
61.450000,0.000000000e+00,3.748750000e-01,0.000000000e+00,0.000000000e+00,2.267108261e-26,0.000000000e+00
61.460000,0.000000000e+00,3.748750000e-01,0.000000000e+00,0.000000000e+00,2.244550157e-26,0.000000000e+00
61.470000,0.000000000e+00,3.748750000e-01,0.000000000e+00,0.000000000e+00,2.222216510e-26,0.000000000e+00
61.480000,0.000000000e+00,3.748750000e-01,0.000000000e+00,0.000000000e+00,2.200105086e-26,0.000000000e+00
61.490000,0.000000000e+00,3.748750000e-01,0.000000000e+00,0.000000000e+00,2.178213675e-26,0.000000000e+00
61.500000,0.000000000e+00,3.748750000e-01,0.000000000e+00,0.000000000e+00,2.156540086e-26,0.000000000e+00
61.510000,0.000000000e+00,3.748750000e-01,0.000000000e+00,0.000000000e+00,2.135082154e-26,0.000000000e+00
61.520000,0.000000000e+00,3.748750000e-01,0.000000000e+00,0.000000000e+00,2.113837732e-26,0.000000000e+00
61.530000,0.000000000e+00,3.748750000e-01,0.000000000e+00,0.000000000e+00,2.092804695e-26,0.000000000e+00
61.540000,0.000000000e+00,3.748750000e-01,0.000000000e+00,0.000000000e+00,2.071980940e-26,0.000000000e+00
61.550000,0.000000000e+00,3.748750000e-01,0.000000000e+00,0.000000000e+00,2.051364385e-26,0.000000000e+00
61.560000,0.000000000e+00,3.748750000e-01,0.000000000e+00,0.000000000e+00,2.030952969e-26,0.000000000e+00
61.570000,0.000000000e+00,3.748750000e-01,0.000000000e+00,0.000000000e+00,2.010744649e-26,0.000000000e+00
61.580000,0.000000000e+00,3.748750000e-01,0.000000000e+00,0.000000000e+00,1.990737405e-26,0.000000000e+00
61.590000,0.000000000e+00,3.748750000e-01,0.000000000e+00,0.000000000e+00,1.970929237e-26,0.000000000e+00
61.600000,0.000000000e+00,3.748750000e-01,0.000000000e+00,0.000000000e+00,1.951318164e-26,0.000000000e+00
61.610000,0.000000000e+00,3.748750000e-01,0.000000000e+00,0.000000000e+00,1.931902224e-26,0.000000000e+00
61.620000,0.000000000e+00,3.748750000e-01,0.000000000e+00,0.000000000e+00,1.912679475e-26,0.000000000e+00
61.630000,0.000000000e+00,3.748750000e-01,0.000000000e+00,0.000000000e+00,1.893647996e-26,0.000000000e+00
61.640000,0.000000000e+00,3.748750000e-01,0.000000000e+00,0.000000000e+00,1.874805884e-26,0.000000000e+00
61.650000,0.000000000e+00,3.748750000e-01,0.000000000e+00,0.000000000e+00,1.856151254e-26,0.000000000e+00
61.660000,0.000000000e+00,3.748750000e-01,0.000000000e+00,0.000000000e+00,1.837682240e-26,0.000000000e+00
61.670000,0.000000000e+00,3.748750000e-01,0.000000000e+00,0.000000000e+00,1.819396996e-26,0.000000000e+00
61.680000,0.000000000e+00,3.748750000e-01,0.000000000e+00,0.000000000e+00,1.801293694e-26,0.000000000e+00
61.690000,0.000000000e+00,3.748750000e-01,0.000000000e+00,0.000000000e+00,1.783370522e-26,0.000000000e+00
61.700000,0.000000000e+00,3.748750000e-01,0.000000000e+00,0.000000000e+00,1.765625689e-26,0.000000000e+00
61.710000,0.000000000e+00,3.748750000e-01,0.000000000e+00,0.000000000e+00,1.748057420e-26,0.000000000e+00
61.720000,0.000000000e+00,3.748750000e-01,0.000000000e+00,0.000000000e+00,1.730663958e-26,0.000000000e+00
61.730000,0.000000000e+00,3.748750000e-01,0.000000000e+00,0.000000000e+00,1.713443564e-26,0.000000000e+00
61.740000,0.000000000e+00,3.748750000e-01,0.000000000e+00,0.000000000e+00,1.696394515e-26,0.000000000e+00
61.750000,0.000000000e+00,3.748750000e-01,0.000000000e+00,0.000000000e+00,1.679515108e-26,0.000000000e+00
61.760000,0.000000000e+00,3.748750000e-01,0.000000000e+00,0.000000000e+00,1.662803653e-26,0.000000000e+00
61.770000,0.000000000e+00,3.748750000e-01,0.000000000e+00,0.000000000e+00,1.646258481e-26,0.000000000e+00
61.780000,0.000000000e+00,3.748750000e-01,0.000000000e+00,0.000000000e+00,1.629877935e-26,0.000000000e+00
61.790000,0.000000000e+00,3.748750000e-01,0.000000000e+00,0.000000000e+00,1.613660379e-26,0.000000000e+00
61.800000,0.000000000e+00,3.748750000e-01,0.000000000e+00,0.000000000e+00,1.597604190e-26,0.000000000e+00
61.810000,0.000000000e+00,3.748750000e-01,0.000000000e+00,0.000000000e+00,1.581707762e-26,0.000000000e+00
61.820000,0.000000000e+00,3.748750000e-01,0.000000000e+00,0.000000000e+00,1.565969507e-26,0.000000000e+00
61.830000,0.000000000e+00,3.748750000e-01,0.000000000e+00,0.000000000e+00,1.550387850e-26,0.000000000e+00
61.840000,0.000000000e+00,3.748750000e-01,0.000000000e+00,0.000000000e+00,1.534961233e-26,0.000000000e+00
61.850000,0.000000000e+00,3.748750000e-01,0.000000000e+00,0.000000000e+00,1.519688114e-26,0.000000000e+00
61.860000,0.000000000e+00,3.748750000e-01,0.000000000e+00,0.000000000e+00,1.504566965e-26,0.000000000e+00
61.870000,0.000000000e+00,3.748750000e-01,0.000000000e+00,0.000000000e+00,1.489596273e-26,0.000000000e+00
61.880000,0.000000000e+00,3.748750000e-01,0.000000000e+00,0.000000000e+00,1.474774543e-26,0.000000000e+00
61.890000,0.000000000e+00,3.748750000e-01,0.000000000e+00,0.000000000e+00,1.460100291e-26,0.000000000e+00
61.900000,0.000000000e+00,3.748750000e-01,0.000000000e+00,0.000000000e+00,1.445572050e-26,0.000000000e+00
61.910000,0.000000000e+00,3.748750000e-01,0.000000000e+00,0.000000000e+00,1.431188368e-26,0.000000000e+00
61.920000,0.000000000e+00,3.748750000e-01,0.000000000e+00,0.000000000e+00,1.416947806e-26,0.000000000e+00
61.930000,0.000000000e+00,3.748750000e-01,0.000000000e+00,0.000000000e+00,1.402848939e-26,0.000000000e+00
61.940000,0.000000000e+00,3.748750000e-01,0.000000000e+00,0.000000000e+00,1.388890359e-26,0.000000000e+00
61.950000,0.000000000e+00,3.748750000e-01,0.000000000e+00,0.000000000e+00,1.375070669e-26,0.000000000e+00
61.960000,0.000000000e+00,3.748750000e-01,0.000000000e+00,0.000000000e+00,1.361388487e-26,0.000000000e+00
61.970000,0.000000000e+00,3.748750000e-01,0.000000000e+00,0.000000000e+00,1.347842446e-26,0.000000000e+00
61.980000,0.000000000e+00,3.748750000e-01,0.000000000e+00,0.000000000e+00,1.334431189e-26,0.000000000e+00
61.990000,0.000000000e+00,3.748750000e-01,0.000000000e+00,0.000000000e+00,1.321153377e-26,0.000000000e+00
62.000000,0.000000000e+00,3.748750000e-01,0.000000000e+00,0.000000000e+00,1.308007681e-26,0.000000000e+00
62.010000,0.000000000e+00,3.748750000e-01,0.000000000e+00,0.000000000e+00,1.294992787e-26,0.000000000e+00
62.020000,0.000000000e+00,3.748750000e-01,0.000000000e+00,0.000000000e+00,1.282107394e-26,0.000000000e+00
62.030000,0.000000000e+00,3.748750000e-01,0.000000000e+00,0.000000000e+00,1.269350212e-26,0.000000000e+00
62.040000,0.000000000e+00,3.748750000e-01,0.000000000e+00,0.000000000e+00,1.256719967e-26,0.000000000e+00
62.050000,0.000000000e+00,3.748750000e-01,0.000000000e+00,0.000000000e+00,1.244215394e-26,0.000000000e+00
62.060000,0.000000000e+00,3.748750000e-01,0.000000000e+00,0.000000000e+00,1.231835244e-26,0.000000000e+00
62.070000,0.000000000e+00,3.748750000e-01,0.000000000e+00,0.000000000e+00,1.219578278e-26,0.000000000e+00
62.080000,0.000000000e+00,3.748750000e-01,0.000000000e+00,0.000000000e+00,1.207443272e-26,0.000000000e+00
62.090000,0.000000000e+00,3.748750000e-01,0.000000000e+00,0.000000000e+00,1.195429011e-26,0.000000000e+00
62.100000,0.000000000e+00,3.748750000e-01,0.000000000e+00,0.000000000e+00,1.183534293e-26,0.000000000e+00
62.110000,0.000000000e+00,3.748750000e-01,0.000000000e+00,0.000000000e+00,1.171757930e-26,0.000000000e+00
62.120000,0.000000000e+00,3.748750000e-01,0.000000000e+00,0.000000000e+00,1.160098744e-26,0.000000000e+00
62.130000,0.000000000e+00,3.748750000e-01,0.000000000e+00,0.000000000e+00,1.148555569e-26,0.000000000e+00
62.140000,0.000000000e+00,3.748750000e-01,0.000000000e+00,0.000000000e+00,1.137127250e-26,0.000000000e+00
62.150000,0.000000000e+00,3.748750000e-01,0.000000000e+00,0.000000000e+00,1.125812645e-26,0.000000000e+00
62.160000,0.000000000e+00,3.748750000e-01,0.000000000e+00,0.000000000e+00,1.114610622e-26,0.000000000e+00
62.170000,0.000000000e+00,3.748750000e-01,0.000000000e+00,0.000000000e+00,1.103520061e-26,0.000000000e+00
62.180000,0.000000000e+00,3.748750000e-01,0.000000000e+00,0.000000000e+00,1.092539853e-26,0.000000000e+00
62.190000,0.000000000e+00,3.748750000e-01,0.000000000e+00,0.000000000e+00,1.081668899e-26,0.000000000e+00
62.200000,0.000000000e+00,3.748750000e-01,0.000000000e+00,0.000000000e+00,1.070906114e-26,0.000000000e+00
62.210000,0.000000000e+00,3.748750000e-01,0.000000000e+00,0.000000000e+00,1.060250420e-26,0.000000000e+00
62.220000,0.000000000e+00,3.748750000e-01,0.000000000e+00,0.000000000e+00,1.049700752e-26,0.000000000e+00
62.230000,0.000000000e+00,3.748750000e-01,0.000000000e+00,0.000000000e+00,1.039256055e-26,0.000000000e+00
62.240000,0.000000000e+00,3.748750000e-01,0.000000000e+00,0.000000000e+00,1.028915285e-26,0.000000000e+00
62.250000,0.000000000e+00,3.748750000e-01,0.000000000e+00,0.000000000e+00,1.018677407e-26,0.000000000e+00
62.260000,0.000000000e+00,3.748750000e-01,0.000000000e+00,0.000000000e+00,1.008541397e-26,0.000000000e+00
62.270000,0.000000000e+00,3.748750000e-01,0.000000000e+00,0.000000000e+00,9.985062424e-27,0.000000000e+00
62.280000,0.000000000e+00,3.748750000e-01,0.000000000e+00,0.000000000e+00,9.885709393e-27,0.000000000e+00
62.290000,0.000000000e+00,3.748750000e-01,0.000000000e+00,0.000000000e+00,9.787344941e-27,0.000000000e+00
62.300000,0.000000000e+00,3.748750000e-01,0.000000000e+00,0.000000000e+00,9.689959232e-27,0.000000000e+00
62.310000,0.000000000e+00,3.748750000e-01,0.000000000e+00,0.000000000e+00,9.593542526e-27,0.000000000e+00
62.320000,0.000000000e+00,3.748750000e-01,0.000000000e+00,0.000000000e+00,9.498085183e-27,0.000000000e+00
62.330000,0.000000000e+00,3.748750000e-01,0.000000000e+00,0.000000000e+00,9.403577657e-27,0.000000000e+00
62.340000,0.000000000e+00,3.748750000e-01,0.000000000e+00,0.000000000e+00,9.310010496e-27,0.000000000e+00
62.350000,0.000000000e+00,3.748750000e-01,0.000000000e+00,0.000000000e+00,9.217374343e-27,0.000000000e+00
62.360000,0.000000000e+00,3.748750000e-01,0.000000000e+00,0.000000000e+00,9.125659936e-27,0.000000000e+00
62.370000,0.000000000e+00,3.748750000e-01,0.000000000e+00,0.000000000e+00,9.034858103e-27,0.000000000e+00
62.380000,0.000000000e+00,3.748750000e-01,0.000000000e+00,0.000000000e+00,8.944959763e-27,0.000000000e+00
62.390000,0.000000000e+00,3.748750000e-01,0.000000000e+00,0.000000000e+00,8.855955926e-27,0.000000000e+00
62.400000,0.000000000e+00,3.748750000e-01,0.000000000e+00,0.000000000e+00,8.767837692e-27,0.000000000e+00
62.410000,0.000000000e+00,3.748750000e-01,0.000000000e+00,0.000000000e+00,8.680596249e-27,0.000000000e+00
62.420000,0.000000000e+00,3.748750000e-01,0.000000000e+00,0.000000000e+00,8.594222874e-27,0.000000000e+00
62.430000,0.000000000e+00,3.748750000e-01,0.000000000e+00,0.000000000e+00,8.508708927e-27,0.000000000e+00
62.440000,0.000000000e+00,3.748750000e-01,0.000000000e+00,0.000000000e+00,8.424045859e-27,0.000000000e+00
62.450000,0.000000000e+00,3.748750000e-01,0.000000000e+00,0.000000000e+00,8.340225202e-27,0.000000000e+00
62.460000,0.000000000e+00,3.748750000e-01,0.000000000e+00,0.000000000e+00,8.257238575e-27,0.000000000e+00
62.470000,0.000000000e+00,3.748750000e-01,0.000000000e+00,0.000000000e+00,8.175077678e-27,0.000000000e+00
62.480000,0.000000000e+00,3.748750000e-01,0.000000000e+00,0.000000000e+00,8.093734296e-27,0.000000000e+00
62.490000,0.000000000e+00,3.748750000e-01,0.000000000e+00,0.000000000e+00,8.013200294e-27,0.000000000e+00
62.500000,0.000000000e+00,3.748750000e-01,0.000000000e+00,0.000000000e+00,7.933467619e-27,0.000000000e+00
62.510000,0.000000000e+00,3.748750000e-01,0.000000000e+00,0.000000000e+00,7.854528297e-27,0.000000000e+00
62.520000,0.000000000e+00,3.748750000e-01,0.000000000e+00,0.000000000e+00,7.776374435e-27,0.000000000e+00
62.530000,0.000000000e+00,3.748750000e-01,0.000000000e+00,0.000000000e+00,7.698998217e-27,0.000000000e+00
62.540000,0.000000000e+00,3.748750000e-01,0.000000000e+00,0.000000000e+00,7.622391904e-27,0.000000000e+00
62.550000,0.000000000e+00,3.748750000e-01,0.000000000e+00,0.000000000e+00,7.546547838e-27,0.000000000e+00
62.560000,0.000000000e+00,3.748750000e-01,0.000000000e+00,0.000000000e+00,7.471458432e-27,0.000000000e+00
62.570000,0.000000000e+00,3.748750000e-01,0.000000000e+00,0.000000000e+00,7.397116179e-27,0.000000000e+00
62.580000,0.000000000e+00,3.748750000e-01,0.000000000e+00,0.000000000e+00,7.323513643e-27,0.000000000e+00
62.590000,0.000000000e+00,3.748750000e-01,0.000000000e+00,0.000000000e+00,7.250643464e-27,0.000000000e+00
62.600000,0.000000000e+00,3.748750000e-01,0.000000000e+00,0.000000000e+00,7.178498357e-27,0.000000000e+00
62.610000,0.000000000e+00,3.748750000e-01,0.000000000e+00,0.000000000e+00,7.107071105e-27,0.000000000e+00
62.620000,0.000000000e+00,3.748750000e-01,0.000000000e+00,0.000000000e+00,7.036354565e-27,0.000000000e+00
62.630000,0.000000000e+00,3.748750000e-01,0.000000000e+00,0.000000000e+00,6.966341668e-27,0.000000000e+00
62.640000,0.000000000e+00,3.748750000e-01,0.000000000e+00,0.000000000e+00,6.897025410e-27,0.000000000e+00
62.650000,0.000000000e+00,3.748750000e-01,0.000000000e+00,0.000000000e+00,6.828398861e-27,0.000000000e+00
62.660000,0.000000000e+00,3.748750000e-01,0.000000000e+00,0.000000000e+00,6.760455157e-27,0.000000000e+00
62.670000,0.000000000e+00,3.748750000e-01,0.000000000e+00,0.000000000e+00,6.693187504e-27,0.000000000e+00
62.680000,0.000000000e+00,3.748750000e-01,0.000000000e+00,0.000000000e+00,6.626589176e-27,0.000000000e+00
62.690000,0.000000000e+00,3.748750000e-01,0.000000000e+00,0.000000000e+00,6.560653512e-27,0.000000000e+00
62.700000,0.000000000e+00,3.748750000e-01,0.000000000e+00,0.000000000e+00,6.495373918e-27,0.000000000e+00
62.710000,0.000000000e+00,3.748750000e-01,0.000000000e+00,0.000000000e+00,6.430743868e-27,0.000000000e+00
62.720000,0.000000000e+00,3.748750000e-01,0.000000000e+00,0.000000000e+00,6.366756897e-27,0.000000000e+00
62.730000,0.000000000e+00,3.748750000e-01,0.000000000e+00,0.000000000e+00,6.303406608e-27,0.000000000e+00
62.740000,0.000000000e+00,3.748750000e-01,0.000000000e+00,0.000000000e+00,6.240686664e-27,0.000000000e+00
62.750000,0.000000000e+00,3.748750000e-01,0.000000000e+00,0.000000000e+00,6.178590794e-27,0.000000000e+00
62.760000,0.000000000e+00,3.748750000e-01,0.000000000e+00,0.000000000e+00,6.117112789e-27,0.000000000e+00
62.770000,0.000000000e+00,3.748750000e-01,0.000000000e+00,0.000000000e+00,6.056246500e-27,0.000000000e+00
62.780000,0.000000000e+00,3.748750000e-01,0.000000000e+00,0.000000000e+00,5.995985840e-27,0.000000000e+00
62.790000,0.000000000e+00,3.748750000e-01,0.000000000e+00,0.000000000e+00,5.936324784e-27,0.000000000e+00
62.800000,0.000000000e+00,3.748750000e-01,0.000000000e+00,0.000000000e+00,5.877257366e-27,0.000000000e+00
62.810000,0.000000000e+00,3.748750000e-01,0.000000000e+00,0.000000000e+00,5.818777678e-27,0.000000000e+00
62.820000,0.000000000e+00,3.748750000e-01,0.000000000e+00,0.000000000e+00,5.760879872e-27,0.000000000e+00
62.830000,0.000000000e+00,3.748750000e-01,0.000000000e+00,0.000000000e+00,5.703558160e-27,0.000000000e+00
62.840000,0.000000000e+00,3.748750000e-01,0.000000000e+00,0.000000000e+00,5.646806808e-27,0.000000000e+00
62.850000,0.000000000e+00,3.748750000e-01,0.000000000e+00,0.000000000e+00,5.590620142e-27,0.000000000e+00
62.860000,0.000000000e+00,3.748750000e-01,0.000000000e+00,0.000000000e+00,5.534992542e-27,0.000000000e+00
62.870000,0.000000000e+00,3.748750000e-01,0.000000000e+00,0.000000000e+00,5.479918446e-27,0.000000000e+00
62.880000,0.000000000e+00,3.748750000e-01,0.000000000e+00,0.000000000e+00,5.425392346e-27,0.000000000e+00
62.890000,0.000000000e+00,3.748750000e-01,0.000000000e+00,0.000000000e+00,5.371408790e-27,0.000000000e+00
62.900000,0.000000000e+00,3.748750000e-01,0.000000000e+00,0.000000000e+00,5.317962380e-27,0.000000000e+00
62.910000,0.000000000e+00,3.748750000e-01,0.000000000e+00,0.000000000e+00,5.265047770e-27,0.000000000e+00
62.920000,0.000000000e+00,3.748750000e-01,0.000000000e+00,0.000000000e+00,5.212659669e-27,0.000000000e+00
62.930000,0.000000000e+00,3.748750000e-01,0.000000000e+00,0.000000000e+00,5.160792839e-27,0.000000000e+00
62.940000,0.000000000e+00,3.748750000e-01,0.000000000e+00,0.000000000e+00,5.109442092e-27,0.000000000e+00
62.950000,0.000000000e+00,3.748750000e-01,0.000000000e+00,0.000000000e+00,5.058602294e-27,0.000000000e+00
62.960000,0.000000000e+00,3.748750000e-01,0.000000000e+00,0.000000000e+00,5.008268360e-27,0.000000000e+00
62.970000,0.000000000e+00,3.748750000e-01,0.000000000e+00,0.000000000e+00,4.958435257e-27,0.000000000e+00
62.980000,0.000000000e+00,3.748750000e-01,0.000000000e+00,0.000000000e+00,4.909098002e-27,0.000000000e+00
62.990000,0.000000000e+00,3.748750000e-01,0.000000000e+00,0.000000000e+00,4.860251661e-27,0.000000000e+00
63.000000,0.000000000e+00,3.748750000e-01,0.000000000e+00,0.000000000e+00,4.811891349e-27,0.000000000e+00
63.010000,0.000000000e+00,3.748750000e-01,0.000000000e+00,0.000000000e+00,4.764012230e-27,0.000000000e+00
63.020000,0.000000000e+00,3.748750000e-01,0.000000000e+00,0.000000000e+00,4.716609516e-27,0.000000000e+00
63.030000,0.000000000e+00,3.748750000e-01,0.000000000e+00,0.000000000e+00,4.669678468e-27,0.000000000e+00
63.040000,0.000000000e+00,3.748750000e-01,0.000000000e+00,0.000000000e+00,4.623214390e-27,0.000000000e+00
63.050000,0.000000000e+00,3.748750000e-01,0.000000000e+00,0.000000000e+00,4.577212639e-27,0.000000000e+00
63.060000,0.000000000e+00,3.748750000e-01,0.000000000e+00,0.000000000e+00,4.531668612e-27,0.000000000e+00
63.070000,0.000000000e+00,3.748750000e-01,0.000000000e+00,0.000000000e+00,4.486577756e-27,0.000000000e+00
63.080000,0.000000000e+00,3.748750000e-01,0.000000000e+00,0.000000000e+00,4.441935561e-27,0.000000000e+00
63.090000,0.000000000e+00,3.748750000e-01,0.000000000e+00,0.000000000e+00,4.397737564e-27,0.000000000e+00
63.100000,0.000000000e+00,3.748750000e-01,0.000000000e+00,0.000000000e+00,4.353979344e-27,0.000000000e+00
63.110000,0.000000000e+00,3.748750000e-01,0.000000000e+00,0.000000000e+00,4.310656526e-27,0.000000000e+00
63.120000,0.000000000e+00,3.748750000e-01,0.000000000e+00,0.000000000e+00,4.267764777e-27,0.000000000e+00
63.130000,0.000000000e+00,3.748750000e-01,0.000000000e+00,0.000000000e+00,4.225299808e-27,0.000000000e+00
63.140000,0.000000000e+00,3.748750000e-01,0.000000000e+00,0.000000000e+00,4.183257372e-27,0.000000000e+00
63.150000,0.000000000e+00,3.748750000e-01,0.000000000e+00,0.000000000e+00,4.141633266e-27,0.000000000e+00
63.160000,0.000000000e+00,3.748750000e-01,0.000000000e+00,0.000000000e+00,4.100423326e-27,0.000000000e+00
63.170000,0.000000000e+00,3.748750000e-01,0.000000000e+00,0.000000000e+00,4.059623433e-27,0.000000000e+00
63.180000,0.000000000e+00,3.748750000e-01,0.000000000e+00,0.000000000e+00,4.019229504e-27,0.000000000e+00
63.190000,0.000000000e+00,3.748750000e-01,0.000000000e+00,0.000000000e+00,3.979237503e-27,0.000000000e+00
63.200000,0.000000000e+00,3.748750000e-01,0.000000000e+00,0.000000000e+00,3.939643428e-27,0.000000000e+00
63.210000,0.000000000e+00,3.748750000e-01,0.000000000e+00,0.000000000e+00,3.900443321e-27,0.000000000e+00
63.220000,0.000000000e+00,3.748750000e-01,0.000000000e+00,0.000000000e+00,3.861633261e-27,0.000000000e+00
63.230000,0.000000000e+00,3.748750000e-01,0.000000000e+00,0.000000000e+00,3.823209368e-27,0.000000000e+00
63.240000,0.000000000e+00,3.748750000e-01,0.000000000e+00,0.000000000e+00,3.785167800e-27,0.000000000e+00
63.250000,0.000000000e+00,3.748750000e-01,0.000000000e+00,0.000000000e+00,3.747504751e-27,0.000000000e+00
63.260000,0.000000000e+00,3.748750000e-01,0.000000000e+00,0.000000000e+00,3.710216455e-27,0.000000000e+00
63.270000,0.000000000e+00,3.748750000e-01,0.000000000e+00,0.000000000e+00,3.673299185e-27,0.000000000e+00
63.280000,0.000000000e+00,3.748750000e-01,0.000000000e+00,0.000000000e+00,3.636749247e-27,0.000000000e+00
63.290000,0.000000000e+00,3.748750000e-01,0.000000000e+00,0.000000000e+00,3.600562988e-27,0.000000000e+00
63.300000,0.000000000e+00,3.748750000e-01,0.000000000e+00,0.000000000e+00,3.564736787e-27,0.000000000e+00
63.310000,0.000000000e+00,3.748750000e-01,0.000000000e+00,0.000000000e+00,3.529267064e-27,0.000000000e+00
63.320000,0.000000000e+00,3.748750000e-01,0.000000000e+00,0.000000000e+00,3.494150270e-27,0.000000000e+00
63.330000,0.000000000e+00,3.748750000e-01,0.000000000e+00,0.000000000e+00,3.459382894e-27,0.000000000e+00
63.340000,0.000000000e+00,3.748750000e-01,0.000000000e+00,0.000000000e+00,3.424961459e-27,0.000000000e+00
63.350000,0.000000000e+00,3.748750000e-01,0.000000000e+00,0.000000000e+00,3.390882523e-27,0.000000000e+00
63.360000,0.000000000e+00,3.748750000e-01,0.000000000e+00,0.000000000e+00,3.357142678e-27,0.000000000e+00
63.370000,0.000000000e+00,3.748750000e-01,0.000000000e+00,0.000000000e+00,3.323738550e-27,0.000000000e+00
63.380000,0.000000000e+00,3.748750000e-01,0.000000000e+00,0.000000000e+00,3.290666799e-27,0.000000000e+00
63.390000,0.000000000e+00,3.748750000e-01,0.000000000e+00,0.000000000e+00,3.257924117e-27,0.000000000e+00
63.400000,0.000000000e+00,3.748750000e-01,0.000000000e+00,0.000000000e+00,3.225507231e-27,0.000000000e+00
63.410000,0.000000000e+00,3.748750000e-01,0.000000000e+00,0.000000000e+00,3.193412898e-27,0.000000000e+00
63.420000,0.000000000e+00,3.748750000e-01,0.000000000e+00,0.000000000e+00,3.161637908e-27,0.000000000e+00
63.430000,0.000000000e+00,3.748750000e-01,0.000000000e+00,0.000000000e+00,3.130179085e-27,0.000000000e+00
63.440000,0.000000000e+00,3.748750000e-01,0.000000000e+00,0.000000000e+00,3.099033283e-27,0.000000000e+00
63.450000,0.000000000e+00,3.748750000e-01,0.000000000e+00,0.000000000e+00,3.068197387e-27,0.000000000e+00
63.460000,0.000000000e+00,3.748750000e-01,0.000000000e+00,0.000000000e+00,3.037668313e-27,0.000000000e+00
63.470000,0.000000000e+00,3.748750000e-01,0.000000000e+00,0.000000000e+00,3.007443008e-27,0.000000000e+00
63.480000,0.000000000e+00,3.748750000e-01,0.000000000e+00,0.000000000e+00,2.977518450e-27,0.000000000e+00
63.490000,0.000000000e+00,3.748750000e-01,0.000000000e+00,0.000000000e+00,2.947891646e-27,0.000000000e+00
63.500000,0.000000000e+00,3.748750000e-01,0.000000000e+00,0.000000000e+00,2.918559635e-27,0.000000000e+00
63.510000,0.000000000e+00,3.748750000e-01,0.000000000e+00,0.000000000e+00,2.889519481e-27,0.000000000e+00
63.520000,0.000000000e+00,3.748750000e-01,0.000000000e+00,0.000000000e+00,2.860768282e-27,0.000000000e+00
63.530000,0.000000000e+00,3.748750000e-01,0.000000000e+00,0.000000000e+00,2.832303162e-27,0.000000000e+00
63.540000,0.000000000e+00,3.748750000e-01,0.000000000e+00,0.000000000e+00,2.804121274e-27,0.000000000e+00
63.550000,0.000000000e+00,3.748750000e-01,0.000000000e+00,0.000000000e+00,2.776219802e-27,0.000000000e+00
63.560000,0.000000000e+00,3.748750000e-01,0.000000000e+00,0.000000000e+00,2.748595953e-27,0.000000000e+00
63.570000,0.000000000e+00,3.748750000e-01,0.000000000e+00,0.000000000e+00,2.721246966e-27,0.000000000e+00
63.580000,0.000000000e+00,3.748750000e-01,0.000000000e+00,0.000000000e+00,2.694170107e-27,0.000000000e+00
63.590000,0.000000000e+00,3.748750000e-01,0.000000000e+00,0.000000000e+00,2.667362666e-27,0.000000000e+00
63.600000,0.000000000e+00,3.748750000e-01,0.000000000e+00,0.000000000e+00,2.640821964e-27,0.000000000e+00
63.610000,0.000000000e+00,3.748750000e-01,0.000000000e+00,0.000000000e+00,2.614545347e-27,0.000000000e+00
63.620000,0.000000000e+00,3.748750000e-01,0.000000000e+00,0.000000000e+00,2.588530186e-27,0.000000000e+00
63.630000,0.000000000e+00,3.748750000e-01,0.000000000e+00,0.000000000e+00,2.562773880e-27,0.000000000e+00
63.640000,0.000000000e+00,3.748750000e-01,0.000000000e+00,0.000000000e+00,2.537273854e-27,0.000000000e+00
63.650000,0.000000000e+00,3.748750000e-01,0.000000000e+00,0.000000000e+00,2.512027557e-27,0.000000000e+00
63.660000,0.000000000e+00,3.748750000e-01,0.000000000e+00,0.000000000e+00,2.487032465e-27,0.000000000e+00
63.670000,0.000000000e+00,3.748750000e-01,0.000000000e+00,0.000000000e+00,2.462286079e-27,0.000000000e+00
63.680000,0.000000000e+00,3.748750000e-01,0.000000000e+00,0.000000000e+00,2.437785923e-27,0.000000000e+00
63.690000,0.000000000e+00,3.748750000e-01,0.000000000e+00,0.000000000e+00,2.413529548e-27,0.000000000e+00
63.700000,0.000000000e+00,3.748750000e-01,0.000000000e+00,0.000000000e+00,2.389514528e-27,0.000000000e+00
63.710000,0.000000000e+00,3.748750000e-01,0.000000000e+00,0.000000000e+00,2.365738461e-27,0.000000000e+00
63.720000,0.000000000e+00,3.748750000e-01,0.000000000e+00,0.000000000e+00,2.342198970e-27,0.000000000e+00
63.730000,0.000000000e+00,3.748750000e-01,0.000000000e+00,0.000000000e+00,2.318893701e-27,0.000000000e+00
63.740000,0.000000000e+00,3.748750000e-01,0.000000000e+00,0.000000000e+00,2.295820323e-27,0.000000000e+00
63.750000,0.000000000e+00,3.748750000e-01,0.000000000e+00,0.000000000e+00,2.272976529e-27,0.000000000e+00
63.760000,0.000000000e+00,3.748750000e-01,0.000000000e+00,0.000000000e+00,2.250360034e-27,0.000000000e+00
63.770000,0.000000000e+00,3.748750000e-01,0.000000000e+00,0.000000000e+00,2.227968578e-27,0.000000000e+00
63.780000,0.000000000e+00,3.748750000e-01,0.000000000e+00,0.000000000e+00,2.205799920e-27,0.000000000e+00
63.790000,0.000000000e+00,3.748750000e-01,0.000000000e+00,0.000000000e+00,2.183851844e-27,0.000000000e+00
63.800000,0.000000000e+00,3.748750000e-01,0.000000000e+00,0.000000000e+00,2.162122155e-27,0.000000000e+00
63.810000,0.000000000e+00,3.748750000e-01,0.000000000e+00,0.000000000e+00,2.140608681e-27,0.000000000e+00
63.820000,0.000000000e+00,3.748750000e-01,0.000000000e+00,0.000000000e+00,2.119309268e-27,0.000000000e+00
63.830000,0.000000000e+00,3.748750000e-01,0.000000000e+00,0.000000000e+00,2.098221789e-27,0.000000000e+00
63.840000,0.000000000e+00,3.748750000e-01,0.000000000e+00,0.000000000e+00,2.077344133e-27,0.000000000e+00
63.850000,0.000000000e+00,3.748750000e-01,0.000000000e+00,0.000000000e+00,2.056674214e-27,0.000000000e+00
63.860000,0.000000000e+00,3.748750000e-01,0.000000000e+00,0.000000000e+00,2.036209963e-27,0.000000000e+00
63.870000,0.000000000e+00,3.748750000e-01,0.000000000e+00,0.000000000e+00,2.015949336e-27,0.000000000e+00
63.880000,0.000000000e+00,3.748750000e-01,0.000000000e+00,0.000000000e+00,1.995890305e-27,0.000000000e+00
63.890000,0.000000000e+00,3.748750000e-01,0.000000000e+00,0.000000000e+00,1.976030864e-27,0.000000000e+00
63.900000,0.000000000e+00,3.748750000e-01,0.000000000e+00,0.000000000e+00,1.956369029e-27,0.000000000e+00
63.910000,0.000000000e+00,3.748750000e-01,0.000000000e+00,0.000000000e+00,1.936902832e-27,0.000000000e+00
63.920000,0.000000000e+00,3.748750000e-01,0.000000000e+00,0.000000000e+00,1.917630326e-27,0.000000000e+00
63.930000,0.000000000e+00,3.748750000e-01,0.000000000e+00,0.000000000e+00,1.898549586e-27,0.000000000e+00
63.940000,0.000000000e+00,3.748750000e-01,0.000000000e+00,0.000000000e+00,1.879658702e-27,0.000000000e+00
63.950000,0.000000000e+00,3.748750000e-01,0.000000000e+00,0.000000000e+00,1.860955785e-27,0.000000000e+00
63.960000,0.000000000e+00,3.748750000e-01,0.000000000e+00,0.000000000e+00,1.842438966e-27,0.000000000e+00
63.970000,0.000000000e+00,3.748750000e-01,0.000000000e+00,0.000000000e+00,1.824106392e-27,0.000000000e+00
63.980000,0.000000000e+00,3.748750000e-01,0.000000000e+00,0.000000000e+00,1.805956230e-27,0.000000000e+00
63.990000,0.000000000e+00,3.748750000e-01,0.000000000e+00,0.000000000e+00,1.787986665e-27,0.000000000e+00
64.000000,0.000000000e+00,3.748750000e-01,0.000000000e+00,0.000000000e+00,1.770195901e-27,0.000000000e+00
64.010000,0.000000000e+00,3.748750000e-01,0.000000000e+00,0.000000000e+00,1.752582157e-27,0.000000000e+00
64.020000,0.000000000e+00,3.748750000e-01,0.000000000e+00,0.000000000e+00,1.735143673e-27,0.000000000e+00
64.030000,0.000000000e+00,3.748750000e-01,0.000000000e+00,0.000000000e+00,1.717878705e-27,0.000000000e+00
64.040000,0.000000000e+00,3.748750000e-01,0.000000000e+00,0.000000000e+00,1.700785527e-27,0.000000000e+00
64.050000,0.000000000e+00,3.748750000e-01,0.000000000e+00,0.000000000e+00,1.683862428e-27,0.000000000e+00
64.060000,0.000000000e+00,3.748750000e-01,0.000000000e+00,0.000000000e+00,1.667107717e-27,0.000000000e+00
64.070000,0.000000000e+00,3.748750000e-01,0.000000000e+00,0.000000000e+00,1.650519718e-27,0.000000000e+00
64.080000,0.000000000e+00,3.748750000e-01,0.000000000e+00,0.000000000e+00,1.634096772e-27,0.000000000e+00
64.090000,0.000000000e+00,3.748750000e-01,0.000000000e+00,0.000000000e+00,1.617837238e-27,0.000000000e+00
64.100000,0.000000000e+00,3.748750000e-01,0.000000000e+00,0.000000000e+00,1.601739488e-27,0.000000000e+00
64.110000,0.000000000e+00,3.748750000e-01,0.000000000e+00,0.000000000e+00,1.585801914e-27,0.000000000e+00
64.120000,0.000000000e+00,3.748750000e-01,0.000000000e+00,0.000000000e+00,1.570022921e-27,0.000000000e+00
64.130000,0.000000000e+00,3.748750000e-01,0.000000000e+00,0.000000000e+00,1.554400932e-27,0.000000000e+00
64.140000,0.000000000e+00,3.748750000e-01,0.000000000e+00,0.000000000e+00,1.538934384e-27,0.000000000e+00
64.150000,0.000000000e+00,3.748750000e-01,0.000000000e+00,0.000000000e+00,1.523621732e-27,0.000000000e+00
64.160000,0.000000000e+00,3.748750000e-01,0.000000000e+00,0.000000000e+00,1.508461442e-27,0.000000000e+00
64.170000,0.000000000e+00,3.748750000e-01,0.000000000e+00,0.000000000e+00,1.493452000e-27,0.000000000e+00
64.180000,0.000000000e+00,3.748750000e-01,0.000000000e+00,0.000000000e+00,1.478591904e-27,0.000000000e+00
64.190000,0.000000000e+00,3.748750000e-01,0.000000000e+00,0.000000000e+00,1.463879669e-27,0.000000000e+00
64.200000,0.000000000e+00,3.748750000e-01,0.000000000e+00,0.000000000e+00,1.449313823e-27,0.000000000e+00
64.210000,0.000000000e+00,3.748750000e-01,0.000000000e+00,0.000000000e+00,1.434892909e-27,0.000000000e+00
64.220000,0.000000000e+00,3.748750000e-01,0.000000000e+00,0.000000000e+00,1.420615486e-27,0.000000000e+00
64.230000,0.000000000e+00,3.748750000e-01,0.000000000e+00,0.000000000e+00,1.406480126e-27,0.000000000e+00
64.240000,0.000000000e+00,3.748750000e-01,0.000000000e+00,0.000000000e+00,1.392485415e-27,0.000000000e+00
64.250000,0.000000000e+00,3.748750000e-01,0.000000000e+00,0.000000000e+00,1.378629954e-27,0.000000000e+00
64.260000,0.000000000e+00,3.748750000e-01,0.000000000e+00,0.000000000e+00,1.364912356e-27,0.000000000e+00
64.270000,0.000000000e+00,3.748750000e-01,0.000000000e+00,0.000000000e+00,1.351331252e-27,0.000000000e+00
64.280000,0.000000000e+00,3.748750000e-01,0.000000000e+00,0.000000000e+00,1.337885281e-27,0.000000000e+00
64.290000,0.000000000e+00,3.748750000e-01,0.000000000e+00,0.000000000e+00,1.324573100e-27,0.000000000e+00
64.300000,0.000000000e+00,3.748750000e-01,0.000000000e+00,0.000000000e+00,1.311393377e-27,0.000000000e+00
64.310000,0.000000000e+00,3.748750000e-01,0.000000000e+00,0.000000000e+00,1.298344795e-27,0.000000000e+00
64.320000,0.000000000e+00,3.748750000e-01,0.000000000e+00,0.000000000e+00,1.285426049e-27,0.000000000e+00
64.330000,0.000000000e+00,3.748750000e-01,0.000000000e+00,0.000000000e+00,1.272635846e-27,0.000000000e+00
64.340000,0.000000000e+00,3.748750000e-01,0.000000000e+00,0.000000000e+00,1.259972908e-27,0.000000000e+00
64.350000,0.000000000e+00,3.748750000e-01,0.000000000e+00,0.000000000e+00,1.247435968e-27,0.000000000e+00
64.360000,0.000000000e+00,3.748750000e-01,0.000000000e+00,0.000000000e+00,1.235023772e-27,0.000000000e+00
64.370000,0.000000000e+00,3.748750000e-01,0.000000000e+00,0.000000000e+00,1.222735081e-27,0.000000000e+00
64.380000,0.000000000e+00,3.748750000e-01,0.000000000e+00,0.000000000e+00,1.210568663e-27,0.000000000e+00
64.390000,0.000000000e+00,3.748750000e-01,0.000000000e+00,0.000000000e+00,1.198523304e-27,0.000000000e+00
64.400000,0.000000000e+00,3.748750000e-01,0.000000000e+00,0.000000000e+00,1.186597798e-27,0.000000000e+00
64.410000,0.000000000e+00,3.748750000e-01,0.000000000e+00,0.000000000e+00,1.174790952e-27,0.000000000e+00
64.420000,0.000000000e+00,3.748750000e-01,0.000000000e+00,0.000000000e+00,1.163101587e-27,0.000000000e+00
64.430000,0.000000000e+00,3.748750000e-01,0.000000000e+00,0.000000000e+00,1.151528533e-27,0.000000000e+00
64.440000,0.000000000e+00,3.748750000e-01,0.000000000e+00,0.000000000e+00,1.140070632e-27,0.000000000e+00
64.450000,0.000000000e+00,3.748750000e-01,0.000000000e+00,0.000000000e+00,1.128726740e-27,0.000000000e+00
64.460000,0.000000000e+00,3.748750000e-01,0.000000000e+00,0.000000000e+00,1.117495721e-27,0.000000000e+00
64.470000,0.000000000e+00,3.748750000e-01,0.000000000e+00,0.000000000e+00,1.106376453e-27,0.000000000e+00
64.480000,0.000000000e+00,3.748750000e-01,0.000000000e+00,0.000000000e+00,1.095367824e-27,0.000000000e+00
64.490000,0.000000000e+00,3.748750000e-01,0.000000000e+00,0.000000000e+00,1.084468732e-27,0.000000000e+00
64.500000,0.000000000e+00,3.748750000e-01,0.000000000e+00,0.000000000e+00,1.073678087e-27,0.000000000e+00
64.510000,0.000000000e+00,3.748750000e-01,0.000000000e+00,0.000000000e+00,1.062994812e-27,0.000000000e+00
64.520000,0.000000000e+00,3.748750000e-01,0.000000000e+00,0.000000000e+00,1.052417837e-27,0.000000000e+00
64.530000,0.000000000e+00,3.748750000e-01,0.000000000e+00,0.000000000e+00,1.041946104e-27,0.000000000e+00
64.540000,0.000000000e+00,3.748750000e-01,0.000000000e+00,0.000000000e+00,1.031578567e-27,0.000000000e+00
64.550000,0.000000000e+00,3.748750000e-01,0.000000000e+00,0.000000000e+00,1.021314189e-27,0.000000000e+00
64.560000,0.000000000e+00,3.748750000e-01,0.000000000e+00,0.000000000e+00,1.011151943e-27,0.000000000e+00
64.570000,0.000000000e+00,3.748750000e-01,0.000000000e+00,0.000000000e+00,1.001090813e-27,0.000000000e+00
64.580000,0.000000000e+00,3.748750000e-01,0.000000000e+00,0.000000000e+00,9.911297933e-28,0.000000000e+00
64.590000,0.000000000e+00,3.748750000e-01,0.000000000e+00,0.000000000e+00,9.812678871e-28,0.000000000e+00
64.600000,0.000000000e+00,3.748750000e-01,0.000000000e+00,0.000000000e+00,9.715041085e-28,0.000000000e+00
64.610000,0.000000000e+00,3.748750000e-01,0.000000000e+00,0.000000000e+00,9.618374811e-28,0.000000000e+00
64.620000,0.000000000e+00,3.748750000e-01,0.000000000e+00,0.000000000e+00,9.522670382e-28,0.000000000e+00
64.630000,0.000000000e+00,3.748750000e-01,0.000000000e+00,0.000000000e+00,9.427918229e-28,0.000000000e+00
64.640000,0.000000000e+00,3.748750000e-01,0.000000000e+00,0.000000000e+00,9.334108875e-28,0.000000000e+00
64.650000,0.000000000e+00,3.748750000e-01,0.000000000e+00,0.000000000e+00,9.241232940e-28,0.000000000e+00
64.660000,0.000000000e+00,3.748750000e-01,0.000000000e+00,0.000000000e+00,9.149281136e-28,0.000000000e+00
64.670000,0.000000000e+00,3.748750000e-01,0.000000000e+00,0.000000000e+00,9.058244268e-28,0.000000000e+00
64.680000,0.000000000e+00,3.748750000e-01,0.000000000e+00,0.000000000e+00,8.968113231e-28,0.000000000e+00
64.690000,0.000000000e+00,3.748750000e-01,0.000000000e+00,0.000000000e+00,8.878879014e-28,0.000000000e+00
64.700000,0.000000000e+00,3.748750000e-01,0.000000000e+00,0.000000000e+00,8.790532691e-28,0.000000000e+00
64.710000,0.000000000e+00,3.748750000e-01,0.000000000e+00,0.000000000e+00,8.703065430e-28,0.000000000e+00
64.720000,0.000000000e+00,3.748750000e-01,0.000000000e+00,0.000000000e+00,8.616468482e-28,0.000000000e+00
64.730000,0.000000000e+00,3.748750000e-01,0.000000000e+00,0.000000000e+00,8.530733188e-28,0.000000000e+00
64.740000,0.000000000e+00,3.748750000e-01,0.000000000e+00,0.000000000e+00,8.445850974e-28,0.000000000e+00
64.750000,0.000000000e+00,3.748750000e-01,0.000000000e+00,0.000000000e+00,8.361813353e-28,0.000000000e+00
64.760000,0.000000000e+00,3.748750000e-01,0.000000000e+00,0.000000000e+00,8.278611920e-28,0.000000000e+00
64.770000,0.000000000e+00,3.748750000e-01,0.000000000e+00,0.000000000e+00,8.196238355e-28,0.000000000e+00
64.780000,0.000000000e+00,3.748750000e-01,0.000000000e+00,0.000000000e+00,8.114684421e-28,0.000000000e+00
64.790000,0.000000000e+00,3.748750000e-01,0.000000000e+00,0.000000000e+00,8.033941962e-28,0.000000000e+00
64.800000,0.000000000e+00,3.748750000e-01,0.000000000e+00,0.000000000e+00,7.954002904e-28,0.000000000e+00
64.810000,0.000000000e+00,3.748750000e-01,0.000000000e+00,0.000000000e+00,7.874859252e-28,0.000000000e+00
64.820000,0.000000000e+00,3.748750000e-01,0.000000000e+00,0.000000000e+00,7.796503094e-28,0.000000000e+00
64.830000,0.000000000e+00,3.748750000e-01,0.000000000e+00,0.000000000e+00,7.718926592e-28,0.000000000e+00
64.840000,0.000000000e+00,3.748750000e-01,0.000000000e+00,0.000000000e+00,7.642121989e-28,0.000000000e+00
64.850000,0.000000000e+00,3.748750000e-01,0.000000000e+00,0.000000000e+00,7.566081604e-28,0.000000000e+00
64.860000,0.000000000e+00,3.748750000e-01,0.000000000e+00,0.000000000e+00,7.490797835e-28,0.000000000e+00
64.870000,0.000000000e+00,3.748750000e-01,0.000000000e+00,0.000000000e+00,7.416263151e-28,0.000000000e+00
64.880000,0.000000000e+00,3.748750000e-01,0.000000000e+00,0.000000000e+00,7.342470100e-28,0.000000000e+00
64.890000,0.000000000e+00,3.748750000e-01,0.000000000e+00,0.000000000e+00,7.269411301e-28,0.000000000e+00
64.900000,0.000000000e+00,3.748750000e-01,0.000000000e+00,0.000000000e+00,7.197079450e-28,0.000000000e+00
64.910000,0.000000000e+00,3.748750000e-01,0.000000000e+00,0.000000000e+00,7.125467313e-28,0.000000000e+00
64.920000,0.000000000e+00,3.748750000e-01,0.000000000e+00,0.000000000e+00,7.054567729e-28,0.000000000e+00
64.930000,0.000000000e+00,3.748750000e-01,0.000000000e+00,0.000000000e+00,6.984373607e-28,0.000000000e+00
64.940000,0.000000000e+00,3.748750000e-01,0.000000000e+00,0.000000000e+00,6.914877929e-28,0.000000000e+00
64.950000,0.000000000e+00,3.748750000e-01,0.000000000e+00,0.000000000e+00,6.846073744e-28,0.000000000e+00
64.960000,0.000000000e+00,3.748750000e-01,0.000000000e+00,0.000000000e+00,6.777954172e-28,0.000000000e+00
64.970000,0.000000000e+00,3.748750000e-01,0.000000000e+00,0.000000000e+00,6.710512401e-28,0.000000000e+00
64.980000,0.000000000e+00,3.748750000e-01,0.000000000e+00,0.000000000e+00,6.643741687e-28,0.000000000e+00
64.990000,0.000000000e+00,3.748750000e-01,0.000000000e+00,0.000000000e+00,6.577635353e-28,0.000000000e+00
65.000000,0.000000000e+00,3.748750000e-01,0.000000000e+00,0.000000000e+00,6.512186787e-28,0.000000000e+00
