t,x,y,psi,u,v,r
0.000000,0.000000000e+00,0.000000000e+00,0.000000000e+00,0.000000000e+00,0.000000000e+00,0.000000000e+00
0.010000,6.798196395e-05,0.000000000e+00,0.000000000e+00,1.357645111e-02,0.000000000e+00,0.000000000e+00
0.020000,2.711319460e-04,0.000000000e+00,0.000000000e+00,2.703377859e-02,0.000000000e+00,0.000000000e+00
0.030000,6.082639436e-04,0.000000000e+00,0.000000000e+00,4.037302767e-02,0.000000000e+00,0.000000000e+00
0.040000,1.078202361e-03,0.000000000e+00,0.000000000e+00,5.359523441e-02,0.000000000e+00,0.000000000e+00
0.050000,1.679781916e-03,0.000000000e+00,0.000000000e+00,6.670142576e-02,0.000000000e+00,0.000000000e+00
0.060000,2.411847554e-03,0.000000000e+00,0.000000000e+00,7.969261968e-02,0.000000000e+00,0.000000000e+00
0.070000,3.273254351e-03,0.000000000e+00,0.000000000e+00,9.256982519e-02,0.000000000e+00,0.000000000e+00
0.080000,4.262867433e-03,0.000000000e+00,0.000000000e+00,1.053340425e-01,0.000000000e+00,0.000000000e+00
0.090000,5.379561880e-03,0.000000000e+00,0.000000000e+00,1.179862629e-01,0.000000000e+00,0.000000000e+00
0.100000,6.622222645e-03,0.000000000e+00,0.000000000e+00,1.305274691e-01,0.000000000e+00,0.000000000e+00
0.110000,7.989744464e-03,0.000000000e+00,0.000000000e+00,1.429586353e-01,0.000000000e+00,0.000000000e+00
0.120000,9.481031771e-03,0.000000000e+00,0.000000000e+00,1.552807269e-01,0.000000000e+00,0.000000000e+00
0.130000,1.109499861e-02,0.000000000e+00,0.000000000e+00,1.674947009e-01,0.000000000e+00,0.000000000e+00
0.140000,1.283056856e-02,0.000000000e+00,0.000000000e+00,1.796015061e-01,0.000000000e+00,0.000000000e+00
0.150000,1.468667464e-02,0.000000000e+00,0.000000000e+00,1.916020828e-01,0.000000000e+00,0.000000000e+00
0.160000,1.666225923e-02,0.000000000e+00,0.000000000e+00,2.034973630e-01,0.000000000e+00,0.000000000e+00
0.170000,1.875627399e-02,0.000000000e+00,0.000000000e+00,2.152882707e-01,0.000000000e+00,0.000000000e+00
0.180000,2.096767979e-02,0.000000000e+00,0.000000000e+00,2.269757215e-01,0.000000000e+00,0.000000000e+00
0.190000,2.329544660e-02,0.000000000e+00,0.000000000e+00,2.385606234e-01,0.000000000e+00,0.000000000e+00
0.200000,2.573855343e-02,0.000000000e+00,0.000000000e+00,2.500438761e-01,0.000000000e+00,0.000000000e+00
0.210000,2.829598827e-02,0.000000000e+00,0.000000000e+00,2.614263715e-01,0.000000000e+00,0.000000000e+00
0.220000,3.096674795e-02,0.000000000e+00,0.000000000e+00,2.727089936e-01,0.000000000e+00,0.000000000e+00
0.230000,3.374983815e-02,0.000000000e+00,0.000000000e+00,2.838926189e-01,0.000000000e+00,0.000000000e+00
0.240000,3.664427324e-02,0.000000000e+00,0.000000000e+00,2.949781158e-01,0.000000000e+00,0.000000000e+00
0.250000,3.964907624e-02,0.000000000e+00,0.000000000e+00,3.059663454e-01,0.000000000e+00,0.000000000e+00
0.260000,4.276327877e-02,0.000000000e+00,0.000000000e+00,3.168581612e-01,0.000000000e+00,0.000000000e+00
0.270000,4.598592091e-02,0.000000000e+00,0.000000000e+00,3.276544092e-01,0.000000000e+00,0.000000000e+00
0.280000,4.931605119e-02,0.000000000e+00,0.000000000e+00,3.383559278e-01,0.000000000e+00,0.000000000e+00
0.290000,5.275272648e-02,0.000000000e+00,0.000000000e+00,3.489635482e-01,0.000000000e+00,0.000000000e+00
0.300000,5.629501191e-02,0.000000000e+00,0.000000000e+00,3.594780944e-01,0.000000000e+00,0.000000000e+00
0.310000,5.994198084e-02,0.000000000e+00,0.000000000e+00,3.699003830e-01,0.000000000e+00,0.000000000e+00
0.320000,6.369271474e-02,0.000000000e+00,0.000000000e+00,3.802312234e-01,0.000000000e+00,0.000000000e+00
0.330000,6.754630316e-02,0.000000000e+00,0.000000000e+00,3.904714182e-01,0.000000000e+00,0.000000000e+00
0.340000,7.150184361e-02,0.000000000e+00,0.000000000e+00,4.006217626e-01,0.000000000e+00,0.000000000e+00
0.350000,7.555844154e-02,0.000000000e+00,0.000000000e+00,4.106830450e-01,0.000000000e+00,0.000000000e+00
0.360000,7.971521024e-02,0.000000000e+00,0.000000000e+00,4.206560468e-01,0.000000000e+00,0.000000000e+00
0.370000,8.397127079e-02,0.000000000e+00,0.000000000e+00,4.305415427e-01,0.000000000e+00,0.000000000e+00
0.380000,8.832575197e-02,0.000000000e+00,0.000000000e+00,4.403403005e-01,0.000000000e+00,0.000000000e+00
0.390000,9.277779021e-02,0.000000000e+00,0.000000000e+00,4.500530812e-01,0.000000000e+00,0.000000000e+00
0.400000,9.732652952e-02,0.000000000e+00,0.000000000e+00,4.596806392e-01,0.000000000e+00,0.000000000e+00
0.410000,1.019711214e-01,0.000000000e+00,0.000000000e+00,4.692237223e-01,0.000000000e+00,0.000000000e+00
0.420000,1.067107249e-01,0.000000000e+00,0.000000000e+00,4.786830717e-01,0.000000000e+00,0.000000000e+00
0.430000,1.115445062e-01,0.000000000e+00,0.000000000e+00,4.880594221e-01,0.000000000e+00,0.000000000e+00
0.440000,1.164716391e-01,0.000000000e+00,0.000000000e+00,4.973535017e-01,0.000000000e+00,0.000000000e+00
0.450000,1.214913044e-01,0.000000000e+00,0.000000000e+00,5.065660324e-01,0.000000000e+00,0.000000000e+00
0.460000,1.266026903e-01,0.000000000e+00,0.000000000e+00,5.156977298e-01,0.000000000e+00,0.000000000e+00
0.470000,1.318049919e-01,0.000000000e+00,0.000000000e+00,5.247493031e-01,0.000000000e+00,0.000000000e+00
0.480000,1.370974116e-01,0.000000000e+00,0.000000000e+00,5.337214553e-01,0.000000000e+00,0.000000000e+00
0.490000,1.424791586e-01,0.000000000e+00,0.000000000e+00,5.426148833e-01,0.000000000e+00,0.000000000e+00
0.500000,1.479494492e-01,0.000000000e+00,0.000000000e+00,5.514302779e-01,0.000000000e+00,0.000000000e+00
0.510000,1.535075063e-01,0.000000000e+00,0.000000000e+00,5.601683237e-01,0.000000000e+00,0.000000000e+00
0.520000,1.591525601e-01,0.000000000e+00,0.000000000e+00,5.688296994e-01,0.000000000e+00,0.000000000e+00
0.530000,1.648838470e-01,0.000000000e+00,0.000000000e+00,5.774150778e-01,0.000000000e+00,0.000000000e+00
0.540000,1.707006105e-01,0.000000000e+00,0.000000000e+00,5.859251256e-01,0.000000000e+00,0.000000000e+00
0.550000,1.766021006e-01,0.000000000e+00,0.000000000e+00,5.943605038e-01,0.000000000e+00,0.000000000e+00
0.560000,1.825875739e-01,0.000000000e+00,0.000000000e+00,6.027218677e-01,0.000000000e+00,0.000000000e+00
0.570000,1.886562934e-01,0.000000000e+00,0.000000000e+00,6.110098665e-01,0.000000000e+00,0.000000000e+00
0.580000,1.948075288e-01,0.000000000e+00,0.000000000e+00,6.192251442e-01,0.000000000e+00,0.000000000e+00
0.590000,2.010405560e-01,0.000000000e+00,0.000000000e+00,6.273683386e-01,0.000000000e+00,0.000000000e+00
0.600000,2.073546574e-01,0.000000000e+00,0.000000000e+00,6.354400824e-01,0.000000000e+00,0.000000000e+00
0.610000,2.137491216e-01,0.000000000e+00,0.000000000e+00,6.434410024e-01,0.000000000e+00,0.000000000e+00
0.620000,2.202232435e-01,0.000000000e+00,0.000000000e+00,6.513717200e-01,0.000000000e+00,0.000000000e+00
0.630000,2.267763240e-01,0.000000000e+00,0.000000000e+00,6.592328513e-01,0.000000000e+00,0.000000000e+00
0.640000,2.334076706e-01,0.000000000e+00,0.000000000e+00,6.670250069e-01,0.000000000e+00,0.000000000e+00
0.650000,2.401165963e-01,0.000000000e+00,0.000000000e+00,6.747487918e-01,0.000000000e+00,0.000000000e+00
0.660000,2.469024205e-01,0.000000000e+00,0.000000000e+00,6.824048061e-01,0.000000000e+00,0.000000000e+00
0.670000,2.537644685e-01,0.000000000e+00,0.000000000e+00,6.899936443e-01,0.000000000e+00,0.000000000e+00
0.680000,2.607020714e-01,0.000000000e+00,0.000000000e+00,6.975158959e-01,0.000000000e+00,0.000000000e+00
0.690000,2.677145664e-01,0.000000000e+00,0.000000000e+00,7.049721451e-01,0.000000000e+00,0.000000000e+00
0.700000,2.748012963e-01,0.000000000e+00,0.000000000e+00,7.123629711e-01,0.000000000e+00,0.000000000e+00
0.710000,2.819616097e-01,0.000000000e+00,0.000000000e+00,7.196889479e-01,0.000000000e+00,0.000000000e+00
0.720000,2.891948609e-01,0.000000000e+00,0.000000000e+00,7.269506446e-01,0.000000000e+00,0.000000000e+00
0.730000,2.965004102e-01,0.000000000e+00,0.000000000e+00,7.341486250e-01,0.000000000e+00,0.000000000e+00
0.740000,3.038776229e-01,0.000000000e+00,0.000000000e+00,7.412834483e-01,0.000000000e+00,0.000000000e+00
0.750000,3.113258705e-01,0.000000000e+00,0.000000000e+00,7.483556687e-01,0.000000000e+00,0.000000000e+00
0.760000,3.188445295e-01,0.000000000e+00,0.000000000e+00,7.553658353e-01,0.000000000e+00,0.000000000e+00
0.770000,3.264329821e-01,0.000000000e+00,0.000000000e+00,7.623144929e-01,0.000000000e+00,0.000000000e+00
0.780000,3.340906161e-01,0.000000000e+00,0.000000000e+00,7.692021809e-01,0.000000000e+00,0.000000000e+00
0.790000,3.418168243e-01,0.000000000e+00,0.000000000e+00,7.760294344e-01,0.000000000e+00,0.000000000e+00
0.800000,3.496110051e-01,0.000000000e+00,0.000000000e+00,7.827967836e-01,0.000000000e+00,0.000000000e+00
0.810000,3.574725620e-01,0.000000000e+00,0.000000000e+00,7.895047542e-01,0.000000000e+00,0.000000000e+00
0.820000,3.654009040e-01,0.000000000e+00,0.000000000e+00,7.961538672e-01,0.000000000e+00,0.000000000e+00
0.830000,3.733954449e-01,0.000000000e+00,0.000000000e+00,8.027446390e-01,0.000000000e+00,0.000000000e+00
0.840000,3.814556040e-01,0.000000000e+00,0.000000000e+00,8.092775814e-01,0.000000000e+00,0.000000000e+00
0.850000,3.895808055e-01,0.000000000e+00,0.000000000e+00,8.157532020e-01,0.000000000e+00,0.000000000e+00
0.860000,3.977704786e-01,0.000000000e+00,0.000000000e+00,8.221720037e-01,0.000000000e+00,0.000000000e+00
0.870000,4.060240578e-01,0.000000000e+00,0.000000000e+00,8.285344850e-01,0.000000000e+00,0.000000000e+00
0.880000,4.143409823e-01,0.000000000e+00,0.000000000e+00,8.348411400e-01,0.000000000e+00,0.000000000e+00
0.890000,4.227206962e-01,0.000000000e+00,0.000000000e+00,8.410924587e-01,0.000000000e+00,0.000000000e+00
0.900000,4.311626486e-01,0.000000000e+00,0.000000000e+00,8.472889266e-01,0.000000000e+00,0.000000000e+00
0.910000,4.396662935e-01,0.000000000e+00,0.000000000e+00,8.534310249e-01,0.000000000e+00,0.000000000e+00
0.920000,4.482310895e-01,0.000000000e+00,0.000000000e+00,8.595192306e-01,0.000000000e+00,0.000000000e+00
0.930000,4.568565000e-01,0.000000000e+00,0.000000000e+00,8.655540168e-01,0.000000000e+00,0.000000000e+00
0.940000,4.655419933e-01,0.000000000e+00,0.000000000e+00,8.715358520e-01,0.000000000e+00,0.000000000e+00
0.950000,4.742870421e-01,0.000000000e+00,0.000000000e+00,8.774652009e-01,0.000000000e+00,0.000000000e+00
0.960000,4.830911239e-01,0.000000000e+00,0.000000000e+00,8.833425240e-01,0.000000000e+00,0.000000000e+00
0.970000,4.919537207e-01,0.000000000e+00,0.000000000e+00,8.891682778e-01,0.000000000e+00,0.000000000e+00
0.980000,5.008743191e-01,0.000000000e+00,0.000000000e+00,8.949429149e-01,0.000000000e+00,0.000000000e+00
0.990000,5.098524101e-01,0.000000000e+00,0.000000000e+00,9.006668836e-01,0.000000000e+00,0.000000000e+00
1.000000,5.188874893e-01,0.000000000e+00,0.000000000e+00,9.063406286e-01,0.000000000e+00,0.000000000e+00
1.010000,5.279790567e-01,0.000000000e+00,0.000000000e+00,9.119645905e-01,0.000000000e+00,0.000000000e+00
1.020000,5.371266166e-01,0.000000000e+00,0.000000000e+00,9.175392062e-01,0.000000000e+00,0.000000000e+00
1.030000,5.463296778e-01,0.000000000e+00,0.000000000e+00,9.230649087e-01,0.000000000e+00,0.000000000e+00
1.040000,5.555877532e-01,0.000000000e+00,0.000000000e+00,9.285421271e-01,0.000000000e+00,0.000000000e+00
1.050000,5.649003601e-01,0.000000000e+00,0.000000000e+00,9.339712868e-01,0.000000000e+00,0.000000000e+00
1.060000,5.742670201e-01,0.000000000e+00,0.000000000e+00,9.393528095e-01,0.000000000e+00,0.000000000e+00
1.070000,5.836872589e-01,0.000000000e+00,0.000000000e+00,9.446871132e-01,0.000000000e+00,0.000000000e+00
1.080000,5.931606064e-01,0.000000000e+00,0.000000000e+00,9.499746123e-01,0.000000000e+00,0.000000000e+00
1.090000,6.026865965e-01,0.000000000e+00,0.000000000e+00,9.552157173e-01,0.000000000e+00,0.000000000e+00
1.100000,6.122647675e-01,0.000000000e+00,0.000000000e+00,9.604108354e-01,0.000000000e+00,0.000000000e+00
1.110000,6.218946613e-01,0.000000000e+00,0.000000000e+00,9.655603700e-01,0.000000000e+00,0.000000000e+00
1.120000,6.315758242e-01,0.000000000e+00,0.000000000e+00,9.706647212e-01,0.000000000e+00,0.000000000e+00
1.130000,6.413078064e-01,0.000000000e+00,0.000000000e+00,9.757242854e-01,0.000000000e+00,0.000000000e+00
1.140000,6.510901620e-01,0.000000000e+00,0.000000000e+00,9.807394555e-01,0.000000000e+00,0.000000000e+00
1.150000,6.609224489e-01,0.000000000e+00,0.000000000e+00,9.857106210e-01,0.000000000e+00,0.000000000e+00
1.160000,6.708042290e-01,0.000000000e+00,0.000000000e+00,9.906381682e-01,0.000000000e+00,0.000000000e+00
1.170000,6.807350681e-01,0.000000000e+00,0.000000000e+00,9.955224797e-01,0.000000000e+00,0.000000000e+00
1.180000,6.907145357e-01,0.000000000e+00,0.000000000e+00,1.000363935e+00,0.000000000e+00,0.000000000e+00
1.190000,7.007422052e-01,0.000000000e+00,0.000000000e+00,1.005162910e+00,0.000000000e+00,0.000000000e+00
1.200000,7.108176536e-01,0.000000000e+00,0.000000000e+00,1.009919777e+00,0.000000000e+00,0.000000000e+00
1.210000,7.209404616e-01,0.000000000e+00,0.000000000e+00,1.014634906e+00,0.000000000e+00,0.000000000e+00
1.220000,7.311102138e-01,0.000000000e+00,0.000000000e+00,1.019308663e+00,0.000000000e+00,0.000000000e+00
1.230000,7.413264982e-01,0.000000000e+00,0.000000000e+00,1.023941412e+00,0.000000000e+00,0.000000000e+00
1.240000,7.515889065e-01,0.000000000e+00,0.000000000e+00,1.028533511e+00,0.000000000e+00,0.000000000e+00
1.250000,7.618970341e-01,0.000000000e+00,0.000000000e+00,1.033085318e+00,0.000000000e+00,0.000000000e+00
1.260000,7.722504798e-01,0.000000000e+00,0.000000000e+00,1.037597186e+00,0.000000000e+00,0.000000000e+00
1.270000,7.826488459e-01,0.000000000e+00,0.000000000e+00,1.042069466e+00,0.000000000e+00,0.000000000e+00
1.280000,7.930917383e-01,0.000000000e+00,0.000000000e+00,1.046502505e+00,0.000000000e+00,0.000000000e+00
1.290000,8.035787663e-01,0.000000000e+00,0.000000000e+00,1.050896647e+00,0.000000000e+00,0.000000000e+00
1.300000,8.141095427e-01,0.000000000e+00,0.000000000e+00,1.055252233e+00,0.000000000e+00,0.000000000e+00
1.310000,8.246836836e-01,0.000000000e+00,0.000000000e+00,1.059569603e+00,0.000000000e+00,0.000000000e+00
1.320000,8.353008085e-01,0.000000000e+00,0.000000000e+00,1.063849090e+00,0.000000000e+00,0.000000000e+00
1.330000,8.459605403e-01,0.000000000e+00,0.000000000e+00,1.068091029e+00,0.000000000e+00,0.000000000e+00
1.340000,8.566625050e-01,0.000000000e+00,0.000000000e+00,1.072295747e+00,0.000000000e+00,0.000000000e+00
1.350000,8.674063322e-01,0.000000000e+00,0.000000000e+00,1.076463571e+00,0.000000000e+00,0.000000000e+00
1.360000,8.781916545e-01,0.000000000e+00,0.000000000e+00,1.080594827e+00,0.000000000e+00,0.000000000e+00
1.370000,8.890181079e-01,0.000000000e+00,0.000000000e+00,1.084689833e+00,0.000000000e+00,0.000000000e+00
1.380000,8.998853314e-01,0.000000000e+00,0.000000000e+00,1.088748908e+00,0.000000000e+00,0.000000000e+00
1.390000,9.107929674e-01,0.000000000e+00,0.000000000e+00,1.092772369e+00,0.000000000e+00,0.000000000e+00
1.400000,9.217406611e-01,0.000000000e+00,0.000000000e+00,1.096760526e+00,0.000000000e+00,0.000000000e+00
1.410000,9.327280612e-01,0.000000000e+00,0.000000000e+00,1.100713689e+00,0.000000000e+00,0.000000000e+00
1.420000,9.437548193e-01,0.000000000e+00,0.000000000e+00,1.104632167e+00,0.000000000e+00,0.000000000e+00
1.430000,9.548205900e-01,0.000000000e+00,0.000000000e+00,1.108516263e+00,0.000000000e+00,0.000000000e+00
1.440000,9.659250310e-01,0.000000000e+00,0.000000000e+00,1.112366279e+00,0.000000000e+00,0.000000000e+00
1.450000,9.770678029e-01,0.000000000e+00,0.000000000e+00,1.116182513e+00,0.000000000e+00,0.000000000e+00
1.460000,9.882485696e-01,0.000000000e+00,0.000000000e+00,1.119965263e+00,0.000000000e+00,0.000000000e+00
1.470000,9.994669976e-01,0.000000000e+00,0.000000000e+00,1.123714822e+00,0.000000000e+00,0.000000000e+00
1.480000,1.010722756e+00,0.000000000e+00,0.000000000e+00,1.127431481e+00,0.000000000e+00,0.000000000e+00
1.490000,1.022015518e+00,0.000000000e+00,0.000000000e+00,1.131115530e+00,0.000000000e+00,0.000000000e+00
1.500000,1.033344959e+00,0.000000000e+00,0.000000000e+00,1.134767253e+00,0.000000000e+00,0.000000000e+00
1.510000,1.044710757e+00,0.000000000e+00,0.000000000e+00,1.138386935e+00,0.000000000e+00,0.000000000e+00
1.520000,1.056112592e+00,0.000000000e+00,0.000000000e+00,1.141974857e+00,0.000000000e+00,0.000000000e+00
1.530000,1.067550149e+00,0.000000000e+00,0.000000000e+00,1.145531298e+00,0.000000000e+00,0.000000000e+00
1.540000,1.079023114e+00,0.000000000e+00,0.000000000e+00,1.149056533e+00,0.000000000e+00,0.000000000e+00
1.550000,1.090531177e+00,0.000000000e+00,0.000000000e+00,1.152550837e+00,0.000000000e+00,0.000000000e+00
1.560000,1.102074029e+00,0.000000000e+00,0.000000000e+00,1.156014481e+00,0.000000000e+00,0.000000000e+00
1.570000,1.113651365e+00,0.000000000e+00,0.000000000e+00,1.159447734e+00,0.000000000e+00,0.000000000e+00
1.580000,1.125262883e+00,0.000000000e+00,0.000000000e+00,1.162850862e+00,0.000000000e+00,0.000000000e+00
1.590000,1.136908283e+00,0.000000000e+00,0.000000000e+00,1.166224131e+00,0.000000000e+00,0.000000000e+00
1.600000,1.148587267e+00,0.000000000e+00,0.000000000e+00,1.169567801e+00,0.000000000e+00,0.000000000e+00
1.610000,1.160299541e+00,0.000000000e+00,0.000000000e+00,1.172882134e+00,0.000000000e+00,0.000000000e+00
1.620000,1.172044812e+00,0.000000000e+00,0.000000000e+00,1.176167385e+00,0.000000000e+00,0.000000000e+00
1.630000,1.183822792e+00,0.000000000e+00,0.000000000e+00,1.179423811e+00,0.000000000e+00,0.000000000e+00
1.640000,1.195633193e+00,0.000000000e+00,0.000000000e+00,1.182651663e+00,0.000000000e+00,0.000000000e+00
1.650000,1.207475731e+00,0.000000000e+00,0.000000000e+00,1.185851194e+00,0.000000000e+00,0.000000000e+00
1.660000,1.219350124e+00,0.000000000e+00,0.000000000e+00,1.189022651e+00,0.000000000e+00,0.000000000e+00
1.670000,1.231256092e+00,0.000000000e+00,0.000000000e+00,1.192166281e+00,0.000000000e+00,0.000000000e+00
1.680000,1.243193357e+00,0.000000000e+00,0.000000000e+00,1.195282328e+00,0.000000000e+00,0.000000000e+00
1.690000,1.255161647e+00,0.000000000e+00,0.000000000e+00,1.198371034e+00,0.000000000e+00,0.000000000e+00
1.700000,1.267160688e+00,0.000000000e+00,0.000000000e+00,1.201432638e+00,0.000000000e+00,0.000000000e+00
1.710000,1.279190210e+00,0.000000000e+00,0.000000000e+00,1.204467379e+00,0.000000000e+00,0.000000000e+00
1.720000,1.291249947e+00,0.000000000e+00,0.000000000e+00,1.207475493e+00,0.000000000e+00,0.000000000e+00
1.730000,1.303339632e+00,0.000000000e+00,0.000000000e+00,1.210457212e+00,0.000000000e+00,0.000000000e+00
1.740000,1.315459004e+00,0.000000000e+00,0.000000000e+00,1.213412769e+00,0.000000000e+00,0.000000000e+00
1.750000,1.327607801e+00,0.000000000e+00,0.000000000e+00,1.216342393e+00,0.000000000e+00,0.000000000e+00
1.760000,1.339785766e+00,0.000000000e+00,0.000000000e+00,1.219246312e+00,0.000000000e+00,0.000000000e+00
1.770000,1.351992642e+00,0.000000000e+00,0.000000000e+00,1.222124751e+00,0.000000000e+00,0.000000000e+00
1.780000,1.364228177e+00,0.000000000e+00,0.000000000e+00,1.224977934e+00,0.000000000e+00,0.000000000e+00
1.790000,1.376492118e+00,0.000000000e+00,0.000000000e+00,1.227806082e+00,0.000000000e+00,0.000000000e+00
1.800000,1.388784216e+00,0.000000000e+00,0.000000000e+00,1.230609415e+00,0.000000000e+00,0.000000000e+00
1.810000,1.401104224e+00,0.000000000e+00,0.000000000e+00,1.233388151e+00,0.000000000e+00,0.000000000e+00
1.820000,1.413451897e+00,0.000000000e+00,0.000000000e+00,1.236142505e+00,0.000000000e+00,0.000000000e+00
1.830000,1.425826993e+00,0.000000000e+00,0.000000000e+00,1.238872692e+00,0.000000000e+00,0.000000000e+00
1.840000,1.438229271e+00,0.000000000e+00,0.000000000e+00,1.241578924e+00,0.000000000e+00,0.000000000e+00
1.850000,1.450658493e+00,0.000000000e+00,0.000000000e+00,1.244261410e+00,0.000000000e+00,0.000000000e+00
1.860000,1.463114421e+00,0.000000000e+00,0.000000000e+00,1.246920359e+00,0.000000000e+00,0.000000000e+00
1.870000,1.475596822e+00,0.000000000e+00,0.000000000e+00,1.249555978e+00,0.000000000e+00,0.000000000e+00
1.880000,1.488105464e+00,0.000000000e+00,0.000000000e+00,1.252168472e+00,0.000000000e+00,0.000000000e+00
1.890000,1.500640115e+00,0.000000000e+00,0.000000000e+00,1.254758042e+00,0.000000000e+00,0.000000000e+00
1.900000,1.513200549e+00,0.000000000e+00,0.000000000e+00,1.257324891e+00,0.000000000e+00,0.000000000e+00
1.910000,1.525786538e+00,0.000000000e+00,0.000000000e+00,1.259869218e+00,0.000000000e+00,0.000000000e+00
1.920000,1.538397859e+00,0.000000000e+00,0.000000000e+00,1.262391220e+00,0.000000000e+00,0.000000000e+00
1.930000,1.551034289e+00,0.000000000e+00,0.000000000e+00,1.264891093e+00,0.000000000e+00,0.000000000e+00
1.940000,1.563695607e+00,0.000000000e+00,0.000000000e+00,1.267369032e+00,0.000000000e+00,0.000000000e+00
1.950000,1.576381597e+00,0.000000000e+00,0.000000000e+00,1.269825228e+00,0.000000000e+00,0.000000000e+00
1.960000,1.589092040e+00,0.000000000e+00,0.000000000e+00,1.272259874e+00,0.000000000e+00,0.000000000e+00
1.970000,1.601826723e+00,0.000000000e+00,0.000000000e+00,1.274673157e+00,0.000000000e+00,0.000000000e+00
1.980000,1.614585433e+00,0.000000000e+00,0.000000000e+00,1.277065265e+00,0.000000000e+00,0.000000000e+00
1.990000,1.627367958e+00,0.000000000e+00,0.000000000e+00,1.279436384e+00,0.000000000e+00,0.000000000e+00
2.000000,1.640174091e+00,0.000000000e+00,0.000000000e+00,1.281786698e+00,0.000000000e+00,0.000000000e+00
2.010000,1.653003624e+00,0.000000000e+00,0.000000000e+00,1.284116390e+00,0.000000000e+00,0.000000000e+00
2.020000,1.665856351e+00,0.000000000e+00,0.000000000e+00,1.286425640e+00,0.000000000e+00,0.000000000e+00
2.030000,1.678732069e+00,0.000000000e+00,0.000000000e+00,1.288714629e+00,0.000000000e+00,0.000000000e+00
2.040000,1.691630576e+00,0.000000000e+00,0.000000000e+00,1.290983533e+00,0.000000000e+00,0.000000000e+00
2.050000,1.704551673e+00,0.000000000e+00,0.000000000e+00,1.293232529e+00,0.000000000e+00,0.000000000e+00
2.060000,1.717495161e+00,0.000000000e+00,0.000000000e+00,1.295461792e+00,0.000000000e+00,0.000000000e+00
2.070000,1.730460844e+00,0.000000000e+00,0.000000000e+00,1.297671495e+00,0.000000000e+00,0.000000000e+00
2.080000,1.743448526e+00,0.000000000e+00,0.000000000e+00,1.299861809e+00,0.000000000e+00,0.000000000e+00
2.090000,1.756458016e+00,0.000000000e+00,0.000000000e+00,1.302032905e+00,0.000000000e+00,0.000000000e+00
2.100000,1.769489121e+00,0.000000000e+00,0.000000000e+00,1.304184951e+00,0.000000000e+00,0.000000000e+00
2.110000,1.782541652e+00,0.000000000e+00,0.000000000e+00,1.306318114e+00,0.000000000e+00,0.000000000e+00
2.120000,1.795615421e+00,0.000000000e+00,0.000000000e+00,1.308432560e+00,0.000000000e+00,0.000000000e+00
2.130000,1.808710241e+00,0.000000000e+00,0.000000000e+00,1.310528454e+00,0.000000000e+00,0.000000000e+00
2.140000,1.821825929e+00,0.000000000e+00,0.000000000e+00,1.312605958e+00,0.000000000e+00,0.000000000e+00
2.150000,1.834962300e+00,0.000000000e+00,0.000000000e+00,1.314665233e+00,0.000000000e+00,0.000000000e+00
2.160000,1.848119173e+00,0.000000000e+00,0.000000000e+00,1.316706439e+00,0.000000000e+00,0.000000000e+00
2.170000,1.861296369e+00,0.000000000e+00,0.000000000e+00,1.318729735e+00,0.000000000e+00,0.000000000e+00
2.180000,1.874493709e+00,0.000000000e+00,0.000000000e+00,1.320735278e+00,0.000000000e+00,0.000000000e+00
2.190000,1.887711016e+00,0.000000000e+00,0.000000000e+00,1.322723224e+00,0.000000000e+00,0.000000000e+00
2.200000,1.900948115e+00,0.000000000e+00,0.000000000e+00,1.324693728e+00,0.000000000e+00,0.000000000e+00
2.210000,1.914204833e+00,0.000000000e+00,0.000000000e+00,1.326646941e+00,0.000000000e+00,0.000000000e+00
2.220000,1.927480997e+00,0.000000000e+00,0.000000000e+00,1.328583016e+00,0.000000000e+00,0.000000000e+00
2.230000,1.940776436e+00,0.000000000e+00,0.000000000e+00,1.330502104e+00,0.000000000e+00,0.000000000e+00
2.240000,1.954090983e+00,0.000000000e+00,0.000000000e+00,1.332404353e+00,0.000000000e+00,0.000000000e+00
2.250000,1.967424468e+00,0.000000000e+00,0.000000000e+00,1.334289912e+00,0.000000000e+00,0.000000000e+00
2.260000,1.980776726e+00,0.000000000e+00,0.000000000e+00,1.336158925e+00,0.000000000e+00,0.000000000e+00
2.270000,1.994147592e+00,0.000000000e+00,0.000000000e+00,1.338011540e+00,0.000000000e+00,0.000000000e+00
2.280000,2.007536902e+00,0.000000000e+00,0.000000000e+00,1.339847899e+00,0.000000000e+00,0.000000000e+00
2.290000,2.020944496e+00,0.000000000e+00,0.000000000e+00,1.341668146e+00,0.000000000e+00,0.000000000e+00
2.300000,2.034370212e+00,0.000000000e+00,0.000000000e+00,1.343472421e+00,0.000000000e+00,0.000000000e+00
2.310000,2.047813891e+00,0.000000000e+00,0.000000000e+00,1.345260865e+00,0.000000000e+00,0.000000000e+00
2.320000,2.061275377e+00,0.000000000e+00,0.000000000e+00,1.347033616e+00,0.000000000e+00,0.000000000e+00
2.330000,2.074754512e+00,0.000000000e+00,0.000000000e+00,1.348790813e+00,0.000000000e+00,0.000000000e+00
2.340000,2.088251142e+00,0.000000000e+00,0.000000000e+00,1.350532592e+00,0.000000000e+00,0.000000000e+00
2.350000,2.101765113e+00,0.000000000e+00,0.000000000e+00,1.352259088e+00,0.000000000e+00,0.000000000e+00
2.360000,2.115296273e+00,0.000000000e+00,0.000000000e+00,1.353970435e+00,0.000000000e+00,0.000000000e+00
2.370000,2.128844472e+00,0.000000000e+00,0.000000000e+00,1.355666767e+00,0.000000000e+00,0.000000000e+00
2.380000,2.142409559e+00,0.000000000e+00,0.000000000e+00,1.357348214e+00,0.000000000e+00,0.000000000e+00
2.390000,2.155991387e+00,0.000000000e+00,0.000000000e+00,1.359014908e+00,0.000000000e+00,0.000000000e+00
2.400000,2.169589808e+00,0.000000000e+00,0.000000000e+00,1.360666977e+00,0.000000000e+00,0.000000000e+00
2.410000,2.183204678e+00,0.000000000e+00,0.000000000e+00,1.362304551e+00,0.000000000e+00,0.000000000e+00
2.420000,2.196835851e+00,0.000000000e+00,0.000000000e+00,1.363927757e+00,0.000000000e+00,0.000000000e+00
2.430000,2.210483185e+00,0.000000000e+00,0.000000000e+00,1.365536720e+00,0.000000000e+00,0.000000000e+00
2.440000,2.224146539e+00,0.000000000e+00,0.000000000e+00,1.367131565e+00,0.000000000e+00,0.000000000e+00
2.450000,2.237825770e+00,0.000000000e+00,0.000000000e+00,1.368712417e+00,0.000000000e+00,0.000000000e+00
2.460000,2.251520741e+00,0.000000000e+00,0.000000000e+00,1.370279398e+00,0.000000000e+00,0.000000000e+00
2.470000,2.265231312e+00,0.000000000e+00,0.000000000e+00,1.371832630e+00,0.000000000e+00,0.000000000e+00
2.480000,2.278957348e+00,0.000000000e+00,0.000000000e+00,1.373372233e+00,0.000000000e+00,0.000000000e+00
2.490000,2.292698712e+00,0.000000000e+00,0.000000000e+00,1.374898328e+00,0.000000000e+00,0.000000000e+00
2.500000,2.306455270e+00,0.000000000e+00,0.000000000e+00,1.376411032e+00,0.000000000e+00,0.000000000e+00
2.510000,2.320226888e+00,0.000000000e+00,0.000000000e+00,1.377910463e+00,0.000000000e+00,0.000000000e+00
2.520000,2.334013435e+00,0.000000000e+00,0.000000000e+00,1.379396738e+00,0.000000000e+00,0.000000000e+00
2.530000,2.347814780e+00,0.000000000e+00,0.000000000e+00,1.380869972e+00,0.000000000e+00,0.000000000e+00
2.540000,2.361630792e+00,0.000000000e+00,0.000000000e+00,1.382330279e+00,0.000000000e+00,0.000000000e+00
2.550000,2.375461342e+00,0.000000000e+00,0.000000000e+00,1.383777773e+00,0.000000000e+00,0.000000000e+00
2.560000,2.389306305e+00,0.000000000e+00,0.000000000e+00,1.385212566e+00,0.000000000e+00,0.000000000e+00
2.570000,2.403165552e+00,0.000000000e+00,0.000000000e+00,1.386634770e+00,0.000000000e+00,0.000000000e+00
2.580000,2.417038959e+00,0.000000000e+00,0.000000000e+00,1.388044496e+00,0.000000000e+00,0.000000000e+00
2.590000,2.430926401e+00,0.000000000e+00,0.000000000e+00,1.389441851e+00,0.000000000e+00,0.000000000e+00
2.600000,2.444827755e+00,0.000000000e+00,0.000000000e+00,1.390826947e+00,0.000000000e+00,0.000000000e+00
2.610000,2.458742899e+00,0.000000000e+00,0.000000000e+00,1.392199888e+00,0.000000000e+00,0.000000000e+00
2.620000,2.472671712e+00,0.000000000e+00,0.000000000e+00,1.393560784e+00,0.000000000e+00,0.000000000e+00
2.630000,2.486614075e+00,0.000000000e+00,0.000000000e+00,1.394909738e+00,0.000000000e+00,0.000000000e+00
2.640000,2.500569868e+00,0.000000000e+00,0.000000000e+00,1.396246856e+00,0.000000000e+00,0.000000000e+00
2.650000,2.514538973e+00,0.000000000e+00,0.000000000e+00,1.397572243e+00,0.000000000e+00,0.000000000e+00
2.660000,2.528521274e+00,0.000000000e+00,0.000000000e+00,1.398885999e+00,0.000000000e+00,0.000000000e+00
2.670000,2.542516654e+00,0.000000000e+00,0.000000000e+00,1.400188229e+00,0.000000000e+00,0.000000000e+00
2.680000,2.556525000e+00,0.000000000e+00,0.000000000e+00,1.401479032e+00,0.000000000e+00,0.000000000e+00
2.690000,2.570546197e+00,0.000000000e+00,0.000000000e+00,1.402758510e+00,0.000000000e+00,0.000000000e+00
2.700000,2.584580133e+00,0.000000000e+00,0.000000000e+00,1.404026761e+00,0.000000000e+00,0.000000000e+00
2.710000,2.598626695e+00,0.000000000e+00,0.000000000e+00,1.405283884e+00,0.000000000e+00,0.000000000e+00
2.720000,2.612685774e+00,0.000000000e+00,0.000000000e+00,1.406529976e+00,0.000000000e+00,0.000000000e+00
2.730000,2.626757258e+00,0.000000000e+00,0.000000000e+00,1.407765135e+00,0.000000000e+00,0.000000000e+00
2.740000,2.640841040e+00,0.000000000e+00,0.000000000e+00,1.408989457e+00,0.000000000e+00,0.000000000e+00
2.750000,2.654937012e+00,0.000000000e+00,0.000000000e+00,1.410203036e+00,0.000000000e+00,0.000000000e+00
2.760000,2.669045066e+00,0.000000000e+00,0.000000000e+00,1.411405966e+00,0.000000000e+00,0.000000000e+00
2.770000,2.683165096e+00,0.000000000e+00,0.000000000e+00,1.412598342e+00,0.000000000e+00,0.000000000e+00
2.780000,2.697296998e+00,0.000000000e+00,0.000000000e+00,1.413780255e+00,0.000000000e+00,0.000000000e+00
2.790000,2.711440666e+00,0.000000000e+00,0.000000000e+00,1.414951798e+00,0.000000000e+00,0.000000000e+00
2.800000,2.725595999e+00,0.000000000e+00,0.000000000e+00,1.416113062e+00,0.000000000e+00,0.000000000e+00
2.810000,2.739762894e+00,0.000000000e+00,0.000000000e+00,1.417264136e+00,0.000000000e+00,0.000000000e+00
2.820000,2.753941248e+00,0.000000000e+00,0.000000000e+00,1.418405111e+00,0.000000000e+00,0.000000000e+00
2.830000,2.768130963e+00,0.000000000e+00,0.000000000e+00,1.419536074e+00,0.000000000e+00,0.000000000e+00
2.840000,2.782331937e+00,0.000000000e+00,0.000000000e+00,1.420657114e+00,0.000000000e+00,0.000000000e+00
2.850000,2.796544072e+00,0.000000000e+00,0.000000000e+00,1.421768318e+00,0.000000000e+00,0.000000000e+00
2.860000,2.810767271e+00,0.000000000e+00,0.000000000e+00,1.422869771e+00,0.000000000e+00,0.000000000e+00
2.870000,2.825001435e+00,0.000000000e+00,0.000000000e+00,1.423961560e+00,0.000000000e+00,0.000000000e+00
2.880000,2.839246470e+00,0.000000000e+00,0.000000000e+00,1.425043770e+00,0.000000000e+00,0.000000000e+00
2.890000,2.853502279e+00,0.000000000e+00,0.000000000e+00,1.426116483e+00,0.000000000e+00,0.000000000e+00
2.900000,2.867768768e+00,0.000000000e+00,0.000000000e+00,1.427179785e+00,0.000000000e+00,0.000000000e+00
2.910000,2.882045844e+00,0.000000000e+00,0.000000000e+00,1.428233757e+00,0.000000000e+00,0.000000000e+00
2.920000,2.896333413e+00,0.000000000e+00,0.000000000e+00,1.429278481e+00,0.000000000e+00,0.000000000e+00
2.930000,2.910631383e+00,0.000000000e+00,0.000000000e+00,1.430314038e+00,0.000000000e+00,0.000000000e+00
2.940000,2.924939663e+00,0.000000000e+00,0.000000000e+00,1.431340509e+00,0.000000000e+00,0.000000000e+00
2.950000,2.939258163e+00,0.000000000e+00,0.000000000e+00,1.432357973e+00,0.000000000e+00,0.000000000e+00
2.960000,2.953586793e+00,0.000000000e+00,0.000000000e+00,1.433366510e+00,0.000000000e+00,0.000000000e+00
2.970000,2.967925464e+00,0.000000000e+00,0.000000000e+00,1.434366198e+00,0.000000000e+00,0.000000000e+00
2.980000,2.982274087e+00,0.000000000e+00,0.000000000e+00,1.435357114e+00,0.000000000e+00,0.000000000e+00
2.990000,2.996632577e+00,0.000000000e+00,0.000000000e+00,1.436339336e+00,0.000000000e+00,0.000000000e+00
3.000000,3.011000845e+00,0.000000000e+00,0.000000000e+00,1.437312939e+00,0.000000000e+00,0.000000000e+00
3.010000,3.025378807e+00,0.000000000e+00,0.000000000e+00,1.438278000e+00,0.000000000e+00,0.000000000e+00
3.020000,3.039766377e+00,0.000000000e+00,0.000000000e+00,1.439234593e+00,0.000000000e+00,0.000000000e+00
3.030000,3.054163471e+00,0.000000000e+00,0.000000000e+00,1.440182792e+00,0.000000000e+00,0.000000000e+00
3.040000,3.068570005e+00,0.000000000e+00,0.000000000e+00,1.441122672e+00,0.000000000e+00,0.000000000e+00
3.050000,3.082985897e+00,0.000000000e+00,0.000000000e+00,1.442054305e+00,0.000000000e+00,0.000000000e+00
3.060000,3.097411064e+00,0.000000000e+00,0.000000000e+00,1.442977763e+00,0.000000000e+00,0.000000000e+00
3.070000,3.111845425e+00,0.000000000e+00,0.000000000e+00,1.443893119e+00,0.000000000e+00,0.000000000e+00
3.080000,3.126288900e+00,0.000000000e+00,0.000000000e+00,1.444800443e+00,0.000000000e+00,0.000000000e+00
3.090000,3.140741408e+00,0.000000000e+00,0.000000000e+00,1.445699807e+00,0.000000000e+00,0.000000000e+00
3.100000,3.155202870e+00,0.000000000e+00,0.000000000e+00,1.446591278e+00,0.000000000e+00,0.000000000e+00
3.110000,3.169673207e+00,0.000000000e+00,0.000000000e+00,1.447474928e+00,0.000000000e+00,0.000000000e+00
3.120000,3.184152342e+00,0.000000000e+00,0.000000000e+00,1.448350825e+00,0.000000000e+00,0.000000000e+00
3.130000,3.198640198e+00,0.000000000e+00,0.000000000e+00,1.449219036e+00,0.000000000e+00,0.000000000e+00
3.140000,3.213136698e+00,0.000000000e+00,0.000000000e+00,1.450079629e+00,0.000000000e+00,0.000000000e+00
3.150000,3.227641765e+00,0.000000000e+00,0.000000000e+00,1.450932671e+00,0.000000000e+00,0.000000000e+00
3.160000,3.242155326e+00,0.000000000e+00,0.000000000e+00,1.451778228e+00,0.000000000e+00,0.000000000e+00
3.170000,3.256677305e+00,0.000000000e+00,0.000000000e+00,1.452616367e+00,0.000000000e+00,0.000000000e+00
3.180000,3.271207629e+00,0.000000000e+00,0.000000000e+00,1.453447151e+00,0.000000000e+00,0.000000000e+00
3.190000,3.285746224e+00,0.000000000e+00,0.000000000e+00,1.454270645e+00,0.000000000e+00,0.000000000e+00
3.200000,3.300293018e+00,0.000000000e+00,0.000000000e+00,1.455086914e+00,0.000000000e+00,0.000000000e+00
3.210000,3.314847938e+00,0.000000000e+00,0.000000000e+00,1.455896021e+00,0.000000000e+00,0.000000000e+00
3.220000,3.329410914e+00,0.000000000e+00,0.000000000e+00,1.456698028e+00,0.000000000e+00,0.000000000e+00
3.230000,3.343981875e+00,0.000000000e+00,0.000000000e+00,1.457492998e+00,0.000000000e+00,0.000000000e+00
3.240000,3.358560751e+00,0.000000000e+00,0.000000000e+00,1.458280994e+00,0.000000000e+00,0.000000000e+00
3.250000,3.373147472e+00,0.000000000e+00,0.000000000e+00,1.459062075e+00,0.000000000e+00,0.000000000e+00
3.260000,3.387741970e+00,0.000000000e+00,0.000000000e+00,1.459836302e+00,0.000000000e+00,0.000000000e+00
3.270000,3.402344176e+00,0.000000000e+00,0.000000000e+00,1.460603736e+00,0.000000000e+00,0.000000000e+00
3.280000,3.416954022e+00,0.000000000e+00,0.000000000e+00,1.461364437e+00,0.000000000e+00,0.000000000e+00
3.290000,3.431571442e+00,0.000000000e+00,0.000000000e+00,1.462118463e+00,0.000000000e+00,0.000000000e+00
3.300000,3.446196369e+00,0.000000000e+00,0.000000000e+00,1.462865873e+00,0.000000000e+00,0.000000000e+00
3.310000,3.460828738e+00,0.000000000e+00,0.000000000e+00,1.463606725e+00,0.000000000e+00,0.000000000e+00
3.320000,3.475468482e+00,0.000000000e+00,0.000000000e+00,1.464341076e+00,0.000000000e+00,0.000000000e+00
3.330000,3.490115538e+00,0.000000000e+00,0.000000000e+00,1.465068984e+00,0.000000000e+00,0.000000000e+00
3.340000,3.504769841e+00,0.000000000e+00,0.000000000e+00,1.465790506e+00,0.000000000e+00,0.000000000e+00
3.350000,3.519431327e+00,0.000000000e+00,0.000000000e+00,1.466505696e+00,0.000000000e+00,0.000000000e+00
3.360000,3.534099934e+00,0.000000000e+00,0.000000000e+00,1.467214611e+00,0.000000000e+00,0.000000000e+00
3.370000,3.548775598e+00,0.000000000e+00,0.000000000e+00,1.467917306e+00,0.000000000e+00,0.000000000e+00
3.380000,3.563458259e+00,0.000000000e+00,0.000000000e+00,1.468613835e+00,0.000000000e+00,0.000000000e+00
3.390000,3.578147855e+00,0.000000000e+00,0.000000000e+00,1.469304253e+00,0.000000000e+00,0.000000000e+00
3.400000,3.592844324e+00,0.000000000e+00,0.000000000e+00,1.469988613e+00,0.000000000e+00,0.000000000e+00
3.410000,3.607547607e+00,0.000000000e+00,0.000000000e+00,1.470666968e+00,0.000000000e+00,0.000000000e+00
3.420000,3.622257644e+00,0.000000000e+00,0.000000000e+00,1.471339371e+00,0.000000000e+00,0.000000000e+00
3.430000,3.636974375e+00,0.000000000e+00,0.000000000e+00,1.472005874e+00,0.000000000e+00,0.000000000e+00
3.440000,3.651697742e+00,0.000000000e+00,0.000000000e+00,1.472666529e+00,0.000000000e+00,0.000000000e+00
3.450000,3.666427686e+00,0.000000000e+00,0.000000000e+00,1.473321387e+00,0.000000000e+00,0.000000000e+00
3.460000,3.681164150e+00,0.000000000e+00,0.000000000e+00,1.473970500e+00,0.000000000e+00,0.000000000e+00
3.470000,3.695907077e+00,0.000000000e+00,0.000000000e+00,1.474613916e+00,0.000000000e+00,0.000000000e+00
3.480000,3.710656410e+00,0.000000000e+00,0.000000000e+00,1.475251688e+00,0.000000000e+00,0.000000000e+00
3.490000,3.725412092e+00,0.000000000e+00,0.000000000e+00,1.475883863e+00,0.000000000e+00,0.000000000e+00
3.500000,3.740174068e+00,0.000000000e+00,0.000000000e+00,1.476510491e+00,0.000000000e+00,0.000000000e+00
3.510000,3.754942283e+00,0.000000000e+00,0.000000000e+00,1.477131622e+00,0.000000000e+00,0.000000000e+00
3.520000,3.769716683e+00,0.000000000e+00,0.000000000e+00,1.477747302e+00,0.000000000e+00,0.000000000e+00
3.530000,3.784497212e+00,0.000000000e+00,0.000000000e+00,1.478357580e+00,0.000000000e+00,0.000000000e+00
3.540000,3.799283816e+00,0.000000000e+00,0.000000000e+00,1.478962503e+00,0.000000000e+00,0.000000000e+00
3.550000,3.814076444e+00,0.000000000e+00,0.000000000e+00,1.479562119e+00,0.000000000e+00,0.000000000e+00
3.560000,3.828875041e+00,0.000000000e+00,0.000000000e+00,1.480156473e+00,0.000000000e+00,0.000000000e+00
3.570000,3.843679556e+00,0.000000000e+00,0.000000000e+00,1.480745613e+00,0.000000000e+00,0.000000000e+00
3.580000,3.858489936e+00,0.000000000e+00,0.000000000e+00,1.481329583e+00,0.000000000e+00,0.000000000e+00
3.590000,3.873306131e+00,0.000000000e+00,0.000000000e+00,1.481908429e+00,0.000000000e+00,0.000000000e+00
3.600000,3.888128088e+00,0.000000000e+00,0.000000000e+00,1.482482196e+00,0.000000000e+00,0.000000000e+00
3.610000,3.902955758e+00,0.000000000e+00,0.000000000e+00,1.483050929e+00,0.000000000e+00,0.000000000e+00
3.620000,3.917789090e+00,0.000000000e+00,0.000000000e+00,1.483614671e+00,0.000000000e+00,0.000000000e+00
3.630000,3.932628035e+00,0.000000000e+00,0.000000000e+00,1.484173467e+00,0.000000000e+00,0.000000000e+00
3.640000,3.947472543e+00,0.000000000e+00,0.000000000e+00,1.484727361e+00,0.000000000e+00,0.000000000e+00
3.650000,3.962322566e+00,0.000000000e+00,0.000000000e+00,1.485276394e+00,0.000000000e+00,0.000000000e+00
3.660000,3.977178055e+00,0.000000000e+00,0.000000000e+00,1.485820609e+00,0.000000000e+00,0.000000000e+00
3.670000,3.992038962e+00,0.000000000e+00,0.000000000e+00,1.486360050e+00,0.000000000e+00,0.000000000e+00
3.680000,4.006905240e+00,0.000000000e+00,0.000000000e+00,1.486894757e+00,0.000000000e+00,0.000000000e+00
3.690000,4.021776841e+00,0.000000000e+00,0.000000000e+00,1.487424773e+00,0.000000000e+00,0.000000000e+00
3.700000,4.036653720e+00,0.000000000e+00,0.000000000e+00,1.487950138e+00,0.000000000e+00,0.000000000e+00
3.710000,4.051535829e+00,0.000000000e+00,0.000000000e+00,1.488470894e+00,0.000000000e+00,0.000000000e+00
3.720000,4.066423122e+00,0.000000000e+00,0.000000000e+00,1.488987080e+00,0.000000000e+00,0.000000000e+00
3.730000,4.081315555e+00,0.000000000e+00,0.000000000e+00,1.489498737e+00,0.000000000e+00,0.000000000e+00
3.740000,4.096213082e+00,0.000000000e+00,0.000000000e+00,1.490005905e+00,0.000000000e+00,0.000000000e+00
3.750000,4.111115659e+00,0.000000000e+00,0.000000000e+00,1.490508622e+00,0.000000000e+00,0.000000000e+00
3.760000,4.126023240e+00,0.000000000e+00,0.000000000e+00,1.491006929e+00,0.000000000e+00,0.000000000e+00
3.770000,4.140935783e+00,0.000000000e+00,0.000000000e+00,1.491500864e+00,0.000000000e+00,0.000000000e+00
3.780000,4.155853243e+00,0.000000000e+00,0.000000000e+00,1.491990464e+00,0.000000000e+00,0.000000000e+00
3.790000,4.170775578e+00,0.000000000e+00,0.000000000e+00,1.492475769e+00,0.000000000e+00,0.000000000e+00
3.800000,4.185702744e+00,0.000000000e+00,0.000000000e+00,1.492956815e+00,0.000000000e+00,0.000000000e+00
3.810000,4.200634700e+00,0.000000000e+00,0.000000000e+00,1.493433640e+00,0.000000000e+00,0.000000000e+00
3.820000,4.215571403e+00,0.000000000e+00,0.000000000e+00,1.493906282e+00,0.000000000e+00,0.000000000e+00
3.830000,4.230512812e+00,0.000000000e+00,0.000000000e+00,1.494374777e+00,0.000000000e+00,0.000000000e+00
3.840000,4.245458885e+00,0.000000000e+00,0.000000000e+00,1.494839161e+00,0.000000000e+00,0.000000000e+00
3.850000,4.260409581e+00,0.000000000e+00,0.000000000e+00,1.495299470e+00,0.000000000e+00,0.000000000e+00
3.860000,4.275364861e+00,0.000000000e+00,0.000000000e+00,1.495755740e+00,0.000000000e+00,0.000000000e+00
3.870000,4.290324683e+00,0.000000000e+00,0.000000000e+00,1.496208007e+00,0.000000000e+00,0.000000000e+00
3.880000,4.305289008e+00,0.000000000e+00,0.000000000e+00,1.496656306e+00,0.000000000e+00,0.000000000e+00
3.890000,4.320257796e+00,0.000000000e+00,0.000000000e+00,1.497100671e+00,0.000000000e+00,0.000000000e+00
3.900000,4.335231008e+00,0.000000000e+00,0.000000000e+00,1.497541137e+00,0.000000000e+00,0.000000000e+00
3.910000,4.350208606e+00,0.000000000e+00,0.000000000e+00,1.497977739e+00,0.000000000e+00,0.000000000e+00
3.920000,4.365190550e+00,0.000000000e+00,0.000000000e+00,1.498410509e+00,0.000000000e+00,0.000000000e+00
3.930000,4.380176803e+00,0.000000000e+00,0.000000000e+00,1.498839482e+00,0.000000000e+00,0.000000000e+00
3.940000,4.395167327e+00,0.000000000e+00,0.000000000e+00,1.499264692e+00,0.000000000e+00,0.000000000e+00
3.950000,4.410162084e+00,0.000000000e+00,0.000000000e+00,1.499686170e+00,0.000000000e+00,0.000000000e+00
3.960000,4.425161038e+00,0.000000000e+00,0.000000000e+00,1.500103950e+00,0.000000000e+00,0.000000000e+00
3.970000,4.440164151e+00,0.000000000e+00,0.000000000e+00,1.500518065e+00,0.000000000e+00,0.000000000e+00
3.980000,4.455171387e+00,0.000000000e+00,0.000000000e+00,1.500928546e+00,0.000000000e+00,0.000000000e+00
3.990000,4.470182710e+00,0.000000000e+00,0.000000000e+00,1.501335425e+00,0.000000000e+00,0.000000000e+00
4.000000,4.485198084e+00,0.000000000e+00,0.000000000e+00,1.501738734e+00,0.000000000e+00,0.000000000e+00
4.010000,4.500217473e+00,0.000000000e+00,0.000000000e+00,1.502138505e+00,0.000000000e+00,0.000000000e+00
4.020000,4.515240842e+00,0.000000000e+00,0.000000000e+00,1.502534768e+00,0.000000000e+00,0.000000000e+00
4.030000,4.530268157e+00,0.000000000e+00,0.000000000e+00,1.502927554e+00,0.000000000e+00,0.000000000e+00
4.040000,4.545299382e+00,0.000000000e+00,0.000000000e+00,1.503316893e+00,0.000000000e+00,0.000000000e+00
4.050000,4.560334483e+00,0.000000000e+00,0.000000000e+00,1.503702816e+00,0.000000000e+00,0.000000000e+00
4.060000,4.575373427e+00,0.000000000e+00,0.000000000e+00,1.504085353e+00,0.000000000e+00,0.000000000e+00
4.070000,4.590416179e+00,0.000000000e+00,0.000000000e+00,1.504464534e+00,0.000000000e+00,0.000000000e+00
4.080000,4.605462707e+00,0.000000000e+00,0.000000000e+00,1.504840387e+00,0.000000000e+00,0.000000000e+00
4.090000,4.620512976e+00,0.000000000e+00,0.000000000e+00,1.505212943e+00,0.000000000e+00,0.000000000e+00
4.100000,4.635566955e+00,0.000000000e+00,0.000000000e+00,1.505582230e+00,0.000000000e+00,0.000000000e+00
4.110000,4.650624610e+00,0.000000000e+00,0.000000000e+00,1.505948276e+00,0.000000000e+00,0.000000000e+00
4.120000,4.665685909e+00,0.000000000e+00,0.000000000e+00,1.506311111e+00,0.000000000e+00,0.000000000e+00
4.130000,4.680750821e+00,0.000000000e+00,0.000000000e+00,1.506670762e+00,0.000000000e+00,0.000000000e+00
4.140000,4.695819314e+00,0.000000000e+00,0.000000000e+00,1.507027258e+00,0.000000000e+00,0.000000000e+00
4.150000,4.710891356e+00,0.000000000e+00,0.000000000e+00,1.507380625e+00,0.000000000e+00,0.000000000e+00
4.160000,4.725966916e+00,0.000000000e+00,0.000000000e+00,1.507730892e+00,0.000000000e+00,0.000000000e+00
4.170000,4.741045964e+00,0.000000000e+00,0.000000000e+00,1.508078086e+00,0.000000000e+00,0.000000000e+00
4.180000,4.756128468e+00,0.000000000e+00,0.000000000e+00,1.508422233e+00,0.000000000e+00,0.000000000e+00
4.190000,4.771214398e+00,0.000000000e+00,0.000000000e+00,1.508763361e+00,0.000000000e+00,0.000000000e+00
4.200000,4.786303725e+00,0.000000000e+00,0.000000000e+00,1.509101495e+00,0.000000000e+00,0.000000000e+00
4.210000,4.801396418e+00,0.000000000e+00,0.000000000e+00,1.509436662e+00,0.000000000e+00,0.000000000e+00
4.220000,4.816492448e+00,0.000000000e+00,0.000000000e+00,1.509768889e+00,0.000000000e+00,0.000000000e+00
4.230000,4.831591786e+00,0.000000000e+00,0.000000000e+00,1.510098201e+00,0.000000000e+00,0.000000000e+00
4.240000,4.846694403e+00,0.000000000e+00,0.000000000e+00,1.510424623e+00,0.000000000e+00,0.000000000e+00
4.250000,4.861800269e+00,0.000000000e+00,0.000000000e+00,1.510748181e+00,0.000000000e+00,0.000000000e+00
4.260000,4.876909357e+00,0.000000000e+00,0.000000000e+00,1.511068900e+00,0.000000000e+00,0.000000000e+00
4.270000,4.892021638e+00,0.000000000e+00,0.000000000e+00,1.511386805e+00,0.000000000e+00,0.000000000e+00
4.280000,4.907137084e+00,0.000000000e+00,0.000000000e+00,1.511701921e+00,0.000000000e+00,0.000000000e+00
4.290000,4.922255667e+00,0.000000000e+00,0.000000000e+00,1.512014271e+00,0.000000000e+00,0.000000000e+00
4.300000,4.937377360e+00,0.000000000e+00,0.000000000e+00,1.512323881e+00,0.000000000e+00,0.000000000e+00
4.310000,4.952502136e+00,0.000000000e+00,0.000000000e+00,1.512630775e+00,0.000000000e+00,0.000000000e+00
4.320000,4.967629967e+00,0.000000000e+00,0.000000000e+00,1.512934975e+00,0.000000000e+00,0.000000000e+00
4.330000,4.982760826e+00,0.000000000e+00,0.000000000e+00,1.513236507e+00,0.000000000e+00,0.000000000e+00
4.340000,4.997894688e+00,0.000000000e+00,0.000000000e+00,1.513535392e+00,0.000000000e+00,0.000000000e+00
4.350000,5.013031525e+00,0.000000000e+00,0.000000000e+00,1.513831656e+00,0.000000000e+00,0.000000000e+00
4.360000,5.028171312e+00,0.000000000e+00,0.000000000e+00,1.514125319e+00,0.000000000e+00,0.000000000e+00
4.370000,5.043314023e+00,0.000000000e+00,0.000000000e+00,1.514416407e+00,0.000000000e+00,0.000000000e+00
4.380000,5.058459632e+00,0.000000000e+00,0.000000000e+00,1.514704940e+00,0.000000000e+00,0.000000000e+00
4.390000,5.073608114e+00,0.000000000e+00,0.000000000e+00,1.514990941e+00,0.000000000e+00,0.000000000e+00
4.400000,5.088759442e+00,0.000000000e+00,0.000000000e+00,1.515274433e+00,0.000000000e+00,0.000000000e+00
4.410000,5.103913594e+00,0.000000000e+00,0.000000000e+00,1.515555437e+00,0.000000000e+00,0.000000000e+00
4.420000,5.119070543e+00,0.000000000e+00,0.000000000e+00,1.515833976e+00,0.000000000e+00,0.000000000e+00
4.430000,5.134230265e+00,0.000000000e+00,0.000000000e+00,1.516110071e+00,0.000000000e+00,0.000000000e+00
4.440000,5.149392736e+00,0.000000000e+00,0.000000000e+00,1.516383743e+00,0.000000000e+00,0.000000000e+00
4.450000,5.164557932e+00,0.000000000e+00,0.000000000e+00,1.516655014e+00,0.000000000e+00,0.000000000e+00
4.460000,5.179725829e+00,0.000000000e+00,0.000000000e+00,1.516923905e+00,0.000000000e+00,0.000000000e+00
4.470000,5.194896402e+00,0.000000000e+00,0.000000000e+00,1.517190436e+00,0.000000000e+00,0.000000000e+00
4.480000,5.210069630e+00,0.000000000e+00,0.000000000e+00,1.517454629e+00,0.000000000e+00,0.000000000e+00
4.490000,5.225245487e+00,0.000000000e+00,0.000000000e+00,1.517716504e+00,0.000000000e+00,0.000000000e+00
4.500000,5.240423952e+00,0.000000000e+00,0.000000000e+00,1.517976081e+00,0.000000000e+00,0.000000000e+00
4.510000,5.255605001e+00,0.000000000e+00,0.000000000e+00,1.518233380e+00,0.000000000e+00,0.000000000e+00
4.520000,5.270788612e+00,0.000000000e+00,0.000000000e+00,1.518488422e+00,0.000000000e+00,0.000000000e+00
4.530000,5.285974762e+00,0.000000000e+00,0.000000000e+00,1.518741226e+00,0.000000000e+00,0.000000000e+00
4.540000,5.301163429e+00,0.000000000e+00,0.000000000e+00,1.518991812e+00,0.000000000e+00,0.000000000e+00
4.550000,5.316354591e+00,0.000000000e+00,0.000000000e+00,1.519240199e+00,0.000000000e+00,0.000000000e+00
4.560000,5.331548226e+00,0.000000000e+00,0.000000000e+00,1.519486407e+00,0.000000000e+00,0.000000000e+00
4.570000,5.346744312e+00,0.000000000e+00,0.000000000e+00,1.519730454e+00,0.000000000e+00,0.000000000e+00
4.580000,5.361942828e+00,0.000000000e+00,0.000000000e+00,1.519972360e+00,0.000000000e+00,0.000000000e+00
4.590000,5.377143752e+00,0.000000000e+00,0.000000000e+00,1.520212144e+00,0.000000000e+00,0.000000000e+00
4.600000,5.392347064e+00,0.000000000e+00,0.000000000e+00,1.520449823e+00,0.000000000e+00,0.000000000e+00
4.610000,5.407552742e+00,0.000000000e+00,0.000000000e+00,1.520685417e+00,0.000000000e+00,0.000000000e+00
4.620000,5.422760765e+00,0.000000000e+00,0.000000000e+00,1.520918944e+00,0.000000000e+00,0.000000000e+00
4.630000,5.437971114e+00,0.000000000e+00,0.000000000e+00,1.521150422e+00,0.000000000e+00,0.000000000e+00
4.640000,5.453183767e+00,0.000000000e+00,0.000000000e+00,1.521379869e+00,0.000000000e+00,0.000000000e+00
4.650000,5.468398704e+00,0.000000000e+00,0.000000000e+00,1.521607303e+00,0.000000000e+00,0.000000000e+00
4.660000,5.483615906e+00,0.000000000e+00,0.000000000e+00,1.521832741e+00,0.000000000e+00,0.000000000e+00
4.670000,5.498835353e+00,0.000000000e+00,0.000000000e+00,1.522056201e+00,0.000000000e+00,0.000000000e+00
4.680000,5.514057024e+00,0.000000000e+00,0.000000000e+00,1.522277700e+00,0.000000000e+00,0.000000000e+00
4.690000,5.529280900e+00,0.000000000e+00,0.000000000e+00,1.522497256e+00,0.000000000e+00,0.000000000e+00
4.700000,5.544506962e+00,0.000000000e+00,0.000000000e+00,1.522714885e+00,0.000000000e+00,0.000000000e+00
4.710000,5.559735192e+00,0.000000000e+00,0.000000000e+00,1.522930605e+00,0.000000000e+00,0.000000000e+00
4.720000,5.574965568e+00,0.000000000e+00,0.000000000e+00,1.523144432e+00,0.000000000e+00,0.000000000e+00
4.730000,5.590198074e+00,0.000000000e+00,0.000000000e+00,1.523356383e+00,0.000000000e+00,0.000000000e+00
4.740000,5.605432690e+00,0.000000000e+00,0.000000000e+00,1.523566474e+00,0.000000000e+00,0.000000000e+00
4.750000,5.620669397e+00,0.000000000e+00,0.000000000e+00,1.523774721e+00,0.000000000e+00,0.000000000e+00
4.760000,5.635908178e+00,0.000000000e+00,0.000000000e+00,1.523981142e+00,0.000000000e+00,0.000000000e+00
4.770000,5.651149014e+00,0.000000000e+00,0.000000000e+00,1.524185751e+00,0.000000000e+00,0.000000000e+00
4.780000,5.666391887e+00,0.000000000e+00,0.000000000e+00,1.524388565e+00,0.000000000e+00,0.000000000e+00
4.790000,5.681636779e+00,0.000000000e+00,0.000000000e+00,1.524589600e+00,0.000000000e+00,0.000000000e+00
4.800000,5.696883673e+00,0.000000000e+00,0.000000000e+00,1.524788870e+00,0.000000000e+00,0.000000000e+00
4.810000,5.712132551e+00,0.000000000e+00,0.000000000e+00,1.524986392e+00,0.000000000e+00,0.000000000e+00
4.820000,5.727383395e+00,0.000000000e+00,0.000000000e+00,1.525182181e+00,0.000000000e+00,0.000000000e+00
4.830000,5.742636189e+00,0.000000000e+00,0.000000000e+00,1.525376252e+00,0.000000000e+00,0.000000000e+00
4.840000,5.757890915e+00,0.000000000e+00,0.000000000e+00,1.525568620e+00,0.000000000e+00,0.000000000e+00
4.850000,5.773147556e+00,0.000000000e+00,0.000000000e+00,1.525759301e+00,0.000000000e+00,0.000000000e+00
4.860000,5.788406095e+00,0.000000000e+00,0.000000000e+00,1.525948308e+00,0.000000000e+00,0.000000000e+00
4.870000,5.803666516e+00,0.000000000e+00,0.000000000e+00,1.526135657e+00,0.000000000e+00,0.000000000e+00
4.880000,5.818928803e+00,0.000000000e+00,0.000000000e+00,1.526321362e+00,0.000000000e+00,0.000000000e+00
4.890000,5.834192938e+00,0.000000000e+00,0.000000000e+00,1.526505437e+00,0.000000000e+00,0.000000000e+00
4.900000,5.849458906e+00,0.000000000e+00,0.000000000e+00,1.526687898e+00,0.000000000e+00,0.000000000e+00
4.910000,5.864726691e+00,0.000000000e+00,0.000000000e+00,1.526868757e+00,0.000000000e+00,0.000000000e+00
4.920000,5.879996276e+00,0.000000000e+00,0.000000000e+00,1.527048030e+00,0.000000000e+00,0.000000000e+00
4.930000,5.895267646e+00,0.000000000e+00,0.000000000e+00,1.527225729e+00,0.000000000e+00,0.000000000e+00
4.940000,5.910540785e+00,0.000000000e+00,0.000000000e+00,1.527401870e+00,0.000000000e+00,0.000000000e+00
4.950000,5.925815678e+00,0.000000000e+00,0.000000000e+00,1.527576464e+00,0.000000000e+00,0.000000000e+00
4.960000,5.941092310e+00,0.000000000e+00,0.000000000e+00,1.527749527e+00,0.000000000e+00,0.000000000e+00
4.970000,5.956370664e+00,0.000000000e+00,0.000000000e+00,1.527921072e+00,0.000000000e+00,0.000000000e+00
4.980000,5.971650726e+00,0.000000000e+00,0.000000000e+00,1.528091111e+00,0.000000000e+00,0.000000000e+00
4.990000,5.986932481e+00,0.000000000e+00,0.000000000e+00,1.528259658e+00,0.000000000e+00,0.000000000e+00
5.000000,6.002215914e+00,0.000000000e+00,0.000000000e+00,1.528426727e+00,0.000000000e+00,0.000000000e+00
5.010000,6.017501011e+00,0.000000000e+00,0.000000000e+00,1.528592329e+00,0.000000000e+00,0.000000000e+00
5.020000,6.032787756e+00,0.000000000e+00,0.000000000e+00,1.528756479e+00,0.000000000e+00,0.000000000e+00
5.030000,6.048076135e+00,0.000000000e+00,0.000000000e+00,1.528919188e+00,0.000000000e+00,0.000000000e+00
5.040000,6.063366135e+00,0.000000000e+00,0.000000000e+00,1.529080469e+00,0.000000000e+00,0.000000000e+00
5.050000,6.078657740e+00,0.000000000e+00,0.000000000e+00,1.529240336e+00,0.000000000e+00,0.000000000e+00
5.060000,6.093950937e+00,0.000000000e+00,0.000000000e+00,1.529398799e+00,0.000000000e+00,0.000000000e+00
5.070000,6.109245711e+00,0.000000000e+00,0.000000000e+00,1.529555872e+00,0.000000000e+00,0.000000000e+00
5.080000,6.124542050e+00,0.000000000e+00,0.000000000e+00,1.529711567e+00,0.000000000e+00,0.000000000e+00
5.090000,6.139839938e+00,0.000000000e+00,0.000000000e+00,1.529865896e+00,0.000000000e+00,0.000000000e+00
5.100000,6.155139363e+00,0.000000000e+00,0.000000000e+00,1.530018871e+00,0.000000000e+00,0.000000000e+00
5.110000,6.170440311e+00,0.000000000e+00,0.000000000e+00,1.530170504e+00,0.000000000e+00,0.000000000e+00
5.120000,6.185742769e+00,0.000000000e+00,0.000000000e+00,1.530320806e+00,0.000000000e+00,0.000000000e+00
5.130000,6.201046723e+00,0.000000000e+00,0.000000000e+00,1.530469789e+00,0.000000000e+00,0.000000000e+00
5.140000,6.216352160e+00,0.000000000e+00,0.000000000e+00,1.530617465e+00,0.000000000e+00,0.000000000e+00
5.150000,6.231659068e+00,0.000000000e+00,0.000000000e+00,1.530763845e+00,0.000000000e+00,0.000000000e+00
5.160000,6.246967433e+00,0.000000000e+00,0.000000000e+00,1.530908941e+00,0.000000000e+00,0.000000000e+00
5.170000,6.262277242e+00,0.000000000e+00,0.000000000e+00,1.531052764e+00,0.000000000e+00,0.000000000e+00
5.180000,6.277588484e+00,0.000000000e+00,0.000000000e+00,1.531195325e+00,0.000000000e+00,0.000000000e+00
5.190000,6.292901145e+00,0.000000000e+00,0.000000000e+00,1.531336635e+00,0.000000000e+00,0.000000000e+00
5.200000,6.308215213e+00,0.000000000e+00,0.000000000e+00,1.531476705e+00,0.000000000e+00,0.000000000e+00
5.210000,6.323530675e+00,0.000000000e+00,0.000000000e+00,1.531615546e+00,0.000000000e+00,0.000000000e+00
5.220000,6.338847519e+00,0.000000000e+00,0.000000000e+00,1.531753169e+00,0.000000000e+00,0.000000000e+00
5.230000,6.354165734e+00,0.000000000e+00,0.000000000e+00,1.531889585e+00,0.000000000e+00,0.000000000e+00
5.240000,6.369485307e+00,0.000000000e+00,0.000000000e+00,1.532024803e+00,0.000000000e+00,0.000000000e+00
5.250000,6.384806226e+00,0.000000000e+00,0.000000000e+00,1.532158835e+00,0.000000000e+00,0.000000000e+00
5.260000,6.400128480e+00,0.000000000e+00,0.000000000e+00,1.532291691e+00,0.000000000e+00,0.000000000e+00
5.270000,6.415452056e+00,0.000000000e+00,0.000000000e+00,1.532423381e+00,0.000000000e+00,0.000000000e+00
5.280000,6.430776944e+00,0.000000000e+00,0.000000000e+00,1.532553916e+00,0.000000000e+00,0.000000000e+00
5.290000,6.446103131e+00,0.000000000e+00,0.000000000e+00,1.532683305e+00,0.000000000e+00,0.000000000e+00
5.300000,6.461430606e+00,0.000000000e+00,0.000000000e+00,1.532811559e+00,0.000000000e+00,0.000000000e+00
5.310000,6.476759358e+00,0.000000000e+00,0.000000000e+00,1.532938688e+00,0.000000000e+00,0.000000000e+00
5.320000,6.492089376e+00,0.000000000e+00,0.000000000e+00,1.533064701e+00,0.000000000e+00,0.000000000e+00
5.330000,6.507420648e+00,0.000000000e+00,0.000000000e+00,1.533189609e+00,0.000000000e+00,0.000000000e+00
5.340000,6.522753165e+00,0.000000000e+00,0.000000000e+00,1.533313420e+00,0.000000000e+00,0.000000000e+00
5.350000,6.538086913e+00,0.000000000e+00,0.000000000e+00,1.533436145e+00,0.000000000e+00,0.000000000e+00
5.360000,6.553421884e+00,0.000000000e+00,0.000000000e+00,1.533557794e+00,0.000000000e+00,0.000000000e+00
5.370000,6.568758066e+00,0.000000000e+00,0.000000000e+00,1.533678375e+00,0.000000000e+00,0.000000000e+00
5.380000,6.584095448e+00,0.000000000e+00,0.000000000e+00,1.533797898e+00,0.000000000e+00,0.000000000e+00
5.390000,6.599434020e+00,0.000000000e+00,0.000000000e+00,1.533916372e+00,0.000000000e+00,0.000000000e+00
5.400000,6.614773772e+00,0.000000000e+00,0.000000000e+00,1.534033807e+00,0.000000000e+00,0.000000000e+00
5.410000,6.630114693e+00,0.000000000e+00,0.000000000e+00,1.534150211e+00,0.000000000e+00,0.000000000e+00
5.420000,6.645456773e+00,0.000000000e+00,0.000000000e+00,1.534265594e+00,0.000000000e+00,0.000000000e+00
5.430000,6.660800001e+00,0.000000000e+00,0.000000000e+00,1.534379965e+00,0.000000000e+00,0.000000000e+00
5.440000,6.676144369e+00,0.000000000e+00,0.000000000e+00,1.534493332e+00,0.000000000e+00,0.000000000e+00
5.450000,6.691489865e+00,0.000000000e+00,0.000000000e+00,1.534605704e+00,0.000000000e+00,0.000000000e+00
5.460000,6.706836479e+00,0.000000000e+00,0.000000000e+00,1.534717091e+00,0.000000000e+00,0.000000000e+00
5.470000,6.722184203e+00,0.000000000e+00,0.000000000e+00,1.534827500e+00,0.000000000e+00,0.000000000e+00
5.480000,6.737533026e+00,0.000000000e+00,0.000000000e+00,1.534936940e+00,0.000000000e+00,0.000000000e+00
5.490000,6.752882939e+00,0.000000000e+00,0.000000000e+00,1.535045420e+00,0.000000000e+00,0.000000000e+00
5.500000,6.768233931e+00,0.000000000e+00,0.000000000e+00,1.535152948e+00,0.000000000e+00,0.000000000e+00
5.510000,6.783585995e+00,0.000000000e+00,0.000000000e+00,1.535259533e+00,0.000000000e+00,0.000000000e+00
5.520000,6.798939119e+00,0.000000000e+00,0.000000000e+00,1.535365183e+00,0.000000000e+00,0.000000000e+00
5.530000,6.814293295e+00,0.000000000e+00,0.000000000e+00,1.535469905e+00,0.000000000e+00,0.000000000e+00
5.540000,6.829648514e+00,0.000000000e+00,0.000000000e+00,1.535573709e+00,0.000000000e+00,0.000000000e+00
5.550000,6.845004766e+00,0.000000000e+00,0.000000000e+00,1.535676601e+00,0.000000000e+00,0.000000000e+00
5.560000,6.860362043e+00,0.000000000e+00,0.000000000e+00,1.535778592e+00,0.000000000e+00,0.000000000e+00
5.570000,6.875720335e+00,0.000000000e+00,0.000000000e+00,1.535879687e+00,0.000000000e+00,0.000000000e+00
5.580000,6.891079634e+00,0.000000000e+00,0.000000000e+00,1.535979895e+00,0.000000000e+00,0.000000000e+00
5.590000,6.906439930e+00,0.000000000e+00,0.000000000e+00,1.536079224e+00,0.000000000e+00,0.000000000e+00
5.600000,6.921801215e+00,0.000000000e+00,0.000000000e+00,1.536177681e+00,0.000000000e+00,0.000000000e+00
5.610000,6.937163481e+00,0.000000000e+00,0.000000000e+00,1.536275274e+00,0.000000000e+00,0.000000000e+00
5.620000,6.952526718e+00,0.000000000e+00,0.000000000e+00,1.536372011e+00,0.000000000e+00,0.000000000e+00
5.630000,6.967890918e+00,0.000000000e+00,0.000000000e+00,1.536467900e+00,0.000000000e+00,0.000000000e+00
5.640000,6.983256073e+00,0.000000000e+00,0.000000000e+00,1.536562947e+00,0.000000000e+00,0.000000000e+00
5.650000,6.998622174e+00,0.000000000e+00,0.000000000e+00,1.536657160e+00,0.000000000e+00,0.000000000e+00
5.660000,7.013989214e+00,0.000000000e+00,0.000000000e+00,1.536750546e+00,0.000000000e+00,0.000000000e+00
5.670000,7.029357183e+00,0.000000000e+00,0.000000000e+00,1.536843113e+00,0.000000000e+00,0.000000000e+00
5.680000,7.044726073e+00,0.000000000e+00,0.000000000e+00,1.536934868e+00,0.000000000e+00,0.000000000e+00
5.690000,7.060095877e+00,0.000000000e+00,0.000000000e+00,1.537025817e+00,0.000000000e+00,0.000000000e+00
5.700000,7.075466587e+00,0.000000000e+00,0.000000000e+00,1.537115969e+00,0.000000000e+00,0.000000000e+00
5.710000,7.090838194e+00,0.000000000e+00,0.000000000e+00,1.537205329e+00,0.000000000e+00,0.000000000e+00
5.720000,7.106210691e+00,0.000000000e+00,0.000000000e+00,1.537293906e+00,0.000000000e+00,0.000000000e+00
5.730000,7.121584069e+00,0.000000000e+00,0.000000000e+00,1.537381705e+00,0.000000000e+00,0.000000000e+00
5.740000,7.136958322e+00,0.000000000e+00,0.000000000e+00,1.537468734e+00,0.000000000e+00,0.000000000e+00
5.750000,7.152333442e+00,0.000000000e+00,0.000000000e+00,1.537555000e+00,0.000000000e+00,0.000000000e+00
5.760000,7.167709420e+00,0.000000000e+00,0.000000000e+00,1.537640508e+00,0.000000000e+00,0.000000000e+00
5.770000,7.183086249e+00,0.000000000e+00,0.000000000e+00,1.537725266e+00,0.000000000e+00,0.000000000e+00
5.780000,7.198463923e+00,0.000000000e+00,0.000000000e+00,1.537809281e+00,0.000000000e+00,0.000000000e+00
5.790000,7.213842432e+00,0.000000000e+00,0.000000000e+00,1.537892558e+00,0.000000000e+00,0.000000000e+00
5.800000,7.229221771e+00,0.000000000e+00,0.000000000e+00,1.537975105e+00,0.000000000e+00,0.000000000e+00
5.810000,7.244601932e+00,0.000000000e+00,0.000000000e+00,1.538056927e+00,0.000000000e+00,0.000000000e+00
5.820000,7.259982908e+00,0.000000000e+00,0.000000000e+00,1.538138031e+00,0.000000000e+00,0.000000000e+00
5.830000,7.275364690e+00,0.000000000e+00,0.000000000e+00,1.538218424e+00,0.000000000e+00,0.000000000e+00
5.840000,7.290747274e+00,0.000000000e+00,0.000000000e+00,1.538298111e+00,0.000000000e+00,0.000000000e+00
5.850000,7.306130650e+00,0.000000000e+00,0.000000000e+00,1.538377099e+00,0.000000000e+00,0.000000000e+00
5.860000,7.321514813e+00,0.000000000e+00,0.000000000e+00,1.538455395e+00,0.000000000e+00,0.000000000e+00
5.870000,7.336899756e+00,0.000000000e+00,0.000000000e+00,1.538533003e+00,0.000000000e+00,0.000000000e+00
5.880000,7.352285471e+00,0.000000000e+00,0.000000000e+00,1.538609930e+00,0.000000000e+00,0.000000000e+00
5.890000,7.367671952e+00,0.000000000e+00,0.000000000e+00,1.538686182e+00,0.000000000e+00,0.000000000e+00
5.900000,7.383059193e+00,0.000000000e+00,0.000000000e+00,1.538761765e+00,0.000000000e+00,0.000000000e+00
5.910000,7.398447185e+00,0.000000000e+00,0.000000000e+00,1.538836685e+00,0.000000000e+00,0.000000000e+00
5.920000,7.413835924e+00,0.000000000e+00,0.000000000e+00,1.538910948e+00,0.000000000e+00,0.000000000e+00
5.930000,7.429225402e+00,0.000000000e+00,0.000000000e+00,1.538984559e+00,0.000000000e+00,0.000000000e+00
5.940000,7.444615613e+00,0.000000000e+00,0.000000000e+00,1.539057524e+00,0.000000000e+00,0.000000000e+00
5.950000,7.460006550e+00,0.000000000e+00,0.000000000e+00,1.539129848e+00,0.000000000e+00,0.000000000e+00
5.960000,7.475398208e+00,0.000000000e+00,0.000000000e+00,1.539201539e+00,0.000000000e+00,0.000000000e+00
5.970000,7.490790579e+00,0.000000000e+00,0.000000000e+00,1.539272600e+00,0.000000000e+00,0.000000000e+00
5.980000,7.506183658e+00,0.000000000e+00,0.000000000e+00,1.539343038e+00,0.000000000e+00,0.000000000e+00
5.990000,7.521577438e+00,0.000000000e+00,0.000000000e+00,1.539412857e+00,0.000000000e+00,0.000000000e+00
6.000000,7.536971913e+00,0.000000000e+00,0.000000000e+00,1.539482064e+00,0.000000000e+00,0.000000000e+00
6.010000,7.552367077e+00,0.000000000e+00,0.000000000e+00,1.539550664e+00,0.000000000e+00,0.000000000e+00
6.020000,7.567762924e+00,0.000000000e+00,0.000000000e+00,1.539618662e+00,0.000000000e+00,0.000000000e+00
6.030000,7.583159448e+00,0.000000000e+00,0.000000000e+00,1.539686063e+00,0.000000000e+00,0.000000000e+00
6.040000,7.598556643e+00,0.000000000e+00,0.000000000e+00,1.539752873e+00,0.000000000e+00,0.000000000e+00
6.050000,7.613954504e+00,0.000000000e+00,0.000000000e+00,1.539819097e+00,0.000000000e+00,0.000000000e+00
6.060000,7.629353023e+00,0.000000000e+00,0.000000000e+00,1.539884740e+00,0.000000000e+00,0.000000000e+00
6.070000,7.644752197e+00,0.000000000e+00,0.000000000e+00,1.539949806e+00,0.000000000e+00,0.000000000e+00
6.080000,7.660152018e+00,0.000000000e+00,0.000000000e+00,1.540014302e+00,0.000000000e+00,0.000000000e+00
6.090000,7.675552481e+00,0.000000000e+00,0.000000000e+00,1.540078232e+00,0.000000000e+00,0.000000000e+00
6.100000,7.690953580e+00,0.000000000e+00,0.000000000e+00,1.540141601e+00,0.000000000e+00,0.000000000e+00
6.110000,7.706355311e+00,0.000000000e+00,0.000000000e+00,1.540204413e+00,0.000000000e+00,0.000000000e+00
6.120000,7.721757667e+00,0.000000000e+00,0.000000000e+00,1.540266675e+00,0.000000000e+00,0.000000000e+00
6.130000,7.737160643e+00,0.000000000e+00,0.000000000e+00,1.540328391e+00,0.000000000e+00,0.000000000e+00
6.140000,7.752564233e+00,0.000000000e+00,0.000000000e+00,1.540389564e+00,0.000000000e+00,0.000000000e+00
6.150000,7.767968432e+00,0.000000000e+00,0.000000000e+00,1.540450202e+00,0.000000000e+00,0.000000000e+00
6.160000,7.783373235e+00,0.000000000e+00,0.000000000e+00,1.540510307e+00,0.000000000e+00,0.000000000e+00
6.170000,7.798778637e+00,0.000000000e+00,0.000000000e+00,1.540569884e+00,0.000000000e+00,0.000000000e+00
6.180000,7.814184631e+00,0.000000000e+00,0.000000000e+00,1.540628939e+00,0.000000000e+00,0.000000000e+00
6.190000,7.829591214e+00,0.000000000e+00,0.000000000e+00,1.540687476e+00,0.000000000e+00,0.000000000e+00
6.200000,7.844998379e+00,0.000000000e+00,0.000000000e+00,1.540745499e+00,0.000000000e+00,0.000000000e+00
6.210000,7.860406122e+00,0.000000000e+00,0.000000000e+00,1.540803013e+00,0.000000000e+00,0.000000000e+00
6.220000,7.875814438e+00,0.000000000e+00,0.000000000e+00,1.540860023e+00,0.000000000e+00,0.000000000e+00
6.230000,7.891223321e+00,0.000000000e+00,0.000000000e+00,1.540916532e+00,0.000000000e+00,0.000000000e+00
6.240000,7.906632767e+00,0.000000000e+00,0.000000000e+00,1.540972546e+00,0.000000000e+00,0.000000000e+00
6.250000,7.922042770e+00,0.000000000e+00,0.000000000e+00,1.541028067e+00,0.000000000e+00,0.000000000e+00
6.260000,7.937453326e+00,0.000000000e+00,0.000000000e+00,1.541083102e+00,0.000000000e+00,0.000000000e+00
6.270000,7.952864430e+00,0.000000000e+00,0.000000000e+00,1.541137654e+00,0.000000000e+00,0.000000000e+00
6.280000,7.968276078e+00,0.000000000e+00,0.000000000e+00,1.541191727e+00,0.000000000e+00,0.000000000e+00
6.290000,7.983688263e+00,0.000000000e+00,0.000000000e+00,1.541245326e+00,0.000000000e+00,0.000000000e+00
6.300000,7.999100983e+00,0.000000000e+00,0.000000000e+00,1.541298454e+00,0.000000000e+00,0.000000000e+00
6.310000,8.014514231e+00,0.000000000e+00,0.000000000e+00,1.541351117e+00,0.000000000e+00,0.000000000e+00
6.320000,8.029928003e+00,0.000000000e+00,0.000000000e+00,1.541403317e+00,0.000000000e+00,0.000000000e+00
6.330000,8.045342296e+00,0.000000000e+00,0.000000000e+00,1.541455059e+00,0.000000000e+00,0.000000000e+00
6.340000,8.060757103e+00,0.000000000e+00,0.000000000e+00,1.541506347e+00,0.000000000e+00,0.000000000e+00
6.350000,8.076172421e+00,0.000000000e+00,0.000000000e+00,1.541557186e+00,0.000000000e+00,0.000000000e+00
6.360000,8.091588245e+00,0.000000000e+00,0.000000000e+00,1.541607578e+00,0.000000000e+00,0.000000000e+00
6.370000,8.107004571e+00,0.000000000e+00,0.000000000e+00,1.541657528e+00,0.000000000e+00,0.000000000e+00
6.380000,8.122421394e+00,0.000000000e+00,0.000000000e+00,1.541707039e+00,0.000000000e+00,0.000000000e+00
6.390000,8.137838711e+00,0.000000000e+00,0.000000000e+00,1.541756117e+00,0.000000000e+00,0.000000000e+00
6.400000,8.153256515e+00,0.000000000e+00,0.000000000e+00,1.541804763e+00,0.000000000e+00,0.000000000e+00
6.410000,8.168674804e+00,0.000000000e+00,0.000000000e+00,1.541852983e+00,0.000000000e+00,0.000000000e+00
6.420000,8.184093574e+00,0.000000000e+00,0.000000000e+00,1.541900780e+00,0.000000000e+00,0.000000000e+00
6.430000,8.199512819e+00,0.000000000e+00,0.000000000e+00,1.541948157e+00,0.000000000e+00,0.000000000e+00
6.440000,8.214932535e+00,0.000000000e+00,0.000000000e+00,1.541995119e+00,0.000000000e+00,0.000000000e+00
6.450000,8.230352720e+00,0.000000000e+00,0.000000000e+00,1.542041668e+00,0.000000000e+00,0.000000000e+00
6.460000,8.245773367e+00,0.000000000e+00,0.000000000e+00,1.542087809e+00,0.000000000e+00,0.000000000e+00
6.470000,8.261194474e+00,0.000000000e+00,0.000000000e+00,1.542133546e+00,0.000000000e+00,0.000000000e+00
6.480000,8.276616037e+00,0.000000000e+00,0.000000000e+00,1.542178881e+00,0.000000000e+00,0.000000000e+00
6.490000,8.292038051e+00,0.000000000e+00,0.000000000e+00,1.542223818e+00,0.000000000e+00,0.000000000e+00
6.500000,8.307460512e+00,0.000000000e+00,0.000000000e+00,1.542268361e+00,0.000000000e+00,0.000000000e+00
6.510000,8.322883417e+00,0.000000000e+00,0.000000000e+00,1.542312513e+00,0.000000000e+00,0.000000000e+00
6.520000,8.338306761e+00,0.000000000e+00,0.000000000e+00,1.542356277e+00,0.000000000e+00,0.000000000e+00
6.530000,8.353730541e+00,0.000000000e+00,0.000000000e+00,1.542399658e+00,0.000000000e+00,0.000000000e+00
6.540000,8.369154753e+00,0.000000000e+00,0.000000000e+00,1.542442658e+00,0.000000000e+00,0.000000000e+00
6.550000,8.384579393e+00,0.000000000e+00,0.000000000e+00,1.542485281e+00,0.000000000e+00,0.000000000e+00
6.560000,8.400004457e+00,0.000000000e+00,0.000000000e+00,1.542527530e+00,0.000000000e+00,0.000000000e+00
6.570000,8.415429942e+00,0.000000000e+00,0.000000000e+00,1.542569408e+00,0.000000000e+00,0.000000000e+00
6.580000,8.430855844e+00,0.000000000e+00,0.000000000e+00,1.542610918e+00,0.000000000e+00,0.000000000e+00
6.590000,8.446282159e+00,0.000000000e+00,0.000000000e+00,1.542652065e+00,0.000000000e+00,0.000000000e+00
6.600000,8.461708884e+00,0.000000000e+00,0.000000000e+00,1.542692850e+00,0.000000000e+00,0.000000000e+00
6.610000,8.477136015e+00,0.000000000e+00,0.000000000e+00,1.542733277e+00,0.000000000e+00,0.000000000e+00
6.620000,8.492563549e+00,0.000000000e+00,0.000000000e+00,1.542773350e+00,0.000000000e+00,0.000000000e+00
6.630000,8.507991481e+00,0.000000000e+00,0.000000000e+00,1.542813071e+00,0.000000000e+00,0.000000000e+00
6.640000,8.523419809e+00,0.000000000e+00,0.000000000e+00,1.542852444e+00,0.000000000e+00,0.000000000e+00
6.650000,8.538848529e+00,0.000000000e+00,0.000000000e+00,1.542891471e+00,0.000000000e+00,0.000000000e+00
6.660000,8.554277637e+00,0.000000000e+00,0.000000000e+00,1.542930156e+00,0.000000000e+00,0.000000000e+00
6.670000,8.569707131e+00,0.000000000e+00,0.000000000e+00,1.542968501e+00,0.000000000e+00,0.000000000e+00
6.680000,8.585137006e+00,0.000000000e+00,0.000000000e+00,1.543006510e+00,0.000000000e+00,0.000000000e+00
6.690000,8.600567260e+00,0.000000000e+00,0.000000000e+00,1.543044185e+00,0.000000000e+00,0.000000000e+00
6.700000,8.615997889e+00,0.000000000e+00,0.000000000e+00,1.543081530e+00,0.000000000e+00,0.000000000e+00
6.710000,8.631428889e+00,0.000000000e+00,0.000000000e+00,1.543118547e+00,0.000000000e+00,0.000000000e+00
6.720000,8.646860258e+00,0.000000000e+00,0.000000000e+00,1.543155239e+00,0.000000000e+00,0.000000000e+00
6.730000,8.662291993e+00,0.000000000e+00,0.000000000e+00,1.543191610e+00,0.000000000e+00,0.000000000e+00
6.740000,8.677724090e+00,0.000000000e+00,0.000000000e+00,1.543227661e+00,0.000000000e+00,0.000000000e+00
6.750000,8.693156545e+00,0.000000000e+00,0.000000000e+00,1.543263396e+00,0.000000000e+00,0.000000000e+00
6.760000,8.708589356e+00,0.000000000e+00,0.000000000e+00,1.543298817e+00,0.000000000e+00,0.000000000e+00
6.770000,8.724022520e+00,0.000000000e+00,0.000000000e+00,1.543333928e+00,0.000000000e+00,0.000000000e+00
6.780000,8.739456034e+00,0.000000000e+00,0.000000000e+00,1.543368730e+00,0.000000000e+00,0.000000000e+00
6.790000,8.754889894e+00,0.000000000e+00,0.000000000e+00,1.543403227e+00,0.000000000e+00,0.000000000e+00
6.800000,8.770324098e+00,0.000000000e+00,0.000000000e+00,1.543437422e+00,0.000000000e+00,0.000000000e+00
6.810000,8.785758641e+00,0.000000000e+00,0.000000000e+00,1.543471316e+00,0.000000000e+00,0.000000000e+00
6.820000,8.801193523e+00,0.000000000e+00,0.000000000e+00,1.543504913e+00,0.000000000e+00,0.000000000e+00
6.830000,8.816628739e+00,0.000000000e+00,0.000000000e+00,1.543538215e+00,0.000000000e+00,0.000000000e+00
6.840000,8.832064286e+00,0.000000000e+00,0.000000000e+00,1.543571225e+00,0.000000000e+00,0.000000000e+00
6.850000,8.847500162e+00,0.000000000e+00,0.000000000e+00,1.543603946e+00,0.000000000e+00,0.000000000e+00
6.860000,8.862936364e+00,0.000000000e+00,0.000000000e+00,1.543636379e+00,0.000000000e+00,0.000000000e+00
6.870000,8.878372889e+00,0.000000000e+00,0.000000000e+00,1.543668528e+00,0.000000000e+00,0.000000000e+00
6.880000,8.893809734e+00,0.000000000e+00,0.000000000e+00,1.543700394e+00,0.000000000e+00,0.000000000e+00
6.890000,8.909246896e+00,0.000000000e+00,0.000000000e+00,1.543731981e+00,0.000000000e+00,0.000000000e+00
6.900000,8.924684372e+00,0.000000000e+00,0.000000000e+00,1.543763291e+00,0.000000000e+00,0.000000000e+00
6.910000,8.940122161e+00,0.000000000e+00,0.000000000e+00,1.543794326e+00,0.000000000e+00,0.000000000e+00
6.920000,8.955560258e+00,0.000000000e+00,0.000000000e+00,1.543825089e+00,0.000000000e+00,0.000000000e+00
6.930000,8.970998662e+00,0.000000000e+00,0.000000000e+00,1.543855582e+00,0.000000000e+00,0.000000000e+00
6.940000,8.986437369e+00,0.000000000e+00,0.000000000e+00,1.543885807e+00,0.000000000e+00,0.000000000e+00
6.950000,9.001876377e+00,0.000000000e+00,0.000000000e+00,1.543915767e+00,0.000000000e+00,0.000000000e+00
6.960000,9.017315683e+00,0.000000000e+00,0.000000000e+00,1.543945465e+00,0.000000000e+00,0.000000000e+00
6.970000,9.032755285e+00,0.000000000e+00,0.000000000e+00,1.543974901e+00,0.000000000e+00,0.000000000e+00
6.980000,9.048195180e+00,0.000000000e+00,0.000000000e+00,1.544004080e+00,0.000000000e+00,0.000000000e+00
6.990000,9.063635366e+00,0.000000000e+00,0.000000000e+00,1.544033002e+00,0.000000000e+00,0.000000000e+00
7.000000,9.079075840e+00,0.000000000e+00,0.000000000e+00,1.544061671e+00,0.000000000e+00,0.000000000e+00
7.010000,9.094516599e+00,0.000000000e+00,0.000000000e+00,1.544090088e+00,0.000000000e+00,0.000000000e+00
7.020000,9.109957641e+00,0.000000000e+00,0.000000000e+00,1.544118255e+00,0.000000000e+00,0.000000000e+00
7.030000,9.125398963e+00,0.000000000e+00,0.000000000e+00,1.544146176e+00,0.000000000e+00,0.000000000e+00
7.040000,9.140840563e+00,0.000000000e+00,0.000000000e+00,1.544173851e+00,0.000000000e+00,0.000000000e+00
7.050000,9.156282439e+00,0.000000000e+00,0.000000000e+00,1.544201284e+00,0.000000000e+00,0.000000000e+00
7.060000,9.171724588e+00,0.000000000e+00,0.000000000e+00,1.544228476e+00,0.000000000e+00,0.000000000e+00
7.070000,9.187167008e+00,0.000000000e+00,0.000000000e+00,1.544255430e+00,0.000000000e+00,0.000000000e+00
7.080000,9.202609696e+00,0.000000000e+00,0.000000000e+00,1.544282147e+00,0.000000000e+00,0.000000000e+00
7.090000,9.218052650e+00,0.000000000e+00,0.000000000e+00,1.544308629e+00,0.000000000e+00,0.000000000e+00
7.100000,9.233495868e+00,0.000000000e+00,0.000000000e+00,1.544334879e+00,0.000000000e+00,0.000000000e+00
7.110000,9.248939347e+00,0.000000000e+00,0.000000000e+00,1.544360899e+00,0.000000000e+00,0.000000000e+00
7.120000,9.264383085e+00,0.000000000e+00,0.000000000e+00,1.544386691e+00,0.000000000e+00,0.000000000e+00
7.130000,9.279827080e+00,0.000000000e+00,0.000000000e+00,1.544412256e+00,0.000000000e+00,0.000000000e+00
7.140000,9.295271329e+00,0.000000000e+00,0.000000000e+00,1.544437597e+00,0.000000000e+00,0.000000000e+00
7.150000,9.310715831e+00,0.000000000e+00,0.000000000e+00,1.544462715e+00,0.000000000e+00,0.000000000e+00
7.160000,9.326160583e+00,0.000000000e+00,0.000000000e+00,1.544487614e+00,0.000000000e+00,0.000000000e+00
7.170000,9.341605583e+00,0.000000000e+00,0.000000000e+00,1.544512293e+00,0.000000000e+00,0.000000000e+00
7.180000,9.357050828e+00,0.000000000e+00,0.000000000e+00,1.544536757e+00,0.000000000e+00,0.000000000e+00
7.190000,9.372496317e+00,0.000000000e+00,0.000000000e+00,1.544561005e+00,0.000000000e+00,0.000000000e+00
7.200000,9.387942047e+00,0.000000000e+00,0.000000000e+00,1.544585041e+00,0.000000000e+00,0.000000000e+00
7.210000,9.403388017e+00,0.000000000e+00,0.000000000e+00,1.544608866e+00,0.000000000e+00,0.000000000e+00
7.220000,9.418834224e+00,0.000000000e+00,0.000000000e+00,1.544632481e+00,0.000000000e+00,0.000000000e+00
7.230000,9.434280666e+00,0.000000000e+00,0.000000000e+00,1.544655890e+00,0.000000000e+00,0.000000000e+00
7.240000,9.449727341e+00,0.000000000e+00,0.000000000e+00,1.544679093e+00,0.000000000e+00,0.000000000e+00
7.250000,9.465174247e+00,0.000000000e+00,0.000000000e+00,1.544702093e+00,0.000000000e+00,0.000000000e+00
7.260000,9.480621382e+00,0.000000000e+00,0.000000000e+00,1.544724891e+00,0.000000000e+00,0.000000000e+00
7.270000,9.496068744e+00,0.000000000e+00,0.000000000e+00,1.544747488e+00,0.000000000e+00,0.000000000e+00
7.280000,9.511516331e+00,0.000000000e+00,0.000000000e+00,1.544769888e+00,0.000000000e+00,0.000000000e+00
7.290000,9.526964142e+00,0.000000000e+00,0.000000000e+00,1.544792091e+00,0.000000000e+00,0.000000000e+00
7.300000,9.542412173e+00,0.000000000e+00,0.000000000e+00,1.544814099e+00,0.000000000e+00,0.000000000e+00
7.310000,9.557860423e+00,0.000000000e+00,0.000000000e+00,1.544835914e+00,0.000000000e+00,0.000000000e+00
7.320000,9.573308890e+00,0.000000000e+00,0.000000000e+00,1.544857538e+00,0.000000000e+00,0.000000000e+00
7.330000,9.588757573e+00,0.000000000e+00,0.000000000e+00,1.544878972e+00,0.000000000e+00,0.000000000e+00
7.340000,9.604206469e+00,0.000000000e+00,0.000000000e+00,1.544900217e+00,0.000000000e+00,0.000000000e+00
7.350000,9.619655577e+00,0.000000000e+00,0.000000000e+00,1.544921277e+00,0.000000000e+00,0.000000000e+00
7.360000,9.635104894e+00,0.000000000e+00,0.000000000e+00,1.544942151e+00,0.000000000e+00,0.000000000e+00
7.370000,9.650554419e+00,0.000000000e+00,0.000000000e+00,1.544962843e+00,0.000000000e+00,0.000000000e+00
7.380000,9.666004150e+00,0.000000000e+00,0.000000000e+00,1.544983353e+00,0.000000000e+00,0.000000000e+00
7.390000,9.681454086e+00,0.000000000e+00,0.000000000e+00,1.545003683e+00,0.000000000e+00,0.000000000e+00
7.400000,9.696904223e+00,0.000000000e+00,0.000000000e+00,1.545023834e+00,0.000000000e+00,0.000000000e+00
7.410000,9.712354562e+00,0.000000000e+00,0.000000000e+00,1.545043809e+00,0.000000000e+00,0.000000000e+00
7.420000,9.727805099e+00,0.000000000e+00,0.000000000e+00,1.545063609e+00,0.000000000e+00,0.000000000e+00
7.430000,9.743255833e+00,0.000000000e+00,0.000000000e+00,1.545083234e+00,0.000000000e+00,0.000000000e+00
7.440000,9.758706763e+00,0.000000000e+00,0.000000000e+00,1.545102688e+00,0.000000000e+00,0.000000000e+00
7.450000,9.774157886e+00,0.000000000e+00,0.000000000e+00,1.545121971e+00,0.000000000e+00,0.000000000e+00
7.460000,9.789609202e+00,0.000000000e+00,0.000000000e+00,1.545141084e+00,0.000000000e+00,0.000000000e+00
7.470000,9.805060708e+00,0.000000000e+00,0.000000000e+00,1.545160030e+00,0.000000000e+00,0.000000000e+00
7.480000,9.820512402e+00,0.000000000e+00,0.000000000e+00,1.545178810e+00,0.000000000e+00,0.000000000e+00
7.490000,9.835964283e+00,0.000000000e+00,0.000000000e+00,1.545197425e+00,0.000000000e+00,0.000000000e+00
7.500000,9.851416350e+00,0.000000000e+00,0.000000000e+00,1.545215877e+00,0.000000000e+00,0.000000000e+00
7.510000,9.866868600e+00,0.000000000e+00,0.000000000e+00,1.545234166e+00,0.000000000e+00,0.000000000e+00
7.520000,9.882321033e+00,0.000000000e+00,0.000000000e+00,1.545252296e+00,0.000000000e+00,0.000000000e+00
7.530000,9.897773646e+00,0.000000000e+00,0.000000000e+00,1.545270266e+00,0.000000000e+00,0.000000000e+00
7.540000,9.913226438e+00,0.000000000e+00,0.000000000e+00,1.545288078e+00,0.000000000e+00,0.000000000e+00
7.550000,9.928679407e+00,0.000000000e+00,0.000000000e+00,1.545305735e+00,0.000000000e+00,0.000000000e+00
7.560000,9.944132552e+00,0.000000000e+00,0.000000000e+00,1.545323236e+00,0.000000000e+00,0.000000000e+00
7.570000,9.959585871e+00,0.000000000e+00,0.000000000e+00,1.545340584e+00,0.000000000e+00,0.000000000e+00
7.580000,9.975039363e+00,0.000000000e+00,0.000000000e+00,1.545357779e+00,0.000000000e+00,0.000000000e+00
7.590000,9.990493026e+00,0.000000000e+00,0.000000000e+00,1.545374824e+00,0.000000000e+00,0.000000000e+00
7.600000,1.000594686e+01,0.000000000e+00,0.000000000e+00,1.545391719e+00,0.000000000e+00,0.000000000e+00
7.610000,1.002140086e+01,0.000000000e+00,0.000000000e+00,1.545408466e+00,0.000000000e+00,0.000000000e+00
7.620000,1.003685503e+01,0.000000000e+00,0.000000000e+00,1.545425066e+00,0.000000000e+00,0.000000000e+00
7.630000,1.005230936e+01,0.000000000e+00,0.000000000e+00,1.545441520e+00,0.000000000e+00,0.000000000e+00
7.640000,1.006776386e+01,0.000000000e+00,0.000000000e+00,1.545457830e+00,0.000000000e+00,0.000000000e+00
7.650000,1.008321852e+01,0.000000000e+00,0.000000000e+00,1.545473996e+00,0.000000000e+00,0.000000000e+00
7.660000,1.009867334e+01,0.000000000e+00,0.000000000e+00,1.545490021e+00,0.000000000e+00,0.000000000e+00
7.670000,1.011412832e+01,0.000000000e+00,0.000000000e+00,1.545505906e+00,0.000000000e+00,0.000000000e+00
7.680000,1.012958345e+01,0.000000000e+00,0.000000000e+00,1.545521651e+00,0.000000000e+00,0.000000000e+00
7.690000,1.014503875e+01,0.000000000e+00,0.000000000e+00,1.545537257e+00,0.000000000e+00,0.000000000e+00
7.700000,1.016049420e+01,0.000000000e+00,0.000000000e+00,1.545552727e+00,0.000000000e+00,0.000000000e+00
7.710000,1.017594980e+01,0.000000000e+00,0.000000000e+00,1.545568061e+00,0.000000000e+00,0.000000000e+00
7.720000,1.019140556e+01,0.000000000e+00,0.000000000e+00,1.545583261e+00,0.000000000e+00,0.000000000e+00
7.730000,1.020686147e+01,0.000000000e+00,0.000000000e+00,1.545598327e+00,0.000000000e+00,0.000000000e+00
7.740000,1.022231753e+01,0.000000000e+00,0.000000000e+00,1.545613261e+00,0.000000000e+00,0.000000000e+00
7.750000,1.023777373e+01,0.000000000e+00,0.000000000e+00,1.545628064e+00,0.000000000e+00,0.000000000e+00
7.760000,1.025323009e+01,0.000000000e+00,0.000000000e+00,1.545642737e+00,0.000000000e+00,0.000000000e+00
7.770000,1.026868659e+01,0.000000000e+00,0.000000000e+00,1.545657281e+00,0.000000000e+00,0.000000000e+00
7.780000,1.028414323e+01,0.000000000e+00,0.000000000e+00,1.545671698e+00,0.000000000e+00,0.000000000e+00
7.790000,1.029960002e+01,0.000000000e+00,0.000000000e+00,1.545685988e+00,0.000000000e+00,0.000000000e+00
7.800000,1.031505695e+01,0.000000000e+00,0.000000000e+00,1.545700153e+00,0.000000000e+00,0.000000000e+00
7.810000,1.033051402e+01,0.000000000e+00,0.000000000e+00,1.545714194e+00,0.000000000e+00,0.000000000e+00
7.820000,1.034597124e+01,0.000000000e+00,0.000000000e+00,1.545728111e+00,0.000000000e+00,0.000000000e+00
7.830000,1.036142859e+01,0.000000000e+00,0.000000000e+00,1.545741906e+00,0.000000000e+00,0.000000000e+00
7.840000,1.037688607e+01,0.000000000e+00,0.000000000e+00,1.545755580e+00,0.000000000e+00,0.000000000e+00
7.850000,1.039234370e+01,0.000000000e+00,0.000000000e+00,1.545769135e+00,0.000000000e+00,0.000000000e+00
7.860000,1.040780146e+01,0.000000000e+00,0.000000000e+00,1.545782570e+00,0.000000000e+00,0.000000000e+00
7.870000,1.042325935e+01,0.000000000e+00,0.000000000e+00,1.545795887e+00,0.000000000e+00,0.000000000e+00
7.880000,1.043871737e+01,0.000000000e+00,0.000000000e+00,1.545809088e+00,0.000000000e+00,0.000000000e+00
7.890000,1.045417553e+01,0.000000000e+00,0.000000000e+00,1.545822173e+00,0.000000000e+00,0.000000000e+00
7.900000,1.046963382e+01,0.000000000e+00,0.000000000e+00,1.545835143e+00,0.000000000e+00,0.000000000e+00
7.910000,1.048509223e+01,0.000000000e+00,0.000000000e+00,1.545847999e+00,0.000000000e+00,0.000000000e+00
7.920000,1.050055078e+01,0.000000000e+00,0.000000000e+00,1.545860742e+00,0.000000000e+00,0.000000000e+00
7.930000,1.051600945e+01,0.000000000e+00,0.000000000e+00,1.545873373e+00,0.000000000e+00,0.000000000e+00
7.940000,1.053146824e+01,0.000000000e+00,0.000000000e+00,1.545885894e+00,0.000000000e+00,0.000000000e+00
7.950000,1.054692716e+01,0.000000000e+00,0.000000000e+00,1.545898305e+00,0.000000000e+00,0.000000000e+00
7.960000,1.056238621e+01,0.000000000e+00,0.000000000e+00,1.545910607e+00,0.000000000e+00,0.000000000e+00
7.970000,1.057784538e+01,0.000000000e+00,0.000000000e+00,1.545922801e+00,0.000000000e+00,0.000000000e+00
7.980000,1.059330466e+01,0.000000000e+00,0.000000000e+00,1.545934888e+00,0.000000000e+00,0.000000000e+00
7.990000,1.060876407e+01,0.000000000e+00,0.000000000e+00,1.545946869e+00,0.000000000e+00,0.000000000e+00
8.000000,1.062422360e+01,0.000000000e+00,0.000000000e+00,1.545958744e+00,0.000000000e+00,0.000000000e+00
8.010000,1.063968325e+01,0.000000000e+00,0.000000000e+00,1.545970516e+00,0.000000000e+00,0.000000000e+00
8.020000,1.065514301e+01,0.000000000e+00,0.000000000e+00,1.545982184e+00,0.000000000e+00,0.000000000e+00
8.030000,1.067060289e+01,0.000000000e+00,0.000000000e+00,1.545993750e+00,0.000000000e+00,0.000000000e+00
8.040000,1.068606289e+01,0.000000000e+00,0.000000000e+00,1.546005215e+00,0.000000000e+00,0.000000000e+00
8.050000,1.070152299e+01,0.000000000e+00,0.000000000e+00,1.546016579e+00,0.000000000e+00,0.000000000e+00
8.060000,1.071698322e+01,0.000000000e+00,0.000000000e+00,1.546027843e+00,0.000000000e+00,0.000000000e+00
8.070000,1.073244355e+01,0.000000000e+00,0.000000000e+00,1.546039008e+00,0.000000000e+00,0.000000000e+00
8.080000,1.074790400e+01,0.000000000e+00,0.000000000e+00,1.546050075e+00,0.000000000e+00,0.000000000e+00
8.090000,1.076336455e+01,0.000000000e+00,0.000000000e+00,1.546061046e+00,0.000000000e+00,0.000000000e+00
8.100000,1.077882522e+01,0.000000000e+00,0.000000000e+00,1.546071920e+00,0.000000000e+00,0.000000000e+00
8.110000,1.079428599e+01,0.000000000e+00,0.000000000e+00,1.546082698e+00,0.000000000e+00,0.000000000e+00
8.120000,1.080974687e+01,0.000000000e+00,0.000000000e+00,1.546093382e+00,0.000000000e+00,0.000000000e+00
8.130000,1.082520786e+01,0.000000000e+00,0.000000000e+00,1.546103972e+00,0.000000000e+00,0.000000000e+00
8.140000,1.084066895e+01,0.000000000e+00,0.000000000e+00,1.546114470e+00,0.000000000e+00,0.000000000e+00
8.150000,1.085613015e+01,0.000000000e+00,0.000000000e+00,1.546124875e+00,0.000000000e+00,0.000000000e+00
8.160000,1.087159145e+01,0.000000000e+00,0.000000000e+00,1.546135189e+00,0.000000000e+00,0.000000000e+00
8.170000,1.088705285e+01,0.000000000e+00,0.000000000e+00,1.546145412e+00,0.000000000e+00,0.000000000e+00
8.180000,1.090251435e+01,0.000000000e+00,0.000000000e+00,1.546155546e+00,0.000000000e+00,0.000000000e+00
8.190000,1.091797596e+01,0.000000000e+00,0.000000000e+00,1.546165591e+00,0.000000000e+00,0.000000000e+00
8.200000,1.093343767e+01,0.000000000e+00,0.000000000e+00,1.546175547e+00,0.000000000e+00,0.000000000e+00
8.210000,1.094889947e+01,0.000000000e+00,0.000000000e+00,1.546185417e+00,0.000000000e+00,0.000000000e+00
8.220000,1.096436137e+01,0.000000000e+00,0.000000000e+00,1.546195199e+00,0.000000000e+00,0.000000000e+00
8.230000,1.097982337e+01,0.000000000e+00,0.000000000e+00,1.546204896e+00,0.000000000e+00,0.000000000e+00
8.240000,1.099528547e+01,0.000000000e+00,0.000000000e+00,1.546214508e+00,0.000000000e+00,0.000000000e+00
8.250000,1.101074766e+01,0.000000000e+00,0.000000000e+00,1.546224035e+00,0.000000000e+00,0.000000000e+00
8.260000,1.102620995e+01,0.000000000e+00,0.000000000e+00,1.546233479e+00,0.000000000e+00,0.000000000e+00
8.270000,1.104167233e+01,0.000000000e+00,0.000000000e+00,1.546242840e+00,0.000000000e+00,0.000000000e+00
8.280000,1.105713481e+01,0.000000000e+00,0.000000000e+00,1.546252119e+00,0.000000000e+00,0.000000000e+00
8.290000,1.107259738e+01,0.000000000e+00,0.000000000e+00,1.546261317e+00,0.000000000e+00,0.000000000e+00
8.300000,1.108806004e+01,0.000000000e+00,0.000000000e+00,1.546270433e+00,0.000000000e+00,0.000000000e+00
8.310000,1.110352278e+01,0.000000000e+00,0.000000000e+00,1.546279470e+00,0.000000000e+00,0.000000000e+00
8.320000,1.111898562e+01,0.000000000e+00,0.000000000e+00,1.546288428e+00,0.000000000e+00,0.000000000e+00
8.330000,1.113444855e+01,0.000000000e+00,0.000000000e+00,1.546297306e+00,0.000000000e+00,0.000000000e+00
8.340000,1.114991157e+01,0.000000000e+00,0.000000000e+00,1.546306107e+00,0.000000000e+00,0.000000000e+00
8.350000,1.116537467e+01,0.000000000e+00,0.000000000e+00,1.546314831e+00,0.000000000e+00,0.000000000e+00
8.360000,1.118083787e+01,0.000000000e+00,0.000000000e+00,1.546323478e+00,0.000000000e+00,0.000000000e+00
8.370000,1.119630114e+01,0.000000000e+00,0.000000000e+00,1.546332050e+00,0.000000000e+00,0.000000000e+00
8.380000,1.121176451e+01,0.000000000e+00,0.000000000e+00,1.546340546e+00,0.000000000e+00,0.000000000e+00
8.390000,1.122722795e+01,0.000000000e+00,0.000000000e+00,1.546348967e+00,0.000000000e+00,0.000000000e+00
8.400000,1.124269149e+01,0.000000000e+00,0.000000000e+00,1.546357315e+00,0.000000000e+00,0.000000000e+00
8.410000,1.125815510e+01,0.000000000e+00,0.000000000e+00,1.546365589e+00,0.000000000e+00,0.000000000e+00
8.420000,1.127361880e+01,0.000000000e+00,0.000000000e+00,1.546373791e+00,0.000000000e+00,0.000000000e+00
8.430000,1.128908258e+01,0.000000000e+00,0.000000000e+00,1.546381921e+00,0.000000000e+00,0.000000000e+00
8.440000,1.130454644e+01,0.000000000e+00,0.000000000e+00,1.546389980e+00,0.000000000e+00,0.000000000e+00
8.450000,1.132001038e+01,0.000000000e+00,0.000000000e+00,1.546397967e+00,0.000000000e+00,0.000000000e+00
8.460000,1.133547440e+01,0.000000000e+00,0.000000000e+00,1.546405885e+00,0.000000000e+00,0.000000000e+00
8.470000,1.135093849e+01,0.000000000e+00,0.000000000e+00,1.546413733e+00,0.000000000e+00,0.000000000e+00
8.480000,1.136640267e+01,0.000000000e+00,0.000000000e+00,1.546421513e+00,0.000000000e+00,0.000000000e+00
8.490000,1.138186692e+01,0.000000000e+00,0.000000000e+00,1.546429224e+00,0.000000000e+00,0.000000000e+00
8.500000,1.139733125e+01,0.000000000e+00,0.000000000e+00,1.546436867e+00,0.000000000e+00,0.000000000e+00
8.510000,1.141279566e+01,0.000000000e+00,0.000000000e+00,1.546444444e+00,0.000000000e+00,0.000000000e+00
8.520000,1.142826014e+01,0.000000000e+00,0.000000000e+00,1.546451954e+00,0.000000000e+00,0.000000000e+00
8.530000,1.144372470e+01,0.000000000e+00,0.000000000e+00,1.546459398e+00,0.000000000e+00,0.000000000e+00
8.540000,1.145918933e+01,0.000000000e+00,0.000000000e+00,1.546466776e+00,0.000000000e+00,0.000000000e+00
8.550000,1.147465403e+01,0.000000000e+00,0.000000000e+00,1.546474090e+00,0.000000000e+00,0.000000000e+00
8.560000,1.149011881e+01,0.000000000e+00,0.000000000e+00,1.546481340e+00,0.000000000e+00,0.000000000e+00
8.570000,1.150558366e+01,0.000000000e+00,0.000000000e+00,1.546488526e+00,0.000000000e+00,0.000000000e+00
8.580000,1.152104858e+01,0.000000000e+00,0.000000000e+00,1.546495649e+00,0.000000000e+00,0.000000000e+00
8.590000,1.153651357e+01,0.000000000e+00,0.000000000e+00,1.546502710e+00,0.000000000e+00,0.000000000e+00
8.600000,1.155197864e+01,0.000000000e+00,0.000000000e+00,1.546509709e+00,0.000000000e+00,0.000000000e+00
8.610000,1.156744377e+01,0.000000000e+00,0.000000000e+00,1.546516646e+00,0.000000000e+00,0.000000000e+00
8.620000,1.158290897e+01,0.000000000e+00,0.000000000e+00,1.546523522e+00,0.000000000e+00,0.000000000e+00
8.630000,1.159837424e+01,0.000000000e+00,0.000000000e+00,1.546530339e+00,0.000000000e+00,0.000000000e+00
8.640000,1.161383958e+01,0.000000000e+00,0.000000000e+00,1.546537095e+00,0.000000000e+00,0.000000000e+00
8.650000,1.162930498e+01,0.000000000e+00,0.000000000e+00,1.546543792e+00,0.000000000e+00,0.000000000e+00
8.660000,1.164477045e+01,0.000000000e+00,0.000000000e+00,1.546550430e+00,0.000000000e+00,0.000000000e+00
8.670000,1.166023599e+01,0.000000000e+00,0.000000000e+00,1.546557010e+00,0.000000000e+00,0.000000000e+00
8.680000,1.167570159e+01,0.000000000e+00,0.000000000e+00,1.546563532e+00,0.000000000e+00,0.000000000e+00
8.690000,1.169116726e+01,0.000000000e+00,0.000000000e+00,1.546569997e+00,0.000000000e+00,0.000000000e+00
8.700000,1.170663299e+01,0.000000000e+00,0.000000000e+00,1.546576406e+00,0.000000000e+00,0.000000000e+00
8.710000,1.172209879e+01,0.000000000e+00,0.000000000e+00,1.546582758e+00,0.000000000e+00,0.000000000e+00
8.720000,1.173756465e+01,0.000000000e+00,0.000000000e+00,1.546589054e+00,0.000000000e+00,0.000000000e+00
8.730000,1.175303057e+01,0.000000000e+00,0.000000000e+00,1.546595295e+00,0.000000000e+00,0.000000000e+00
8.740000,1.176849655e+01,0.000000000e+00,0.000000000e+00,1.546601481e+00,0.000000000e+00,0.000000000e+00
8.750000,1.178396260e+01,0.000000000e+00,0.000000000e+00,1.546607613e+00,0.000000000e+00,0.000000000e+00
8.760000,1.179942870e+01,0.000000000e+00,0.000000000e+00,1.546613692e+00,0.000000000e+00,0.000000000e+00
8.770000,1.181489487e+01,0.000000000e+00,0.000000000e+00,1.546619716e+00,0.000000000e+00,0.000000000e+00
8.780000,1.183036110e+01,0.000000000e+00,0.000000000e+00,1.546625689e+00,0.000000000e+00,0.000000000e+00
8.790000,1.184582738e+01,0.000000000e+00,0.000000000e+00,1.546631608e+00,0.000000000e+00,0.000000000e+00
8.800000,1.186129373e+01,0.000000000e+00,0.000000000e+00,1.546637476e+00,0.000000000e+00,0.000000000e+00
8.810000,1.187676013e+01,0.000000000e+00,0.000000000e+00,1.546643292e+00,0.000000000e+00,0.000000000e+00
8.820000,1.189222660e+01,0.000000000e+00,0.000000000e+00,1.546649057e+00,0.000000000e+00,0.000000000e+00
8.830000,1.190769311e+01,0.000000000e+00,0.000000000e+00,1.546654772e+00,0.000000000e+00,0.000000000e+00
8.840000,1.192315969e+01,0.000000000e+00,0.000000000e+00,1.546660436e+00,0.000000000e+00,0.000000000e+00
8.850000,1.193862632e+01,0.000000000e+00,0.000000000e+00,1.546666051e+00,0.000000000e+00,0.000000000e+00
8.860000,1.195409301e+01,0.000000000e+00,0.000000000e+00,1.546671616e+00,0.000000000e+00,0.000000000e+00
8.870000,1.196955976e+01,0.000000000e+00,0.000000000e+00,1.546677133e+00,0.000000000e+00,0.000000000e+00
8.880000,1.198502655e+01,0.000000000e+00,0.000000000e+00,1.546682601e+00,0.000000000e+00,0.000000000e+00
8.890000,1.200049341e+01,0.000000000e+00,0.000000000e+00,1.546688022e+00,0.000000000e+00,0.000000000e+00
8.900000,1.201596031e+01,0.000000000e+00,0.000000000e+00,1.546693394e+00,0.000000000e+00,0.000000000e+00
8.910000,1.203142727e+01,0.000000000e+00,0.000000000e+00,1.546698720e+00,0.000000000e+00,0.000000000e+00
8.920000,1.204689429e+01,0.000000000e+00,0.000000000e+00,1.546703999e+00,0.000000000e+00,0.000000000e+00
8.930000,1.206236135e+01,0.000000000e+00,0.000000000e+00,1.546709231e+00,0.000000000e+00,0.000000000e+00
8.940000,1.207782847e+01,0.000000000e+00,0.000000000e+00,1.546714418e+00,0.000000000e+00,0.000000000e+00
8.950000,1.209329564e+01,0.000000000e+00,0.000000000e+00,1.546719559e+00,0.000000000e+00,0.000000000e+00
8.960000,1.210876286e+01,0.000000000e+00,0.000000000e+00,1.546724655e+00,0.000000000e+00,0.000000000e+00
8.970000,1.212423014e+01,0.000000000e+00,0.000000000e+00,1.546729706e+00,0.000000000e+00,0.000000000e+00
8.980000,1.213969746e+01,0.000000000e+00,0.000000000e+00,1.546734713e+00,0.000000000e+00,0.000000000e+00
8.990000,1.215516483e+01,0.000000000e+00,0.000000000e+00,1.546739676e+00,0.000000000e+00,0.000000000e+00
9.000000,1.217063225e+01,0.000000000e+00,0.000000000e+00,1.546744596e+00,0.000000000e+00,0.000000000e+00
9.010000,1.218609972e+01,0.000000000e+00,0.000000000e+00,1.546749472e+00,0.000000000e+00,0.000000000e+00
9.020000,1.220156724e+01,0.000000000e+00,0.000000000e+00,1.546754306e+00,0.000000000e+00,0.000000000e+00
9.030000,1.221703481e+01,0.000000000e+00,0.000000000e+00,1.546759097e+00,0.000000000e+00,0.000000000e+00
9.040000,1.223250242e+01,0.000000000e+00,0.000000000e+00,1.546763846e+00,0.000000000e+00,0.000000000e+00
9.050000,1.224797008e+01,0.000000000e+00,0.000000000e+00,1.546768553e+00,0.000000000e+00,0.000000000e+00
9.060000,1.226343779e+01,0.000000000e+00,0.000000000e+00,1.546773219e+00,0.000000000e+00,0.000000000e+00
9.070000,1.227890555e+01,0.000000000e+00,0.000000000e+00,1.546777844e+00,0.000000000e+00,0.000000000e+00
9.080000,1.229437335e+01,0.000000000e+00,0.000000000e+00,1.546782429e+00,0.000000000e+00,0.000000000e+00
9.090000,1.230984120e+01,0.000000000e+00,0.000000000e+00,1.546786973e+00,0.000000000e+00,0.000000000e+00
9.100000,1.232530909e+01,0.000000000e+00,0.000000000e+00,1.546791478e+00,0.000000000e+00,0.000000000e+00
9.110000,1.234077703e+01,0.000000000e+00,0.000000000e+00,1.546795943e+00,0.000000000e+00,0.000000000e+00
9.120000,1.235624501e+01,0.000000000e+00,0.000000000e+00,1.546800369e+00,0.000000000e+00,0.000000000e+00
9.130000,1.237171303e+01,0.000000000e+00,0.000000000e+00,1.546804755e+00,0.000000000e+00,0.000000000e+00
9.140000,1.238718110e+01,0.000000000e+00,0.000000000e+00,1.546809104e+00,0.000000000e+00,0.000000000e+00
9.150000,1.240264922e+01,0.000000000e+00,0.000000000e+00,1.546813414e+00,0.000000000e+00,0.000000000e+00
9.160000,1.241811737e+01,0.000000000e+00,0.000000000e+00,1.546817687e+00,0.000000000e+00,0.000000000e+00
9.170000,1.243358557e+01,0.000000000e+00,0.000000000e+00,1.546821922e+00,0.000000000e+00,0.000000000e+00
9.180000,1.244905381e+01,0.000000000e+00,0.000000000e+00,1.546826119e+00,0.000000000e+00,0.000000000e+00
9.190000,1.246452209e+01,0.000000000e+00,0.000000000e+00,1.546830280e+00,0.000000000e+00,0.000000000e+00
9.200000,1.247999042e+01,0.000000000e+00,0.000000000e+00,1.546834405e+00,0.000000000e+00,0.000000000e+00
9.210000,1.249545878e+01,0.000000000e+00,0.000000000e+00,1.546838493e+00,0.000000000e+00,0.000000000e+00
9.220000,1.251092718e+01,0.000000000e+00,0.000000000e+00,1.546842546e+00,0.000000000e+00,0.000000000e+00
9.230000,1.252639563e+01,0.000000000e+00,0.000000000e+00,1.546846563e+00,0.000000000e+00,0.000000000e+00
9.240000,1.254186412e+01,0.000000000e+00,0.000000000e+00,1.546850544e+00,0.000000000e+00,0.000000000e+00
9.250000,1.255733264e+01,0.000000000e+00,0.000000000e+00,1.546854491e+00,0.000000000e+00,0.000000000e+00
9.260000,1.257280121e+01,0.000000000e+00,0.000000000e+00,1.546858403e+00,0.000000000e+00,0.000000000e+00
9.270000,1.258826981e+01,0.000000000e+00,0.000000000e+00,1.546862281e+00,0.000000000e+00,0.000000000e+00
9.280000,1.260373845e+01,0.000000000e+00,0.000000000e+00,1.546866124e+00,0.000000000e+00,0.000000000e+00
9.290000,1.261920713e+01,0.000000000e+00,0.000000000e+00,1.546869934e+00,0.000000000e+00,0.000000000e+00
9.300000,1.263467585e+01,0.000000000e+00,0.000000000e+00,1.546873711e+00,0.000000000e+00,0.000000000e+00
9.310000,1.265014461e+01,0.000000000e+00,0.000000000e+00,1.546877454e+00,0.000000000e+00,0.000000000e+00
9.320000,1.266561340e+01,0.000000000e+00,0.000000000e+00,1.546881165e+00,0.000000000e+00,0.000000000e+00
9.330000,1.268108223e+01,0.000000000e+00,0.000000000e+00,1.546884843e+00,0.000000000e+00,0.000000000e+00
9.340000,1.269655110e+01,0.000000000e+00,0.000000000e+00,1.546888489e+00,0.000000000e+00,0.000000000e+00
9.350000,1.271202000e+01,0.000000000e+00,0.000000000e+00,1.546892102e+00,0.000000000e+00,0.000000000e+00
9.360000,1.272748894e+01,0.000000000e+00,0.000000000e+00,1.546895684e+00,0.000000000e+00,0.000000000e+00
9.370000,1.274295791e+01,0.000000000e+00,0.000000000e+00,1.546899235e+00,0.000000000e+00,0.000000000e+00
9.380000,1.275842692e+01,0.000000000e+00,0.000000000e+00,1.546902755e+00,0.000000000e+00,0.000000000e+00
9.390000,1.277389597e+01,0.000000000e+00,0.000000000e+00,1.546906243e+00,0.000000000e+00,0.000000000e+00
9.400000,1.278936505e+01,0.000000000e+00,0.000000000e+00,1.546909701e+00,0.000000000e+00,0.000000000e+00
9.410000,1.280483416e+01,0.000000000e+00,0.000000000e+00,1.546913129e+00,0.000000000e+00,0.000000000e+00
9.420000,1.282030331e+01,0.000000000e+00,0.000000000e+00,1.546916526e+00,0.000000000e+00,0.000000000e+00
9.430000,1.283577249e+01,0.000000000e+00,0.000000000e+00,1.546919894e+00,0.000000000e+00,0.000000000e+00
9.440000,1.285124171e+01,0.000000000e+00,0.000000000e+00,1.546923232e+00,0.000000000e+00,0.000000000e+00
9.450000,1.286671096e+01,0.000000000e+00,0.000000000e+00,1.546926541e+00,0.000000000e+00,0.000000000e+00
9.460000,1.288218024e+01,0.000000000e+00,0.000000000e+00,1.546929821e+00,0.000000000e+00,0.000000000e+00
9.470000,1.289764955e+01,0.000000000e+00,0.000000000e+00,1.546933072e+00,0.000000000e+00,0.000000000e+00
9.480000,1.291311890e+01,0.000000000e+00,0.000000000e+00,1.546936295e+00,0.000000000e+00,0.000000000e+00
9.490000,1.292858828e+01,0.000000000e+00,0.000000000e+00,1.546939489e+00,0.000000000e+00,0.000000000e+00
9.500000,1.294405769e+01,0.000000000e+00,0.000000000e+00,1.546942655e+00,0.000000000e+00,0.000000000e+00
9.510000,1.295952713e+01,0.000000000e+00,0.000000000e+00,1.546945794e+00,0.000000000e+00,0.000000000e+00
9.520000,1.297499660e+01,0.000000000e+00,0.000000000e+00,1.546948905e+00,0.000000000e+00,0.000000000e+00
9.530000,1.299046611e+01,0.000000000e+00,0.000000000e+00,1.546951988e+00,0.000000000e+00,0.000000000e+00
9.540000,1.300593564e+01,0.000000000e+00,0.000000000e+00,1.546955045e+00,0.000000000e+00,0.000000000e+00
9.550000,1.302140521e+01,0.000000000e+00,0.000000000e+00,1.546958075e+00,0.000000000e+00,0.000000000e+00
9.560000,1.303687481e+01,0.000000000e+00,0.000000000e+00,1.546961078e+00,0.000000000e+00,0.000000000e+00
9.570000,1.305234443e+01,0.000000000e+00,0.000000000e+00,1.546964055e+00,0.000000000e+00,0.000000000e+00
9.580000,1.306781409e+01,0.000000000e+00,0.000000000e+00,1.546967005e+00,0.000000000e+00,0.000000000e+00
9.590000,1.308328377e+01,0.000000000e+00,0.000000000e+00,1.546969930e+00,0.000000000e+00,0.000000000e+00
9.600000,1.309875349e+01,0.000000000e+00,0.000000000e+00,1.546972829e+00,0.000000000e+00,0.000000000e+00
9.610000,1.311422323e+01,0.000000000e+00,0.000000000e+00,1.546975703e+00,0.000000000e+00,0.000000000e+00
9.620000,1.312969300e+01,0.000000000e+00,0.000000000e+00,1.546978552e+00,0.000000000e+00,0.000000000e+00
9.630000,1.314516280e+01,0.000000000e+00,0.000000000e+00,1.546981375e+00,0.000000000e+00,0.000000000e+00
9.640000,1.316063263e+01,0.000000000e+00,0.000000000e+00,1.546984174e+00,0.000000000e+00,0.000000000e+00
9.650000,1.317610248e+01,0.000000000e+00,0.000000000e+00,1.546986948e+00,0.000000000e+00,0.000000000e+00
9.660000,1.319157237e+01,0.000000000e+00,0.000000000e+00,1.546989698e+00,0.000000000e+00,0.000000000e+00
9.670000,1.320704228e+01,0.000000000e+00,0.000000000e+00,1.546992424e+00,0.000000000e+00,0.000000000e+00
9.680000,1.322251221e+01,0.000000000e+00,0.000000000e+00,1.546995125e+00,0.000000000e+00,0.000000000e+00
9.690000,1.323798218e+01,0.000000000e+00,0.000000000e+00,1.546997803e+00,0.000000000e+00,0.000000000e+00
9.700000,1.325345217e+01,0.000000000e+00,0.000000000e+00,1.547000458e+00,0.000000000e+00,0.000000000e+00
9.710000,1.326892219e+01,0.000000000e+00,0.000000000e+00,1.547003089e+00,0.000000000e+00,0.000000000e+00
9.720000,1.328439223e+01,0.000000000e+00,0.000000000e+00,1.547005698e+00,0.000000000e+00,0.000000000e+00
9.730000,1.329986230e+01,0.000000000e+00,0.000000000e+00,1.547008283e+00,0.000000000e+00,0.000000000e+00
9.740000,1.331533240e+01,0.000000000e+00,0.000000000e+00,1.547010846e+00,0.000000000e+00,0.000000000e+00
9.750000,1.333080252e+01,0.000000000e+00,0.000000000e+00,1.547013386e+00,0.000000000e+00,0.000000000e+00
9.760000,1.334627266e+01,0.000000000e+00,0.000000000e+00,1.547015904e+00,0.000000000e+00,0.000000000e+00
9.770000,1.336174284e+01,0.000000000e+00,0.000000000e+00,1.547018399e+00,0.000000000e+00,0.000000000e+00
9.780000,1.337721303e+01,0.000000000e+00,0.000000000e+00,1.547020873e+00,0.000000000e+00,0.000000000e+00
9.790000,1.339268325e+01,0.000000000e+00,0.000000000e+00,1.547023325e+00,0.000000000e+00,0.000000000e+00
9.800000,1.340815350e+01,0.000000000e+00,0.000000000e+00,1.547025756e+00,0.000000000e+00,0.000000000e+00
9.810000,1.342362377e+01,0.000000000e+00,0.000000000e+00,1.547028165e+00,0.000000000e+00,0.000000000e+00
9.820000,1.343909406e+01,0.000000000e+00,0.000000000e+00,1.547030554e+00,0.000000000e+00,0.000000000e+00
9.830000,1.345456438e+01,0.000000000e+00,0.000000000e+00,1.547032921e+00,0.000000000e+00,0.000000000e+00
9.840000,1.347003472e+01,0.000000000e+00,0.000000000e+00,1.547035267e+00,0.000000000e+00,0.000000000e+00
9.850000,1.348550509e+01,0.000000000e+00,0.000000000e+00,1.547037593e+00,0.000000000e+00,0.000000000e+00
9.860000,1.350097547e+01,0.000000000e+00,0.000000000e+00,1.547039899e+00,0.000000000e+00,0.000000000e+00
9.870000,1.351644588e+01,0.000000000e+00,0.000000000e+00,1.547042184e+00,0.000000000e+00,0.000000000e+00
9.880000,1.353191632e+01,0.000000000e+00,0.000000000e+00,1.547044449e+00,0.000000000e+00,0.000000000e+00
9.890000,1.354738677e+01,0.000000000e+00,0.000000000e+00,1.547046694e+00,0.000000000e+00,0.000000000e+00
9.900000,1.356285725e+01,0.000000000e+00,0.000000000e+00,1.547048920e+00,0.000000000e+00,0.000000000e+00
9.910000,1.357832775e+01,0.000000000e+00,0.000000000e+00,1.547051126e+00,0.000000000e+00,0.000000000e+00
9.920000,1.359379827e+01,0.000000000e+00,0.000000000e+00,1.547053313e+00,0.000000000e+00,0.000000000e+00
9.930000,1.360926882e+01,0.000000000e+00,0.000000000e+00,1.547055480e+00,0.000000000e+00,0.000000000e+00
9.940000,1.362473938e+01,0.000000000e+00,0.000000000e+00,1.547057629e+00,0.000000000e+00,0.000000000e+00
9.950000,1.364020997e+01,0.000000000e+00,0.000000000e+00,1.547059758e+00,0.000000000e+00,0.000000000e+00
9.960000,1.365568058e+01,0.000000000e+00,0.000000000e+00,1.547061869e+00,0.000000000e+00,0.000000000e+00
9.970000,1.367115121e+01,0.000000000e+00,0.000000000e+00,1.547063962e+00,0.000000000e+00,0.000000000e+00
9.980000,1.368662186e+01,0.000000000e+00,0.000000000e+00,1.547066036e+00,0.000000000e+00,0.000000000e+00
9.990000,1.370209253e+01,0.000000000e+00,0.000000000e+00,1.547068092e+00,0.000000000e+00,0.000000000e+00
10.000000,1.371756322e+01,0.000000000e+00,0.000000000e+00,1.546312554e+00,0.000000000e+00,4.629629630e-04
10.010000,1.373300373e+01,5.993153463e-08,1.844851674e-05,1.541795737e+00,-1.248210367e-05,3.222038605e-03
10.020000,1.374839926e+01,3.982065427e-07,6.434569997e-05,1.537318550e+00,-4.330469131e-05,5.952592786e-03
10.030000,1.376375023e+01,1.250132500e-06,1.374032865e-04,1.532880638e+00,-9.198472078e-05,8.654021368e-03
10.040000,1.377905701e+01,2.847788309e-06,2.373271403e-04,1.528481648e+00,-1.580431003e-04,1.132575404e-02
10.050000,1.379431999e+01,5.420010858e-06,3.638175944e-04,1.524121228e+00,-2.410048765e-04,1.396725502e-02
10.060000,1.380953956e+01,9.192384134e-06,5.165697990e-04,1.519799024e+00,-3.403994205e-04,1.657802364e-02
10.070000,1.382471610e+01,1.438723086e-05,6.952740752e-04,1.515514684e+00,-4.557606130e-04,1.915759481e-02
10.080000,1.383984998e+01,2.122360673e-05,8.996162723e-04,1.511267855e+00,-5.866270250e-04,2.170553927e-02
10.090000,1.385494158e+01,2.991729708e-05,1.129278127e-03,1.507058188e+00,-7.325420956e-04,2.422146386e-02
10.100000,1.386999126e+01,4.068081619e-05,1.383937626e-03,1.502885332e+00,-8.930543056e-04,2.670501154e-02
10.110000,1.388499940e+01,5.372340901e-05,1.663269365e-03,1.498748938e+00,-1.067717345e-03,2.915586136e-02
10.120000,1.389996635e+01,6.925105533e-05,1.966944910e-03,1.494648660e+00,-1.256090278e-03,3.157372828e-02
10.130000,1.391489248e+01,8.746647636e-05,2.294633157e-03,1.490584150e+00,-1.457737694e-03,3.395836295e-02
10.140000,1.392977814e+01,1.085691437e-04,2.646000682e-03,1.486555066e+00,-1.672229864e-03,3.630955126e-02
10.150000,1.394462369e+01,1.327552906e-04,3.020712097e-03,1.482561064e+00,-1.899142879e-03,3.862711398e-02
10.160000,1.395942946e+01,1.602179254e-04,3.418430393e-03,1.478601804e+00,-2.138058785e-03,4.091090611e-02
10.170000,1.397419581e+01,1.911468473e-04,3.838817280e-03,1.474676948e+00,-2.388565712e-03,4.316081633e-02
10.180000,1.398892308e+01,2.257286639e-04,4.281533519e-03,1.470786158e+00,-2.650257993e-03,4.537676620e-02
10.190000,1.400361160e+01,2.641468113e-04,4.746239250e-03,1.466929101e+00,-2.922736274e-03,4.755870947e-02
10.200000,1.401826172e+01,3.065815754e-04,5.232594305e-03,1.463105445e+00,-3.205607614e-03,4.970663116e-02
10.210000,1.403287376e+01,3.532101162e-04,5.740258520e-03,1.459314860e+00,-3.498485584e-03,5.182054669e-02
10.220000,1.404744804e+01,4.042064922e-04,6.268892035e-03,1.455557019e+00,-3.800990347e-03,5.390050093e-02
10.230000,1.406198491e+01,4.597416884e-04,6.818155581e-03,1.451831599e+00,-4.112748733e-03,5.594656719e-02
10.240000,1.407648467e+01,5.199836445e-04,7.387710757e-03,1.448138277e+00,-4.433394309e-03,5.795884617e-02
10.250000,1.409094764e+01,5.850972848e-04,7.977220305e-03,1.444476736e+00,-4.762567437e-03,5.993746493e-02
10.260000,1.410537415e+01,6.552445507e-04,8.586348364e-03,1.440846658e+00,-5.099915319e-03,6.188257576e-02
10.270000,1.411976449e+01,7.305844326e-04,9.214760718e-03,1.437247731e+00,-5.445092042e-03,6.379435508e-02
10.280000,1.413411899e+01,8.112730049e-04,9.862125028e-03,1.433679645e+00,-5.797758608e-03,6.567300227e-02
10.290000,1.414843794e+01,8.974634606e-04,1.052811106e-02,1.430142092e+00,-6.157582956e-03,6.751873859e-02
10.300000,1.416272164e+01,9.893061485e-04,1.121239091e-02,1.426634769e+00,-6.524239977e-03,6.933180599e-02
10.310000,1.417697040e+01,1.086948610e-03,1.191463916e-02,1.423157375e+00,-6.897411523e-03,7.111246594e-02
10.320000,1.419118451e+01,1.190535617e-03,1.263453314e-02,1.419709611e+00,-7.276786407e-03,7.286099834e-02
10.330000,1.420536426e+01,1.300209211e-03,1.337175303e-02,1.416291184e+00,-7.662060388e-03,7.457770032e-02
10.340000,1.421950995e+01,1.416108745e-03,1.412598209e-02,1.412901800e+00,-8.052936163e-03,7.626288513e-02
10.350000,1.423362185e+01,1.538370921e-03,1.489690677e-02,1.409541173e+00,-8.449123336e-03,7.791688105e-02
10.360000,1.424770025e+01,1.667129831e-03,1.568421689e-02,1.406209017e+00,-8.850338396e-03,7.954003026e-02
10.370000,1.426174544e+01,1.802517001e-03,1.648760574e-02,1.402905049e+00,-9.256304675e-03,8.113268776e-02
10.380000,1.427575769e+01,1.944661429e-03,1.730677023e-02,1.399628992e+00,-9.666752305e-03,8.269522031e-02
10.390000,1.428973726e+01,2.093689633e-03,1.814141099e-02,1.396380569e+00,-1.008141817e-02,8.422800543e-02
10.400000,1.430368445e+01,2.249725685e-03,1.899123248e-02,1.393159509e+00,-1.050004587e-02,8.573143036e-02
10.410000,1.431759951e+01,2.412891261e-03,1.985594306e-02,1.389965541e+00,-1.092238561e-02,8.720589110e-02
10.420000,1.433148270e+01,2.583305680e-03,2.073525510e-02,1.386798401e+00,-1.134819420e-02,8.865179144e-02
10.430000,1.434533431e+01,2.761085948e-03,2.162888506e-02,1.383657824e+00,-1.177723494e-02,9.006954208e-02
10.440000,1.435915457e+01,2.946346799e-03,2.253655351e-02,1.380543553e+00,-1.220927757e-02,9.145955972e-02
10.450000,1.437294375e+01,3.139200740e-03,2.345798522e-02,1.377455330e+00,-1.264409817e-02,9.282226620e-02
10.460000,1.438670211e+01,3.339758091e-03,2.439290922e-02,1.374392902e+00,-1.308147912e-02,9.415808772e-02
10.470000,1.440042990e+01,3.548127029e-03,2.534105880e-02,1.371356018e+00,-1.352120896e-02,9.546745402e-02
10.480000,1.441412736e+01,3.764413632e-03,2.630217156e-02,1.368344432e+00,-1.396308234e-02,9.675079765e-02
10.490000,1.442779475e+01,3.988721916e-03,2.727598946e-02,1.365357900e+00,-1.440689991e-02,9.800855327e-02
10.500000,1.444143230e+01,4.221153879e-03,2.826225879e-02,1.362396180e+00,-1.485246827e-02,9.924115692e-02
10.510000,1.445504026e+01,4.461809546e-03,2.926073022e-02,1.359459035e+00,-1.529959978e-02,1.004490454e-01
10.520000,1.446861887e+01,4.710787004e-03,3.027115878e-02,1.356546230e+00,-1.574811258e-02,1.016326558e-01
10.530000,1.448216837e+01,4.968182444e-03,3.129330387e-02,1.353657532e+00,-1.619783039e-02,1.027924246e-01
10.540000,1.449568898e+01,5.234090206e-03,3.232692925e-02,1.350792712e+00,-1.664858248e-02,1.039287873e-01
10.550000,1.450918095e+01,5.508602810e-03,3.337180305e-02,1.347951544e+00,-1.710020352e-02,1.050421783e-01
10.560000,1.452264449e+01,5.791811002e-03,3.442769769e-02,1.345133805e+00,-1.755253349e-02,1.061330295e-01
10.570000,1.453607984e+01,6.083803792e-03,3.549438994e-02,1.342339274e+00,-1.800541762e-02,1.072017708e-01
10.580000,1.454948722e+01,6.384668488e-03,3.657166084e-02,1.339567732e+00,-1.845870618e-02,1.082488291e-01
10.590000,1.456286685e+01,6.694490736e-03,3.765929567e-02,1.336818966e+00,-1.891225451e-02,1.092746283e-01
10.600000,1.457621896e+01,7.013354558e-03,3.875708394e-02,1.334092761e+00,-1.936592278e-02,1.102795883e-01
10.610000,1.458954375e+01,7.341342388e-03,3.986481936e-02,1.331388910e+00,-1.981957600e-02,1.112641255e-01
10.620000,1.460284145e+01,7.678535105e-03,4.098229975e-02,1.328707204e+00,-2.027308383e-02,1.122286521e-01
10.630000,1.461611226e+01,8.025012070e-03,4.210932706e-02,1.326047438e+00,-2.072632052e-02,1.131735754e-01
10.640000,1.462935641e+01,8.380851163e-03,4.324570727e-02,1.323409411e+00,-2.117916479e-02,1.140992984e-01
10.650000,1.464257409e+01,8.746128813e-03,4.439125036e-02,1.320792924e+00,-2.163149973e-02,1.150062190e-01
10.660000,1.465576551e+01,9.120920033e-03,4.554577029e-02,1.318197779e+00,-2.208321267e-02,1.158947298e-01
10.670000,1.466893088e+01,9.505298452e-03,4.670908489e-02,1.315623781e+00,-2.253419514e-02,1.167652181e-01
10.680000,1.468207040e+01,9.899336350e-03,4.788101585e-02,1.313070738e+00,-2.298434269e-02,1.176180658e-01
10.690000,1.469518427e+01,1.030310468e-02,4.906138866e-02,1.310538461e+00,-2.343355484e-02,1.184536488e-01
10.700000,1.470827268e+01,1.071667312e-02,5.025003252e-02,1.308026761e+00,-2.388173497e-02,1.192723375e-01
10.710000,1.472133584e+01,1.114011007e-02,5.144678031e-02,1.305535454e+00,-2.432879021e-02,1.200744963e-01
10.720000,1.473437393e+01,1.157348271e-02,5.265146854e-02,1.303064357e+00,-2.477463134e-02,1.208604835e-01
10.730000,1.474738715e+01,1.201685702e-02,5.386393726e-02,1.300613287e+00,-2.521917271e-02,1.216306514e-01
10.740000,1.476037568e+01,1.247029781e-02,5.508403000e-02,1.298182068e+00,-2.566233214e-02,1.223853461e-01
10.750000,1.477333973e+01,1.293386873e-02,5.631159374e-02,1.295770522e+00,-2.610403081e-02,1.231249076e-01
10.760000,1.478627946e+01,1.340763232e-02,5.754647882e-02,1.293378474e+00,-2.654419319e-02,1.238496694e-01
10.770000,1.479919507e+01,1.389165003e-02,5.878853889e-02,1.291005753e+00,-2.698274693e-02,1.245599590e-01
10.780000,1.481208674e+01,1.438598225e-02,6.003763083e-02,1.288652187e+00,-2.741962277e-02,1.252560975e-01
10.790000,1.482495464e+01,1.489068831e-02,6.129361472e-02,1.286317610e+00,-2.785475447e-02,1.259383999e-01
10.800000,1.483779897e+01,1.540582654e-02,6.255635374e-02,1.284001853e+00,-2.828807873e-02,1.266071748e-01
10.810000,1.485061988e+01,1.593145425e-02,6.382571414e-02,1.281704753e+00,-2.871953506e-02,1.272627245e-01
10.820000,1.486341756e+01,1.646762782e-02,6.510156514e-02,1.279426147e+00,-2.914906575e-02,1.279053452e-01
10.830000,1.487619218e+01,1.701440265e-02,6.638377892e-02,1.277165874e+00,-2.957661574e-02,1.285353269e-01
10.840000,1.488894391e+01,1.757183323e-02,6.767223050e-02,1.274923776e+00,-3.000213259e-02,1.291529534e-01
10.850000,1.490167292e+01,1.813997313e-02,6.896679773e-02,1.272699694e+00,-3.042556636e-02,1.297585025e-01
10.860000,1.491437938e+01,1.871887506e-02,7.026736120e-02,1.270493475e+00,-3.084686956e-02,1.303522458e-01
10.870000,1.492706346e+01,1.930859085e-02,7.157380418e-02,1.268304963e+00,-3.126599708e-02,1.309344493e-01
10.880000,1.493972531e+01,1.990917149e-02,7.288601259e-02,1.266134008e+00,-3.168290607e-02,1.315053727e-01
10.890000,1.495236510e+01,2.052066716e-02,7.420387489e-02,1.263980459e+00,-3.209755592e-02,1.320652700e-01
10.900000,1.496498300e+01,2.114312721e-02,7.552728206e-02,1.261844168e+00,-3.250990819e-02,1.326143896e-01
10.910000,1.497757916e+01,2.177660023e-02,7.685612756e-02,1.259724987e+00,-3.291992648e-02,1.331529739e-01
10.920000,1.499015373e+01,2.242113402e-02,7.819030722e-02,1.257622771e+00,-3.332757647e-02,1.336812601e-01
10.930000,1.500270688e+01,2.307677565e-02,7.952971921e-02,1.255537377e+00,-3.373282573e-02,1.341994795e-01
10.940000,1.501523876e+01,2.374357145e-02,8.087426401e-02,1.253468662e+00,-3.413564376e-02,1.347078583e-01
10.950000,1.502774952e+01,2.442156701e-02,8.222384431e-02,1.251416485e+00,-3.453600189e-02,1.352066172e-01
10.960000,1.504023931e+01,2.511080725e-02,8.357836501e-02,1.249380708e+00,-3.493387319e-02,1.356959715e-01
10.970000,1.505270828e+01,2.581133640e-02,8.493773310e-02,1.247361192e+00,-3.532923248e-02,1.361761318e-01
10.980000,1.506515659e+01,2.652319799e-02,8.630185768e-02,1.245357801e+00,-3.572205620e-02,1.366473032e-01
10.990000,1.507758437e+01,2.724643493e-02,8.767064987e-02,1.243370401e+00,-3.611232241e-02,1.371096861e-01
11.000000,1.508999178e+01,2.798108947e-02,8.904402276e-02,1.241398858e+00,-3.650001071e-02,1.375634759e-01
11.010000,1.510237895e+01,2.872720324e-02,9.042189138e-02,1.239443040e+00,-3.688510219e-02,1.380088633e-01
11.020000,1.511474603e+01,2.948481724e-02,9.180417264e-02,1.237502816e+00,-3.726757938e-02,1.384460343e-01
11.030000,1.512709316e+01,3.025397189e-02,9.319078529e-02,1.235578056e+00,-3.764742621e-02,1.388751704e-01
11.040000,1.513942048e+01,3.103470701e-02,9.458164986e-02,1.233668634e+00,-3.802462796e-02,1.392964486e-01
11.050000,1.515172812e+01,3.182706185e-02,9.597668864e-02,1.231774421e+00,-3.839917119e-02,1.397100413e-01
11.060000,1.516401623e+01,3.263107509e-02,9.737582563e-02,1.229895293e+00,-3.877104373e-02,1.401161170e-01
11.070000,1.517628493e+01,3.344678487e-02,9.877898648e-02,1.228031125e+00,-3.914023460e-02,1.405148397e-01
11.080000,1.518853437e+01,3.427422877e-02,1.001860985e-01,1.226181795e+00,-3.950673401e-02,1.409063695e-01
11.090000,1.520076467e+01,3.511344386e-02,1.015970904e-01,1.224347180e+00,-3.987053328e-02,1.412908623e-01
11.100000,1.521297596e+01,3.596446668e-02,1.030118928e-01,1.222527160e+00,-4.023162480e-02,1.416684703e-01
11.110000,1.522516838e+01,3.682733327e-02,1.044304374e-01,1.220721615e+00,-4.059000203e-02,1.420393419e-01
11.120000,1.523734205e+01,3.770207916e-02,1.058526576e-01,1.218930428e+00,-4.094565943e-02,1.424036215e-01
11.130000,1.524949710e+01,3.858873941e-02,1.072784883e-01,1.217153481e+00,-4.129859242e-02,1.427614501e-01
11.140000,1.526163366e+01,3.948734858e-02,1.087078656e-01,1.215390658e+00,-4.164879736e-02,1.431129652e-01
11.150000,1.527375184e+01,4.039794079e-02,1.101407270e-01,1.213641845e+00,-4.199627152e-02,1.434583006e-01
11.160000,1.528585178e+01,4.132054967e-02,1.115770114e-01,1.211906928e+00,-4.234101302e-02,1.437975870e-01
11.170000,1.529793359e+01,4.225520841e-02,1.130166590e-01,1.210185794e+00,-4.268302082e-02,1.441309516e-01
11.180000,1.530999740e+01,4.320194976e-02,1.144596111e-01,1.208478332e+00,-4.302229468e-02,1.444585185e-01
11.190000,1.532204332e+01,4.416080605e-02,1.159058105e-01,1.206784430e+00,-4.335883514e-02,1.447804088e-01
11.200000,1.533407148e+01,4.513180915e-02,1.173552008e-01,1.205103981e+00,-4.369264347e-02,1.450967402e-01
11.210000,1.534608198e+01,4.611499054e-02,1.188077271e-01,1.203436875e+00,-4.402372165e-02,1.454076279e-01
11.220000,1.535807494e+01,4.711038128e-02,1.202633356e-01,1.201783004e+00,-4.435207237e-02,1.457131838e-01
11.230000,1.537005049e+01,4.811801203e-02,1.217219734e-01,1.200142263e+00,-4.467769895e-02,1.460135173e-01
11.240000,1.538200873e+01,4.913791304e-02,1.231835889e-01,1.198514546e+00,-4.500060535e-02,1.463087348e-01
11.250000,1.539394977e+01,5.017011420e-02,1.246481314e-01,1.196899749e+00,-4.532079615e-02,1.465989404e-01
11.260000,1.540587373e+01,5.121464498e-02,1.261155513e-01,1.195297767e+00,-4.563827651e-02,1.468842352e-01
11.270000,1.541778071e+01,5.227153451e-02,1.275858000e-01,1.193708499e+00,-4.595305212e-02,1.471647180e-01
11.280000,1.542967082e+01,5.334081154e-02,1.290588299e-01,1.192131843e+00,-4.626512925e-02,1.474404852e-01
11.290000,1.544154418e+01,5.442250444e-02,1.305345943e-01,1.190567698e+00,-4.657451465e-02,1.477116306e-01
11.300000,1.545340088e+01,5.551664124e-02,1.320130475e-01,1.189015964e+00,-4.688121558e-02,1.479782459e-01
11.310000,1.546524104e+01,5.662324963e-02,1.334941445e-01,1.187476543e+00,-4.718523977e-02,1.482404205e-01
11.320000,1.547706475e+01,5.774235693e-02,1.349778414e-01,1.185949336e+00,-4.748659538e-02,1.484982414e-01
11.330000,1.548887212e+01,5.887399013e-02,1.364640951e-01,1.184434246e+00,-4.778529104e-02,1.487517936e-01
11.340000,1.550066326e+01,6.001817589e-02,1.379528633e-01,1.182931178e+00,-4.808133576e-02,1.490011602e-01
11.350000,1.551243825e+01,6.117494055e-02,1.394441046e-01,1.181440035e+00,-4.837473896e-02,1.492464220e-01
11.360000,1.552419721e+01,6.234431010e-02,1.409377783e-01,1.179960723e+00,-4.866551045e-02,1.494876580e-01
11.370000,1.553594023e+01,6.352631025e-02,1.424338446e-01,1.178493148e+00,-4.895366037e-02,1.497249451e-01
11.380000,1.554766740e+01,6.472096636e-02,1.439322643e-01,1.177037218e+00,-4.923919923e-02,1.499583586e-01
11.390000,1.555937884e+01,6.592830350e-02,1.454329991e-01,1.175592841e+00,-4.952213786e-02,1.501879719e-01
11.400000,1.557107462e+01,6.714834644e-02,1.469360113e-01,1.174159924e+00,-4.980248740e-02,1.504138565e-01
11.410000,1.558275485e+01,6.838111964e-02,1.484412640e-01,1.172738378e+00,-5.008025929e-02,1.506360823e-01
11.420000,1.559441962e+01,6.962664726e-02,1.499487210e-01,1.171328113e+00,-5.035546526e-02,1.508547176e-01
11.430000,1.560606902e+01,7.088495319e-02,1.514583466e-01,1.169929040e+00,-5.062811730e-02,1.510698291e-01
11.440000,1.561770314e+01,7.215606101e-02,1.529701060e-01,1.168541070e+00,-5.089822766e-02,1.512814816e-01
11.450000,1.562932207e+01,7.343999404e-02,1.544839649e-01,1.167164117e+00,-5.116580885e-02,1.514897389e-01
11.460000,1.564092591e+01,7.473677530e-02,1.559998897e-01,1.165798094e+00,-5.143087357e-02,1.516946629e-01
11.470000,1.565251475e+01,7.604642755e-02,1.575178473e-01,1.164442914e+00,-5.169343480e-02,1.518963143e-01
11.480000,1.566408866e+01,7.736897327e-02,1.590378053e-01,1.163098493e+00,-5.195350566e-02,1.520947522e-01
11.490000,1.567564774e+01,7.870443468e-02,1.605597318e-01,1.161764747e+00,-5.221109952e-02,1.522900344e-01
11.500000,1.568719207e+01,8.005283374e-02,1.620835956e-01,1.160441590e+00,-5.246622991e-02,1.524822176e-01
11.510000,1.569872174e+01,8.141419214e-02,1.636093660e-01,1.159128941e+00,-5.271891055e-02,1.526713568e-01
11.520000,1.571023683e+01,8.278853130e-02,1.651370128e-01,1.157826717e+00,-5.296915529e-02,1.528575061e-01
11.530000,1.572173742e+01,8.417587242e-02,1.666665064e-01,1.156534837e+00,-5.321697818e-02,1.530407183e-01
11.540000,1.573322361e+01,8.557623643e-02,1.681978175e-01,1.155253219e+00,-5.346239339e-02,1.532210448e-01
11.550000,1.574469546e+01,8.698964401e-02,1.697309178e-01,1.153981783e+00,-5.370541523e-02,1.533985361e-01
11.560000,1.575615306e+01,8.841611560e-02,1.712657790e-01,1.152720450e+00,-5.394605814e-02,1.535732414e-01
11.570000,1.576759648e+01,8.985567140e-02,1.728023735e-01,1.151469140e+00,-5.418433668e-02,1.537452091e-01
11.580000,1.577902582e+01,9.130833137e-02,1.743406742e-01,1.150227775e+00,-5.442026552e-02,1.539144861e-01
11.590000,1.579044113e+01,9.277411524e-02,1.758806544e-01,1.148996279e+00,-5.465385942e-02,1.540811187e-01
11.600000,1.580184251e+01,9.425304250e-02,1.774222879e-01,1.147774573e+00,-5.488513326e-02,1.542451519e-01
11.610000,1.581323003e+01,9.574513241e-02,1.789655489e-01,1.146562581e+00,-5.511410199e-02,1.544066299e-01
11.620000,1.582460376e+01,9.725040401e-02,1.805104121e-01,1.145360228e+00,-5.534078065e-02,1.545655957e-01
11.630000,1.583596378e+01,9.876887611e-02,1.820568526e-01,1.144167438e+00,-5.556518434e-02,1.547220918e-01
11.640000,1.584731015e+01,1.003005673e-01,1.836048459e-01,1.142984137e+00,-5.578732825e-02,1.548761594e-01
11.650000,1.585864296e+01,1.018454959e-01,1.851543678e-01,1.141810252e+00,-5.600722761e-02,1.550278391e-01
11.660000,1.586996228e+01,1.034036802e-01,1.867053948e-01,1.140645708e+00,-5.622489771e-02,1.551771703e-01
11.670000,1.588126817e+01,1.049751379e-01,1.882579035e-01,1.139490434e+00,-5.644035390e-02,1.553241921e-01
11.680000,1.589256071e+01,1.065598870e-01,1.898118711e-01,1.138344356e+00,-5.665361156e-02,1.554689423e-01
11.690000,1.590383996e+01,1.081579448e-01,1.913672749e-01,1.137207404e+00,-5.686468612e-02,1.556114581e-01
11.700000,1.591510600e+01,1.097693287e-01,1.929240929e-01,1.136079507e+00,-5.707359302e-02,1.557517761e-01
11.710000,1.592635889e+01,1.113940558e-01,1.944823033e-01,1.134960593e+00,-5.728034775e-02,1.558899318e-01
11.720000,1.593759871e+01,1.130321430e-01,1.960418845e-01,1.133850595e+00,-5.748496581e-02,1.560259604e-01
11.730000,1.594882550e+01,1.146836069e-01,1.976028155e-01,1.132749441e+00,-5.768746274e-02,1.561598959e-01
11.740000,1.596003935e+01,1.163484641e-01,1.991650755e-01,1.131657064e+00,-5.788785405e-02,1.562917722e-01
11.750000,1.597124032e+01,1.180267308e-01,2.007286442e-01,1.130573396e+00,-5.808615529e-02,1.564216219e-01
11.760000,1.598242847e+01,1.197184232e-01,2.022935013e-01,1.129498368e+00,-5.828238202e-02,1.565494775e-01
11.770000,1.599360386e+01,1.214235571e-01,2.038596272e-01,1.128431914e+00,-5.847654977e-02,1.566753705e-01
11.780000,1.600476656e+01,1.231421483e-01,2.054270023e-01,1.127373968e+00,-5.866867410e-02,1.567993320e-01
11.790000,1.601591663e+01,1.248742123e-01,2.069956075e-01,1.126324463e+00,-5.885877054e-02,1.569213923e-01
11.800000,1.602705412e+01,1.266197644e-01,2.085654239e-01,1.125283334e+00,-5.904685461e-02,1.570415812e-01
11.810000,1.603817911e+01,1.283788198e-01,2.101364330e-01,1.124250516e+00,-5.923294182e-02,1.571599281e-01
11.820000,1.604929165e+01,1.301513934e-01,2.117086164e-01,1.123225944e+00,-5.941704768e-02,1.572764615e-01
11.830000,1.606039180e+01,1.319375000e-01,2.132819563e-01,1.122209556e+00,-5.959918764e-02,1.573912096e-01
11.840000,1.607147962e+01,1.337371541e-01,2.148564348e-01,1.121201286e+00,-5.977937716e-02,1.575042001e-01
11.850000,1.608255516e+01,1.355503703e-01,2.164320345e-01,1.120201074e+00,-5.995763166e-02,1.576154600e-01
11.860000,1.609361848e+01,1.373771627e-01,2.180087383e-01,1.119208855e+00,-6.013396652e-02,1.577250158e-01
11.870000,1.610466964e+01,1.392175454e-01,2.195865292e-01,1.118224568e+00,-6.030839710e-02,1.578328938e-01
11.880000,1.611570870e+01,1.410715323e-01,2.211653906e-01,1.117248152e+00,-6.048093873e-02,1.579391194e-01
11.890000,1.612673571e+01,1.429391370e-01,2.227453062e-01,1.116279546e+00,-6.065160668e-02,1.580437178e-01
11.900000,1.613775072e+01,1.448203732e-01,2.243262597e-01,1.115318689e+00,-6.082041620e-02,1.581467138e-01
11.910000,1.614875378e+01,1.467152541e-01,2.259082352e-01,1.114365522e+00,-6.098738249e-02,1.582481314e-01
11.920000,1.615974496e+01,1.486237930e-01,2.274912171e-01,1.113419985e+00,-6.115252070e-02,1.583479946e-01
11.930000,1.617072430e+01,1.505460028e-01,2.290751900e-01,1.112482018e+00,-6.131584593e-02,1.584463266e-01
11.940000,1.618169186e+01,1.524818965e-01,2.306601386e-01,1.111551564e+00,-6.147737325e-02,1.585431505e-01
11.950000,1.619264768e+01,1.544314867e-01,2.322460480e-01,1.110628564e+00,-6.163711767e-02,1.586384888e-01
11.960000,1.620359181e+01,1.563947860e-01,2.338329035e-01,1.109712961e+00,-6.179509412e-02,1.587323635e-01
11.970000,1.621452431e+01,1.583718067e-01,2.354206905e-01,1.108804696e+00,-6.195131752e-02,1.588247966e-01
11.980000,1.622544523e+01,1.603625609e-01,2.370093947e-01,1.107903714e+00,-6.210580270e-02,1.589158093e-01
11.990000,1.623635461e+01,1.623670608e-01,2.385990020e-01,1.107009959e+00,-6.225856444e-02,1.590054226e-01
12.000000,1.624725250e+01,1.643853182e-01,2.401894986e-01,1.106123373e+00,-6.240961746e-02,1.590936573e-01
12.010000,1.625813895e+01,1.664173449e-01,2.417808706e-01,1.105243903e+00,-6.255897644e-02,1.591805336e-01
12.020000,1.626901400e+01,1.684631523e-01,2.433731048e-01,1.104371492e+00,-6.270665596e-02,1.592660714e-01
12.030000,1.627987771e+01,1.705227519e-01,2.449661877e-01,1.103506086e+00,-6.285267055e-02,1.593502903e-01
12.040000,1.629073011e+01,1.725961549e-01,2.465601063e-01,1.102647632e+00,-6.299703469e-02,1.594332097e-01
12.050000,1.630157126e+01,1.746833725e-01,2.481548476e-01,1.101796074e+00,-6.313976278e-02,1.595148485e-01
12.060000,1.631240119e+01,1.767844155e-01,2.497503990e-01,1.100951361e+00,-6.328086914e-02,1.595952252e-01
12.070000,1.632321995e+01,1.788992947e-01,2.513467480e-01,1.100113438e+00,-6.342036804e-02,1.596743583e-01
12.080000,1.633402759e+01,1.810280209e-01,2.529438821e-01,1.099282253e+00,-6.355827368e-02,1.597522658e-01
12.090000,1.634482414e+01,1.831706044e-01,2.545417893e-01,1.098457755e+00,-6.369460017e-02,1.598289653e-01
12.100000,1.635560965e+01,1.853270556e-01,2.561404574e-01,1.097639892e+00,-6.382936157e-02,1.599044743e-01
12.110000,1.636638417e+01,1.874973847e-01,2.577398748e-01,1.096828611e+00,-6.396257185e-02,1.599788100e-01
12.120000,1.637714772e+01,1.896816017e-01,2.593400298e-01,1.096023863e+00,-6.409424491e-02,1.600519893e-01
12.130000,1.638790035e+01,1.918797166e-01,2.609409108e-01,1.095225597e+00,-6.422439459e-02,1.601240286e-01
12.140000,1.639864211e+01,1.940917390e-01,2.625425066e-01,1.094433762e+00,-6.435303462e-02,1.601949445e-01
12.150000,1.640937303e+01,1.963176786e-01,2.641448060e-01,1.093648308e+00,-6.448017869e-02,1.602647529e-01
12.160000,1.642009314e+01,1.985575448e-01,2.657477980e-01,1.092869188e+00,-6.460584039e-02,1.603334696e-01
12.170000,1.643080250e+01,2.008113470e-01,2.673514718e-01,1.092096350e+00,-6.473003325e-02,1.604011103e-01
12.180000,1.644150113e+01,2.030790942e-01,2.689558167e-01,1.091329747e+00,-6.485277071e-02,1.604676902e-01
12.190000,1.645218908e+01,2.053607957e-01,2.705608221e-01,1.090569331e+00,-6.497406612e-02,1.605332244e-01
12.200000,1.646286637e+01,2.076564602e-01,2.721664777e-01,1.089815053e+00,-6.509393278e-02,1.605977277e-01
12.210000,1.647353305e+01,2.099660965e-01,2.737727733e-01,1.089066866e+00,-6.521238388e-02,1.606612149e-01
12.220000,1.648418916e+01,2.122897133e-01,2.753796987e-01,1.088324723e+00,-6.532943255e-02,1.607237002e-01
12.230000,1.649483472e+01,2.146273189e-01,2.769872440e-01,1.087588577e+00,-6.544509184e-02,1.607851978e-01
12.240000,1.650546977e+01,2.169789218e-01,2.785953994e-01,1.086858381e+00,-6.555937469e-02,1.608457217e-01
12.250000,1.651609436e+01,2.193445302e-01,2.802041552e-01,1.086134090e+00,-6.567229400e-02,1.609052856e-01
12.260000,1.652670850e+01,2.217241521e-01,2.818135020e-01,1.085415658e+00,-6.578386257e-02,1.609639030e-01
12.270000,1.653731223e+01,2.241177955e-01,2.834234302e-01,1.084703039e+00,-6.589409310e-02,1.610215872e-01
12.280000,1.654790559e+01,2.265254681e-01,2.850339307e-01,1.083996188e+00,-6.600299823e-02,1.610783514e-01
12.290000,1.655848862e+01,2.289471777e-01,2.866449942e-01,1.083295060e+00,-6.611059051e-02,1.611342085e-01
12.300000,1.656906133e+01,2.313829318e-01,2.882566118e-01,1.082599612e+00,-6.621688241e-02,1.611891711e-01
12.310000,1.657962376e+01,2.338327378e-01,2.898687747e-01,1.081909799e+00,-6.632188631e-02,1.612432519e-01
12.320000,1.659017595e+01,2.362966030e-01,2.914814740e-01,1.081225577e+00,-6.642561452e-02,1.612964631e-01
12.330000,1.660071792e+01,2.387745344e-01,2.930947011e-01,1.080546903e+00,-6.652807926e-02,1.613488169e-01
12.340000,1.661124971e+01,2.412665393e-01,2.947084475e-01,1.079873733e+00,-6.662929266e-02,1.614003253e-01
12.350000,1.662177133e+01,2.437726243e-01,2.963227048e-01,1.079206026e+00,-6.672926676e-02,1.614510002e-01
12.360000,1.663228284e+01,2.462927963e-01,2.979374648e-01,1.078543739e+00,-6.682801355e-02,1.615008531e-01
12.370000,1.664278424e+01,2.488270620e-01,2.995527192e-01,1.077886830e+00,-6.692554490e-02,1.615498954e-01
12.380000,1.665327557e+01,2.513754278e-01,3.011684600e-01,1.077235256e+00,-6.702187261e-02,1.615981386e-01
12.390000,1.666375686e+01,2.539379002e-01,3.027846793e-01,1.076588977e+00,-6.711700841e-02,1.616455937e-01
12.400000,1.667422813e+01,2.565144853e-01,3.044013693e-01,1.075947952e+00,-6.721096391e-02,1.616922716e-01
12.410000,1.668468942e+01,2.591051893e-01,3.060185222e-01,1.075312138e+00,-6.730375069e-02,1.617381832e-01
12.420000,1.669514074e+01,2.617100183e-01,3.076361304e-01,1.074681497e+00,-6.739538019e-02,1.617833392e-01
12.430000,1.670558213e+01,2.643289781e-01,3.092541865e-01,1.074055988e+00,-6.748586380e-02,1.618277500e-01
12.440000,1.671601361e+01,2.669620744e-01,3.108726830e-01,1.073435570e+00,-6.757521283e-02,1.618714260e-01
12.450000,1.672643520e+01,2.696093130e-01,3.124916126e-01,1.072820205e+00,-6.766343848e-02,1.619143774e-01
12.460000,1.673684693e+01,2.722706993e-01,3.141109682e-01,1.072209853e+00,-6.775055189e-02,1.619566142e-01
12.470000,1.674724883e+01,2.749462388e-01,3.157307425e-01,1.071604475e+00,-6.783656411e-02,1.619981463e-01
12.480000,1.675764092e+01,2.776359367e-01,3.173509288e-01,1.071004032e+00,-6.792148611e-02,1.620389835e-01
12.490000,1.676802322e+01,2.803397982e-01,3.189715199e-01,1.070408486e+00,-6.800532877e-02,1.620791355e-01
12.500000,1.677839575e+01,2.830578283e-01,3.205925092e-01,1.069817799e+00,-6.808810288e-02,1.621186117e-01
12.510000,1.678875854e+01,2.857900319e-01,3.222138899e-01,1.069231932e+00,-6.816981918e-02,1.621574215e-01
12.520000,1.679911161e+01,2.885364140e-01,3.238356555e-01,1.068650849e+00,-6.825048829e-02,1.621955742e-01
12.530000,1.680945499e+01,2.912969790e-01,3.254577993e-01,1.068074512e+00,-6.833012077e-02,1.622330787e-01
12.540000,1.681978869e+01,2.940717317e-01,3.270803149e-01,1.067502883e+00,-6.840872710e-02,1.622699441e-01
12.550000,1.683011273e+01,2.968606765e-01,3.287031960e-01,1.066935928e+00,-6.848631765e-02,1.623061793e-01
12.560000,1.684042715e+01,2.996638177e-01,3.303264364e-01,1.066373608e+00,-6.856290275e-02,1.623417929e-01
12.570000,1.685073195e+01,3.024811595e-01,3.319500299e-01,1.065815887e+00,-6.863849262e-02,1.623767937e-01
12.580000,1.686102715e+01,3.053127061e-01,3.335739703e-01,1.065262731e+00,-6.871309741e-02,1.624111899e-01
12.590000,1.687131279e+01,3.081584615e-01,3.351982517e-01,1.064714102e+00,-6.878672719e-02,1.624449901e-01
12.600000,1.688158887e+01,3.110184295e-01,3.368228681e-01,1.064169967e+00,-6.885939194e-02,1.624782024e-01
12.610000,1.689185541e+01,3.138926139e-01,3.384478138e-01,1.063630289e+00,-6.893110156e-02,1.625108350e-01
12.620000,1.690211244e+01,3.167810183e-01,3.400730829e-01,1.063095034e+00,-6.900186590e-02,1.625428960e-01
12.630000,1.691235998e+01,3.196836464e-01,3.416986698e-01,1.062564167e+00,-6.907169468e-02,1.625743932e-01
12.640000,1.692259803e+01,3.226005015e-01,3.433245689e-01,1.062037655e+00,-6.914059759e-02,1.626053344e-01
12.650000,1.693282662e+01,3.255315870e-01,3.449507747e-01,1.061515462e+00,-6.920858421e-02,1.626357274e-01
12.660000,1.694304577e+01,3.284769061e-01,3.465772817e-01,1.060997556e+00,-6.927566405e-02,1.626655798e-01
12.670000,1.695325549e+01,3.314364618e-01,3.482040845e-01,1.060483902e+00,-6.934184655e-02,1.626948990e-01
12.680000,1.696345580e+01,3.344102573e-01,3.498311779e-01,1.059974467e+00,-6.940714105e-02,1.627236923e-01
12.690000,1.697364672e+01,3.373982953e-01,3.514585566e-01,1.059469219e+00,-6.947155684e-02,1.627519673e-01
12.700000,1.698382825e+01,3.404005787e-01,3.530862155e-01,1.058968124e+00,-6.953510313e-02,1.627797309e-01
12.710000,1.699400043e+01,3.434171100e-01,3.547141496e-01,1.058471151e+00,-6.959778902e-02,1.628069903e-01
12.720000,1.700416325e+01,3.464478920e-01,3.563423537e-01,1.057978266e+00,-6.965962357e-02,1.628337525e-01
12.730000,1.701431675e+01,3.494929270e-01,3.579708230e-01,1.057489438e+00,-6.972061575e-02,1.628600243e-01
12.740000,1.702446092e+01,3.525522174e-01,3.595995526e-01,1.057004634e+00,-6.978077446e-02,1.628858127e-01
12.750000,1.703459579e+01,3.556257654e-01,3.612285376e-01,1.056523824e+00,-6.984010851e-02,1.629111244e-01
12.760000,1.704472138e+01,3.587135731e-01,3.628577735e-01,1.056046976e+00,-6.989862665e-02,1.629359658e-01
12.770000,1.705483768e+01,3.618156427e-01,3.644872554e-01,1.055574058e+00,-6.995633755e-02,1.629603437e-01
12.780000,1.706494472e+01,3.649319759e-01,3.661169788e-01,1.055105041e+00,-7.001324981e-02,1.629842644e-01
12.790000,1.707504252e+01,3.680625747e-01,3.677469392e-01,1.054639893e+00,-7.006937195e-02,1.630077343e-01
12.800000,1.708513107e+01,3.712074407e-01,3.693771320e-01,1.054178583e+00,-7.012471242e-02,1.630307597e-01
12.810000,1.709521041e+01,3.743665756e-01,3.710075529e-01,1.053721083e+00,-7.017927959e-02,1.630533468e-01
12.820000,1.710528053e+01,3.775399809e-01,3.726381975e-01,1.053267361e+00,-7.023308177e-02,1.630755017e-01
12.830000,1.711534145e+01,3.807276580e-01,3.742690615e-01,1.052817389e+00,-7.028612720e-02,1.630972304e-01
12.840000,1.712539318e+01,3.839296082e-01,3.759001407e-01,1.052371136e+00,-7.033842402e-02,1.631185389e-01
12.850000,1.713543573e+01,3.871458326e-01,3.775314309e-01,1.051928573e+00,-7.038998033e-02,1.631394331e-01
12.860000,1.714546911e+01,3.903763325e-01,3.791629280e-01,1.051489671e+00,-7.044080415e-02,1.631599187e-01
12.870000,1.715549334e+01,3.936211087e-01,3.807946280e-01,1.051054402e+00,-7.049090341e-02,1.631800015e-01
12.880000,1.716550843e+01,3.968801623e-01,3.824265267e-01,1.050622737e+00,-7.054028601e-02,1.631996871e-01
12.890000,1.717551437e+01,4.001534939e-01,3.840586204e-01,1.050194647e+00,-7.058895974e-02,1.632189811e-01
12.900000,1.718551120e+01,4.034411044e-01,3.856909051e-01,1.049770105e+00,-7.063693235e-02,1.632378890e-01
12.910000,1.719549890e+01,4.067429942e-01,3.873233769e-01,1.049349081e+00,-7.068421149e-02,1.632564162e-01
12.920000,1.720547750e+01,4.100591639e-01,3.889560322e-01,1.048931550e+00,-7.073080478e-02,1.632745681e-01
12.930000,1.721544700e+01,4.133896140e-01,3.905888670e-01,1.048517482e+00,-7.077671974e-02,1.632923499e-01
12.940000,1.722540741e+01,4.167343447e-01,3.922218779e-01,1.048106850e+00,-7.082196383e-02,1.633097668e-01
12.950000,1.723535874e+01,4.200933561e-01,3.938550612e-01,1.047699628e+00,-7.086654447e-02,1.633268241e-01
12.960000,1.724530100e+01,4.234666485e-01,3.954884132e-01,1.047295789e+00,-7.091046896e-02,1.633435267e-01
12.970000,1.725523419e+01,4.268542219e-01,3.971219306e-01,1.046895305e+00,-7.095374459e-02,1.633598797e-01
12.980000,1.726515833e+01,4.302560761e-01,3.987556097e-01,1.046498150e+00,-7.099637854e-02,1.633758881e-01
12.990000,1.727507341e+01,4.336722110e-01,4.003894472e-01,1.046104299e+00,-7.103837795e-02,1.633915566e-01
13.000000,1.728497946e+01,4.371026262e-01,4.020234397e-01,1.045713724e+00,-7.107974989e-02,1.634068902e-01
13.010000,1.729487646e+01,4.405473215e-01,4.036575839e-01,1.045326399e+00,-7.112050136e-02,1.634218935e-01
13.020000,1.730476444e+01,4.440062964e-01,4.052918765e-01,1.044942300e+00,-7.116063930e-02,1.634365713e-01
13.030000,1.731464339e+01,4.474795502e-01,4.069263142e-01,1.044561401e+00,-7.120017058e-02,1.634509282e-01
13.040000,1.732451333e+01,4.509670824e-01,4.085608940e-01,1.044183675e+00,-7.123910202e-02,1.634649688e-01
13.050000,1.733437426e+01,4.544688922e-01,4.101956126e-01,1.043809099e+00,-7.127744036e-02,1.634786975e-01
13.060000,1.734422618e+01,4.579849787e-01,4.118304669e-01,1.043437646e+00,-7.131519228e-02,1.634921189e-01
13.070000,1.735406910e+01,4.615153410e-01,4.134654539e-01,1.043069293e+00,-7.135236443e-02,1.635052373e-01
13.080000,1.736390303e+01,4.650599781e-01,4.151005707e-01,1.042704014e+00,-7.138896334e-02,1.635180570e-01
13.090000,1.737372796e+01,4.686188889e-01,4.167358141e-01,1.042341786e+00,-7.142499554e-02,1.635305823e-01
13.100000,1.738354391e+01,4.721920720e-01,4.183711813e-01,1.041982584e+00,-7.146046745e-02,1.635428175e-01
13.110000,1.739335088e+01,4.757795263e-01,4.200066695e-01,1.041626383e+00,-7.149538546e-02,1.635547667e-01
13.120000,1.740314888e+01,4.793812503e-01,4.216422757e-01,1.041273161e+00,-7.152975589e-02,1.635664340e-01
13.130000,1.741293790e+01,4.829972425e-01,4.232779973e-01,1.040922893e+00,-7.156358499e-02,1.635778236e-01
13.140000,1.742271795e+01,4.866275014e-01,4.249138313e-01,1.040575556e+00,-7.159687898e-02,1.635889393e-01
13.150000,1.743248904e+01,4.902720252e-01,4.265497751e-01,1.040231127e+00,-7.162964398e-02,1.635997852e-01
13.160000,1.744225116e+01,4.939308122e-01,4.281858261e-01,1.039889582e+00,-7.166188610e-02,1.636103652e-01
13.170000,1.745200433e+01,4.976038606e-01,4.298219816e-01,1.039550898e+00,-7.169361135e-02,1.636206830e-01
13.180000,1.746174854e+01,5.012911684e-01,4.314582389e-01,1.039215053e+00,-7.172482570e-02,1.636307426e-01
13.190000,1.747148379e+01,5.049927336e-01,4.330945956e-01,1.038882025e+00,-7.175553507e-02,1.636405477e-01
13.200000,1.748121009e+01,5.087085540e-01,4.347310490e-01,1.038551789e+00,-7.178574531e-02,1.636501019e-01
13.210000,1.749092745e+01,5.124386274e-01,4.363675968e-01,1.038224326e+00,-7.181546222e-02,1.636594090e-01
13.220000,1.750063586e+01,5.161829515e-01,4.380042364e-01,1.037899611e+00,-7.184469155e-02,1.636684726e-01
13.230000,1.751033532e+01,5.199415240e-01,4.396409654e-01,1.037577623e+00,-7.187343898e-02,1.636772961e-01
13.240000,1.752002584e+01,5.237143424e-01,4.412777815e-01,1.037258341e+00,-7.190171016e-02,1.636858832e-01
13.250000,1.752970742e+01,5.275014041e-01,4.429146823e-01,1.036941743e+00,-7.192951065e-02,1.636942373e-01
13.260000,1.753938005e+01,5.313027064e-01,4.445516655e-01,1.036627808e+00,-7.195684599e-02,1.637023618e-01
13.270000,1.754904375e+01,5.351182466e-01,4.461887288e-01,1.036316513e+00,-7.198372165e-02,1.637102601e-01
13.280000,1.755869850e+01,5.389480219e-01,4.478258700e-01,1.036007838e+00,-7.201014304e-02,1.637179356e-01
13.290000,1.756834432e+01,5.427920294e-01,4.494630868e-01,1.035701763e+00,-7.203611553e-02,1.637253915e-01
13.300000,1.757798120e+01,5.466502660e-01,4.511003771e-01,1.035398265e+00,-7.206164444e-02,1.637326312e-01
13.310000,1.758760914e+01,5.505227288e-01,4.527377387e-01,1.035097326e+00,-7.208673503e-02,1.637396577e-01
13.320000,1.759722814e+01,5.544094145e-01,4.543751695e-01,1.034798923e+00,-7.211139251e-02,1.637464744e-01
13.330000,1.760683821e+01,5.583103198e-01,4.560126675e-01,1.034503037e+00,-7.213562204e-02,1.637530842e-01
13.340000,1.761643933e+01,5.622254415e-01,4.576502305e-01,1.034209648e+00,-7.215942872e-02,1.637594904e-01
13.350000,1.762603151e+01,5.661547761e-01,4.592878566e-01,1.033918735e+00,-7.218281762e-02,1.637656959e-01
13.360000,1.763561476e+01,5.700983201e-01,4.609255438e-01,1.033630279e+00,-7.220579373e-02,1.637717038e-01
13.370000,1.764518906e+01,5.740560699e-01,4.625632901e-01,1.033344259e+00,-7.222836203e-02,1.637775170e-01
13.380000,1.765475442e+01,5.780280218e-01,4.642010935e-01,1.033060658e+00,-7.225052742e-02,1.637831385e-01
13.390000,1.766431084e+01,5.820141721e-01,4.658389522e-01,1.032779454e+00,-7.227229477e-02,1.637885711e-01
13.400000,1.767385831e+01,5.860145170e-01,4.674768643e-01,1.032500629e+00,-7.229366887e-02,1.637938178e-01
13.410000,1.768339683e+01,5.900290525e-01,4.691148280e-01,1.032224163e+00,-7.231465450e-02,1.637988813e-01
13.420000,1.769292641e+01,5.940577745e-01,4.707528413e-01,1.031950038e+00,-7.233525638e-02,1.638037644e-01
13.430000,1.770244703e+01,5.981006791e-01,4.723909027e-01,1.031678235e+00,-7.235547917e-02,1.638084698e-01
13.440000,1.771195871e+01,6.021577621e-01,4.740290101e-01,1.031408735e+00,-7.237532750e-02,1.638130004e-01
13.450000,1.772146142e+01,6.062290191e-01,4.756671621e-01,1.031141519e+00,-7.239480594e-02,1.638173587e-01
13.460000,1.773095518e+01,6.103144459e-01,4.773053568e-01,1.030876569e+00,-7.241391903e-02,1.638215474e-01
13.470000,1.774043997e+01,6.144140380e-01,4.789435925e-01,1.030613868e+00,-7.243267124e-02,1.638255691e-01
13.480000,1.774991581e+01,6.185277910e-01,4.805818676e-01,1.030353396e+00,-7.245106702e-02,1.638294264e-01
13.490000,1.775938267e+01,6.226557003e-01,4.822201805e-01,1.030095135e+00,-7.246911077e-02,1.638331218e-01
13.500000,1.776884057e+01,6.267977612e-01,4.838585295e-01,1.029839069e+00,-7.248680683e-02,1.638366578e-01
13.510000,1.777828949e+01,6.309539689e-01,4.854969131e-01,1.029585179e+00,-7.250415950e-02,1.638400369e-01
13.520000,1.778772944e+01,6.351243188e-01,4.871353297e-01,1.029333447e+00,-7.252117306e-02,1.638432616e-01
13.530000,1.779716040e+01,6.393088058e-01,4.887737778e-01,1.029083856e+00,-7.253785171e-02,1.638463343e-01
13.540000,1.780658238e+01,6.435074250e-01,4.904122559e-01,1.028836390e+00,-7.255419964e-02,1.638492573e-01
13.550000,1.781599538e+01,6.477201713e-01,4.920507625e-01,1.028591030e+00,-7.257022098e-02,1.638520329e-01
13.560000,1.782539938e+01,6.519470397e-01,4.936892961e-01,1.028347759e+00,-7.258591982e-02,1.638546636e-01
13.570000,1.783479438e+01,6.561880248e-01,4.953278553e-01,1.028106561e+00,-7.260130020e-02,1.638571516e-01
13.580000,1.784418038e+01,6.604431215e-01,4.969664386e-01,1.027867420e+00,-7.261636613e-02,1.638594991e-01
13.590000,1.785355738e+01,6.647123243e-01,4.986050448e-01,1.027630317e+00,-7.263112159e-02,1.638617085e-01
13.600000,1.786292536e+01,6.689956279e-01,5.002436724e-01,1.027395237e+00,-7.264557049e-02,1.638637818e-01
13.610000,1.787228433e+01,6.732930266e-01,5.018823200e-01,1.027162164e+00,-7.265971671e-02,1.638657213e-01
13.620000,1.788163428e+01,6.776045149e-01,5.035209863e-01,1.026931081e+00,-7.267356411e-02,1.638675291e-01
13.630000,1.789097520e+01,6.819300870e-01,5.051596701e-01,1.026701971e+00,-7.268711649e-02,1.638692073e-01
13.640000,1.790030709e+01,6.862697374e-01,5.067983701e-01,1.026474820e+00,-7.270037761e-02,1.638707580e-01
13.650000,1.790962995e+01,6.906234601e-01,5.084370849e-01,1.026249610e+00,-7.271335119e-02,1.638721833e-01
13.660000,1.791894376e+01,6.949912492e-01,5.100758133e-01,1.026026327e+00,-7.272604093e-02,1.638734852e-01
13.670000,1.792824852e+01,6.993730987e-01,5.117145542e-01,1.025804954e+00,-7.273845047e-02,1.638746657e-01
13.680000,1.793754423e+01,7.037690027e-01,5.133533062e-01,1.025585477e+00,-7.275058342e-02,1.638757268e-01
13.690000,1.794683088e+01,7.081789549e-01,5.149920683e-01,1.025367879e+00,-7.276244336e-02,1.638766705e-01
13.700000,1.795610846e+01,7.126029491e-01,5.166308393e-01,1.025152145e+00,-7.277403382e-02,1.638774986e-01
13.710000,1.796537698e+01,7.170409791e-01,5.182696179e-01,1.024938260e+00,-7.278535829e-02,1.638782132e-01
13.720000,1.797463641e+01,7.214930386e-01,5.199084032e-01,1.024726210e+00,-7.279642025e-02,1.638788160e-01
13.730000,1.798388675e+01,7.259591210e-01,5.215471939e-01,1.024515979e+00,-7.280722310e-02,1.638793089e-01
13.740000,1.799312801e+01,7.304392199e-01,5.231859890e-01,1.024307552e+00,-7.281777025e-02,1.638796938e-01
13.750000,1.800236016e+01,7.349333287e-01,5.248247874e-01,1.024100914e+00,-7.282806504e-02,1.638799725e-01
13.760000,1.801158321e+01,7.394414408e-01,5.264635881e-01,1.023896052e+00,-7.283811079e-02,1.638801467e-01
13.770000,1.802079715e+01,7.439635494e-01,5.281023900e-01,1.023692950e+00,-7.284791078e-02,1.638802183e-01
13.780000,1.803000196e+01,7.484996477e-01,5.297411921e-01,1.023491595e+00,-7.285746826e-02,1.638801889e-01
13.790000,1.803919765e+01,7.530497289e-01,5.313799934e-01,1.023291971e+00,-7.286678644e-02,1.638800602e-01
13.800000,1.804838420e+01,7.576137860e-01,5.330187930e-01,1.023094065e+00,-7.287586851e-02,1.638798340e-01
13.810000,1.805756161e+01,7.621918121e-01,5.346575898e-01,1.022897862e+00,-7.288471759e-02,1.638795120e-01
13.820000,1.806672987e+01,7.667837999e-01,5.362963829e-01,1.022703350e+00,-7.289333681e-02,1.638790957e-01
13.830000,1.807588897e+01,7.713897424e-01,5.379351714e-01,1.022510513e+00,-7.290172923e-02,1.638785868e-01
13.840000,1.808503891e+01,7.760096324e-01,5.395739543e-01,1.022319339e+00,-7.290989792e-02,1.638779869e-01
13.850000,1.809417967e+01,7.806434625e-01,5.412127308e-01,1.022129813e+00,-7.291784586e-02,1.638772976e-01
13.860000,1.810331125e+01,7.852912253e-01,5.428515000e-01,1.021941922e+00,-7.292557606e-02,1.638765205e-01
13.870000,1.811243364e+01,7.899529134e-01,5.444902610e-01,1.021755653e+00,-7.293309144e-02,1.638756571e-01
13.880000,1.812154683e+01,7.946285193e-01,5.461290129e-01,1.021570992e+00,-7.294039493e-02,1.638747089e-01
13.890000,1.813065081e+01,7.993180355e-01,5.477677549e-01,1.021387927e+00,-7.294748941e-02,1.638736774e-01
13.900000,1.813974558e+01,8.040214542e-01,5.494064861e-01,1.021206444e+00,-7.295437773e-02,1.638725641e-01
13.910000,1.814883112e+01,8.087387677e-01,5.510452059e-01,1.021026529e+00,-7.296106271e-02,1.638713705e-01
13.920000,1.815790743e+01,8.134699682e-01,5.526839133e-01,1.020848171e+00,-7.296754715e-02,1.638700980e-01
13.930000,1.816697449e+01,8.182150480e-01,5.543226076e-01,1.020671357e+00,-7.297383379e-02,1.638687480e-01
13.940000,1.817603231e+01,8.229739989e-01,5.559612880e-01,1.020496073e+00,-7.297992538e-02,1.638673219e-01
13.950000,1.818508086e+01,8.277468131e-01,5.575999538e-01,1.020322307e+00,-7.298582462e-02,1.638658212e-01
13.960000,1.819412015e+01,8.325334824e-01,5.592386042e-01,1.020150048e+00,-7.299153416e-02,1.638642472e-01
13.970000,1.820315015e+01,8.373339987e-01,5.608772385e-01,1.019979281e+00,-7.299705666e-02,1.638626012e-01
13.980000,1.821217087e+01,8.421483539e-01,5.625158560e-01,1.019809995e+00,-7.300239473e-02,1.638608846e-01
13.990000,1.822118229e+01,8.469765395e-01,5.641544559e-01,1.019642179e+00,-7.300755094e-02,1.638590987e-01
14.000000,1.823018440e+01,8.518185474e-01,5.657930377e-01,1.019475819e+00,-7.301252786e-02,1.638572447e-01
14.010000,1.823917720e+01,8.566743690e-01,5.674316006e-01,1.019310903e+00,-7.301732801e-02,1.638553240e-01
14.020000,1.824816066e+01,8.615439959e-01,5.690701440e-01,1.019147420e+00,-7.302195389e-02,1.638533379e-01
14.030000,1.825713479e+01,8.664274195e-01,5.707086671e-01,1.018985359e+00,-7.302640797e-02,1.638512875e-01
14.040000,1.826609958e+01,8.713246312e-01,5.723471695e-01,1.018824706e+00,-7.303069269e-02,1.638491741e-01
14.050000,1.827505500e+01,8.762356224e-01,5.739856504e-01,1.018665451e+00,-7.303481048e-02,1.638469989e-01
14.060000,1.828400106e+01,8.811603842e-01,5.756241093e-01,1.018507582e+00,-7.303876371e-02,1.638447631e-01
14.070000,1.829293774e+01,8.860989079e-01,5.772625455e-01,1.018351088e+00,-7.304255476e-02,1.638424679e-01
14.080000,1.830186503e+01,8.910511846e-01,5.789009584e-01,1.018195957e+00,-7.304618596e-02,1.638401144e-01
14.090000,1.831078293e+01,8.960172053e-01,5.805393476e-01,1.018042178e+00,-7.304965962e-02,1.638377038e-01
14.100000,1.831969141e+01,9.009969611e-01,5.821777123e-01,1.017889740e+00,-7.305297802e-02,1.638352373e-01
14.110000,1.832859048e+01,9.059904427e-01,5.838160521e-01,1.017738631e+00,-7.305614343e-02,1.638327158e-01
14.120000,1.833748011e+01,9.109976412e-01,5.854543665e-01,1.017588841e+00,-7.305915807e-02,1.638301407e-01
14.130000,1.834636031e+01,9.160185472e-01,5.870926548e-01,1.017440358e+00,-7.306202416e-02,1.638275128e-01
14.140000,1.835523105e+01,9.210531516e-01,5.887309166e-01,1.017293173e+00,-7.306474388e-02,1.638248334e-01
14.150000,1.836409233e+01,9.261014449e-01,5.903691513e-01,1.017147273e+00,-7.306731938e-02,1.638221034e-01
14.160000,1.837294413e+01,9.311634177e-01,5.920073585e-01,1.017002649e+00,-7.306975281e-02,1.638193239e-01
14.170000,1.838178645e+01,9.362390606e-01,5.936455376e-01,1.016859290e+00,-7.307204627e-02,1.638164960e-01
14.180000,1.839061927e+01,9.413283641e-01,5.952836882e-01,1.016717185e+00,-7.307420184e-02,1.638136206e-01
14.190000,1.839944259e+01,9.464313185e-01,5.969218099e-01,1.016576324e+00,-7.307622160e-02,1.638106987e-01
14.200000,1.840825638e+01,9.515479142e-01,5.985599020e-01,1.016436697e+00,-7.307810757e-02,1.638077314e-01
14.210000,1.841706065e+01,9.566781415e-01,6.001979643e-01,1.016298293e+00,-7.307986178e-02,1.638047196e-01
14.220000,1.842585537e+01,9.618219905e-01,6.018359963e-01,1.016161102e+00,-7.308148622e-02,1.638016642e-01
14.230000,1.843464054e+01,9.669794514e-01,6.034739975e-01,1.016025114e+00,-7.308298285e-02,1.637985663e-01
14.240000,1.844341614e+01,9.721505144e-01,6.051119675e-01,1.015890320e+00,-7.308435363e-02,1.637954267e-01
14.250000,1.845218216e+01,9.773351693e-01,6.067499059e-01,1.015756708e+00,-7.308560047e-02,1.637922464e-01
14.260000,1.846093860e+01,9.825334062e-01,6.083878123e-01,1.015624269e+00,-7.308672529e-02,1.637890262e-01
14.270000,1.846968543e+01,9.877452150e-01,6.100256863e-01,1.015492995e+00,-7.308772996e-02,1.637857671e-01
14.280000,1.847842265e+01,9.929705855e-01,6.116635275e-01,1.015362873e+00,-7.308861634e-02,1.637824700e-01
14.290000,1.848715025e+01,9.982095075e-01,6.133013355e-01,1.015233896e+00,-7.308938627e-02,1.637791357e-01
14.300000,1.849586821e+01,1.003461971e+00,6.149391101e-01,1.015106054e+00,-7.309004156e-02,1.637757651e-01
14.310000,1.850457652e+01,1.008727965e+00,6.165768507e-01,1.014979337e+00,-7.309058401e-02,1.637723590e-01
14.320000,1.851327517e+01,1.014007479e+00,6.182145571e-01,1.014853735e+00,-7.309101540e-02,1.637689182e-01
14.330000,1.852196414e+01,1.019300503e+00,6.198522290e-01,1.014729240e+00,-7.309133747e-02,1.637654437e-01
14.340000,1.853064343e+01,1.024607027e+00,6.214898659e-01,1.014605842e+00,-7.309155196e-02,1.637619362e-01
14.350000,1.853931301e+01,1.029927040e+00,6.231274676e-01,1.014483531e+00,-7.309166059e-02,1.637583964e-01
14.360000,1.854797289e+01,1.035260530e+00,6.247650337e-01,1.014362300e+00,-7.309166504e-02,1.637548253e-01
14.370000,1.855662304e+01,1.040607489e+00,6.264025640e-01,1.014242139e+00,-7.309156699e-02,1.637512235e-01
14.380000,1.856526346e+01,1.045967903e+00,6.280400581e-01,1.014123038e+00,-7.309136809e-02,1.637475919e-01
14.390000,1.857389413e+01,1.051341764e+00,6.296775157e-01,1.014004989e+00,-7.309106998e-02,1.637439311e-01
14.400000,1.858251503e+01,1.056729060e+00,6.313149366e-01,1.013887984e+00,-7.309067426e-02,1.637402420e-01
14.410000,1.859112616e+01,1.062129779e+00,6.329523205e-01,1.013772013e+00,-7.309018254e-02,1.637365253e-01
14.420000,1.859972750e+01,1.067543911e+00,6.345896670e-01,1.013657068e+00,-7.308959639e-02,1.637327816e-01
14.430000,1.860831904e+01,1.072971446e+00,6.362269760e-01,1.013543139e+00,-7.308891737e-02,1.637290118e-01
14.440000,1.861690076e+01,1.078412371e+00,6.378642472e-01,1.013430220e+00,-7.308814702e-02,1.637252165e-01
14.450000,1.862547266e+01,1.083866675e+00,6.395014803e-01,1.013318300e+00,-7.308728686e-02,1.637213964e-01
14.460000,1.863403472e+01,1.089334348e+00,6.411386750e-01,1.013207372e+00,-7.308633839e-02,1.637175522e-01
14.470000,1.864258692e+01,1.094815378e+00,6.427758312e-01,1.013097428e+00,-7.308530309e-02,1.637136845e-01
14.480000,1.865112926e+01,1.100309753e+00,6.444129487e-01,1.012988458e+00,-7.308418244e-02,1.637097941e-01
14.490000,1.865966172e+01,1.105817463e+00,6.460500271e-01,1.012880456e+00,-7.308297789e-02,1.637058815e-01
14.500000,1.866818429e+01,1.111338495e+00,6.476870662e-01,1.012773412e+00,-7.308169085e-02,1.637019475e-01
14.510000,1.867669694e+01,1.116872838e+00,6.493240659e-01,1.012667319e+00,-7.308032276e-02,1.636979927e-01
14.520000,1.868519968e+01,1.122420481e+00,6.509610260e-01,1.012562169e+00,-7.307887501e-02,1.636940177e-01
14.530000,1.869369248e+01,1.127981411e+00,6.525979462e-01,1.012457953e+00,-7.307734897e-02,1.636900230e-01
14.540000,1.870217534e+01,1.133555618e+00,6.542348264e-01,1.012354664e+00,-7.307574602e-02,1.636860094e-01
14.550000,1.871064824e+01,1.139143089e+00,6.558716663e-01,1.012252294e+00,-7.307406749e-02,1.636819775e-01
14.560000,1.871911116e+01,1.144743813e+00,6.575084659e-01,1.012150836e+00,-7.307231473e-02,1.636779277e-01
14.570000,1.872756409e+01,1.150357777e+00,6.591452248e-01,1.012050281e+00,-7.307048905e-02,1.636738607e-01
14.580000,1.873600702e+01,1.155984970e+00,6.607819430e-01,1.011950622e+00,-7.306859174e-02,1.636697771e-01
14.590000,1.874443993e+01,1.161625380e+00,6.624186203e-01,1.011851851e+00,-7.306662409e-02,1.636656774e-01
14.600000,1.875286282e+01,1.167278994e+00,6.640552565e-01,1.011753961e+00,-7.306458736e-02,1.636615622e-01
14.610000,1.876127566e+01,1.172945801e+00,6.656918515e-01,1.011656945e+00,-7.306248281e-02,1.636574321e-01
14.620000,1.876967844e+01,1.178625788e+00,6.673284051e-01,1.011560794e+00,-7.306031168e-02,1.636532875e-01
14.630000,1.877807115e+01,1.184318943e+00,6.689649172e-01,1.011465502e+00,-7.305807518e-02,1.636491290e-01
14.640000,1.878645378e+01,1.190025254e+00,6.706013877e-01,1.011371062e+00,-7.305577452e-02,1.636449572e-01
14.650000,1.879482630e+01,1.195744708e+00,6.722378163e-01,1.011277466e+00,-7.305341089e-02,1.636407725e-01
14.660000,1.880318871e+01,1.201477294e+00,6.738742031e-01,1.011184707e+00,-7.305098548e-02,1.636365755e-01
14.670000,1.881154100e+01,1.207222998e+00,6.755105478e-01,1.011092777e+00,-7.304849943e-02,1.636323667e-01
14.680000,1.881988314e+01,1.212981808e+00,6.771468504e-01,1.011001671e+00,-7.304595391e-02,1.636281465e-01
14.690000,1.882821512e+01,1.218753712e+00,6.787831107e-01,1.010911381e+00,-7.304335003e-02,1.636239154e-01
14.700000,1.883653693e+01,1.224538697e+00,6.804193287e-01,1.010821899e+00,-7.304068892e-02,1.636196740e-01
14.710000,1.884484856e+01,1.230336750e+00,6.820555041e-01,1.010733220e+00,-7.303797169e-02,1.636154227e-01
14.720000,1.885314999e+01,1.236147859e+00,6.836916371e-01,1.010645336e+00,-7.303519943e-02,1.636111619e-01
14.730000,1.886144120e+01,1.241972010e+00,6.853277274e-01,1.010558240e+00,-7.303237321e-02,1.636068922e-01
14.740000,1.886972218e+01,1.247809192e+00,6.869637749e-01,1.010471927e+00,-7.302949410e-02,1.636026139e-01
14.750000,1.887799293e+01,1.253659390e+00,6.885997796e-01,1.010386388e+00,-7.302656314e-02,1.635983275e-01
14.760000,1.888625341e+01,1.259522593e+00,6.902357414e-01,1.010301618e+00,-7.302358138e-02,1.635940335e-01
14.770000,1.889450362e+01,1.265398786e+00,6.918716602e-01,1.010217610e+00,-7.302054984e-02,1.635897322e-01
14.780000,1.890274354e+01,1.271287958e+00,6.935075360e-01,1.010134358e+00,-7.301746953e-02,1.635854242e-01
14.790000,1.891097317e+01,1.277190095e+00,6.951433687e-01,1.010051855e+00,-7.301434145e-02,1.635811097e-01
14.800000,1.891919247e+01,1.283105183e+00,6.967791582e-01,1.009970094e+00,-7.301116658e-02,1.635767893e-01
14.810000,1.892740145e+01,1.289033211e+00,6.984149045e-01,1.009889070e+00,-7.300794589e-02,1.635724633e-01
14.820000,1.893560008e+01,1.294974163e+00,7.000506075e-01,1.009808776e+00,-7.300468035e-02,1.635681322e-01
14.830000,1.894378835e+01,1.300928028e+00,7.016862671e-01,1.009729206e+00,-7.300137091e-02,1.635637962e-01
14.840000,1.895196624e+01,1.306894791e+00,7.033218834e-01,1.009650353e+00,-7.299801850e-02,1.635594559e-01
14.850000,1.896013374e+01,1.312874440e+00,7.049574562e-01,1.009572212e+00,-7.299462403e-02,1.635551115e-01
14.860000,1.896829084e+01,1.318866960e+00,7.065929856e-01,1.009494776e+00,-7.299118844e-02,1.635507635e-01
14.870000,1.897643752e+01,1.324872339e+00,7.082284715e-01,1.009418040e+00,-7.298771261e-02,1.635464122e-01
14.880000,1.898457376e+01,1.330890562e+00,7.098639138e-01,1.009341997e+00,-7.298419743e-02,1.635420580e-01
14.890000,1.899269956e+01,1.336921617e+00,7.114993126e-01,1.009266642e+00,-7.298064378e-02,1.635377013e-01
14.900000,1.900081488e+01,1.342965488e+00,7.131346678e-01,1.009191968e+00,-7.297705253e-02,1.635333423e-01
14.910000,1.900891973e+01,1.349022164e+00,7.147699795e-01,1.009117970e+00,-7.297342453e-02,1.635289814e-01
14.920000,1.901701408e+01,1.355091630e+00,7.164052475e-01,1.009044642e+00,-7.296976062e-02,1.635246190e-01
14.930000,1.902509793e+01,1.361173871e+00,7.180404718e-01,1.008971979e+00,-7.296606163e-02,1.635202554e-01
14.940000,1.903317124e+01,1.367268875e+00,7.196756526e-01,1.008899974e+00,-7.296232839e-02,1.635158910e-01
14.950000,1.904123402e+01,1.373376627e+00,7.213107897e-01,1.008828621e+00,-7.295856170e-02,1.635115260e-01
14.960000,1.904928624e+01,1.379497113e+00,7.229458831e-01,1.008757916e+00,-7.295476236e-02,1.635071607e-01
14.970000,1.905732789e+01,1.385630320e+00,7.245809329e-01,1.008687853e+00,-7.295093117e-02,1.635027955e-01
14.980000,1.906535896e+01,1.391776233e+00,7.262159390e-01,1.008618426e+00,-7.294706889e-02,1.634984308e-01
14.990000,1.907337942e+01,1.397934838e+00,7.278509015e-01,1.008549629e+00,-7.294317631e-02,1.634940666e-01
15.000000,1.908138927e+01,1.404106121e+00,7.294858203e-01,1.008481458e+00,-7.293925416e-02,1.634897035e-01
15.010000,1.908938848e+01,1.410290067e+00,7.311206956e-01,1.008413907e+00,-7.293530321e-02,1.634853417e-01
15.020000,1.909737705e+01,1.416486663e+00,7.327555272e-01,1.008346970e+00,-7.293132419e-02,1.634809814e-01
15.030000,1.910535495e+01,1.422695894e+00,7.343903152e-01,1.008280643e+00,-7.292731783e-02,1.634766229e-01
15.040000,1.911332218e+01,1.428917746e+00,7.360250596e-01,1.008214920e+00,-7.292328484e-02,1.634722665e-01
15.050000,1.912127871e+01,1.435152203e+00,7.376597605e-01,1.008149795e+00,-7.291922594e-02,1.634679126e-01
15.060000,1.912922454e+01,1.441399253e+00,7.392944179e-01,1.008085264e+00,-7.291514181e-02,1.634635612e-01
15.070000,1.913715964e+01,1.447658880e+00,7.409290318e-01,1.008021322e+00,-7.291103315e-02,1.634592128e-01
15.080000,1.914508400e+01,1.453931069e+00,7.425636022e-01,1.007957963e+00,-7.290690064e-02,1.634548676e-01
15.090000,1.915299760e+01,1.460215807e+00,7.441981291e-01,1.007895183e+00,-7.290274495e-02,1.634505258e-01
15.100000,1.916090044e+01,1.466513077e+00,7.458326127e-01,1.007832976e+00,-7.289856674e-02,1.634461876e-01
15.110000,1.916879249e+01,1.472822867e+00,7.474670529e-01,1.007771337e+00,-7.289436666e-02,1.634418534e-01
15.120000,1.917667373e+01,1.479145160e+00,7.491014498e-01,1.007710262e+00,-7.289014535e-02,1.634375233e-01
15.130000,1.918454416e+01,1.485479943e+00,7.507358034e-01,1.007649746e+00,-7.288590346e-02,1.634331977e-01
15.140000,1.919240376e+01,1.491827199e+00,7.523701137e-01,1.007589784e+00,-7.288164159e-02,1.634288766e-01
15.150000,1.920025251e+01,1.498186915e+00,7.540043809e-01,1.007530370e+00,-7.287736037e-02,1.634245604e-01
15.160000,1.920809039e+01,1.504559075e+00,7.556386050e-01,1.007471501e+00,-7.287306041e-02,1.634202493e-01
15.170000,1.921591740e+01,1.510943665e+00,7.572727859e-01,1.007413172e+00,-7.286874231e-02,1.634159435e-01
15.180000,1.922373351e+01,1.517340669e+00,7.589069239e-01,1.007355377e+00,-7.286440665e-02,1.634116431e-01
15.190000,1.923153871e+01,1.523750072e+00,7.605410188e-01,1.007298113e+00,-7.286005403e-02,1.634073485e-01
15.200000,1.923933298e+01,1.530171859e+00,7.621750708e-01,1.007241374e+00,-7.285568500e-02,1.634030599e-01
15.210000,1.924711631e+01,1.536606015e+00,7.638090800e-01,1.007185156e+00,-7.285130015e-02,1.633987773e-01
15.220000,1.925488868e+01,1.543052524e+00,7.654430464e-01,1.007129455e+00,-7.284690003e-02,1.633945011e-01
15.230000,1.926265008e+01,1.549511372e+00,7.670769701e-01,1.007074266e+00,-7.284248518e-02,1.633902314e-01
15.240000,1.927040049e+01,1.555982543e+00,7.687108511e-01,1.007019585e+00,-7.283805616e-02,1.633859684e-01
15.250000,1.927813989e+01,1.562466021e+00,7.703446895e-01,1.006965407e+00,-7.283361349e-02,1.633817124e-01
15.260000,1.928586828e+01,1.568961791e+00,7.719784853e-01,1.006911727e+00,-7.282915771e-02,1.633774634e-01
15.270000,1.929358562e+01,1.575469838e+00,7.736122388e-01,1.006858542e+00,-7.282468933e-02,1.633732217e-01
15.280000,1.930129192e+01,1.581990147e+00,7.752459498e-01,1.006805848e+00,-7.282020886e-02,1.633689875e-01
15.290000,1.930898714e+01,1.588522701e+00,7.768796185e-01,1.006753639e+00,-7.281571682e-02,1.633647609e-01
15.300000,1.931667128e+01,1.595067485e+00,7.785132450e-01,1.006701912e+00,-7.281121369e-02,1.633605421e-01
15.310000,1.932434433e+01,1.601624483e+00,7.801468294e-01,1.006650662e+00,-7.280669996e-02,1.633563312e-01
15.320000,1.933200625e+01,1.608193680e+00,7.817803717e-01,1.006599886e+00,-7.280217613e-02,1.633521285e-01
15.330000,1.933965705e+01,1.614775059e+00,7.834138720e-01,1.006549579e+00,-7.279764265e-02,1.633479341e-01
15.340000,1.934729669e+01,1.621368606e+00,7.850473304e-01,1.006499737e+00,-7.279310002e-02,1.633437481e-01
15.350000,1.935492518e+01,1.627974304e+00,7.866807470e-01,1.006450356e+00,-7.278854867e-02,1.633395707e-01
15.360000,1.936254248e+01,1.634592138e+00,7.883141218e-01,1.006401432e+00,-7.278398908e-02,1.633354021e-01
15.370000,1.937014860e+01,1.641222090e+00,7.899474551e-01,1.006352961e+00,-7.277942169e-02,1.633312424e-01
15.380000,1.937774349e+01,1.647864147e+00,7.915807467e-01,1.006304939e+00,-7.277484693e-02,1.633270917e-01
15.390000,1.938532717e+01,1.654518291e+00,7.932139969e-01,1.006257362e+00,-7.277026525e-02,1.633229503e-01
15.400000,1.939289960e+01,1.661184506e+00,7.948472058e-01,1.006210226e+00,-7.276567708e-02,1.633188181e-01
15.410000,1.940046077e+01,1.667862776e+00,7.964803733e-01,1.006163528e+00,-7.276108282e-02,1.633146954e-01
15.420000,1.940801067e+01,1.674553086e+00,7.981134997e-01,1.006117263e+00,-7.275648291e-02,1.633105824e-01
15.430000,1.941554928e+01,1.681255419e+00,7.997465850e-01,1.006071428e+00,-7.275187775e-02,1.633064790e-01
15.440000,1.942307658e+01,1.687969758e+00,8.013796293e-01,1.006026019e+00,-7.274726773e-02,1.633023855e-01
15.450000,1.943059256e+01,1.694696088e+00,8.030126327e-01,1.005981032e+00,-7.274265327e-02,1.632983020e-01
15.460000,1.943809720e+01,1.701434392e+00,8.046455954e-01,1.005936464e+00,-7.273803475e-02,1.632942286e-01
15.470000,1.944559049e+01,1.708184653e+00,8.062785173e-01,1.005892310e+00,-7.273341255e-02,1.632901654e-01
15.480000,1.945307241e+01,1.714946856e+00,8.079113987e-01,1.005848568e+00,-7.272878705e-02,1.632861126e-01
15.490000,1.946054294e+01,1.721720984e+00,8.095442396e-01,1.005805233e+00,-7.272415863e-02,1.632820702e-01
15.500000,1.946800207e+01,1.728507021e+00,8.111770402e-01,1.005762302e+00,-7.271952766e-02,1.632780384e-01
15.510000,1.947544978e+01,1.735304949e+00,8.128098004e-01,1.005719771e+00,-7.271489448e-02,1.632740173e-01
15.520000,1.948288606e+01,1.742114752e+00,8.144425206e-01,1.005677638e+00,-7.271025947e-02,1.632700069e-01
15.530000,1.949031089e+01,1.748936415e+00,8.160752006e-01,1.005635898e+00,-7.270562297e-02,1.632660075e-01
15.540000,1.949772425e+01,1.755769919e+00,8.177078407e-01,1.005594548e+00,-7.270098531e-02,1.632620190e-01
15.550000,1.950512614e+01,1.762615248e+00,8.193404410e-01,1.005553584e+00,-7.269634686e-02,1.632580416e-01
15.560000,1.951251652e+01,1.769472386e+00,8.209730016e-01,1.005513003e+00,-7.269170793e-02,1.632540754e-01
15.570000,1.951989539e+01,1.776341316e+00,8.226055226e-01,1.005472802e+00,-7.268706885e-02,1.632501205e-01
15.580000,1.952726274e+01,1.783222020e+00,8.242380041e-01,1.005432978e+00,-7.268242995e-02,1.632461769e-01
15.590000,1.953461853e+01,1.790114483e+00,8.258704462e-01,1.005393526e+00,-7.267779155e-02,1.632422448e-01
15.600000,1.954196277e+01,1.797018687e+00,8.275028490e-01,1.005354445e+00,-7.267315395e-02,1.632383243e-01
15.610000,1.954929543e+01,1.803934615e+00,8.291352127e-01,1.005315729e+00,-7.266851747e-02,1.632344154e-01
15.620000,1.955661649e+01,1.810862250e+00,8.307675373e-01,1.005277377e+00,-7.266388240e-02,1.632305182e-01
15.630000,1.956392595e+01,1.817801575e+00,8.323998231e-01,1.005239385e+00,-7.265924905e-02,1.632266328e-01
15.640000,1.957122378e+01,1.824752573e+00,8.340320700e-01,1.005201750e+00,-7.265461771e-02,1.632227593e-01
15.650000,1.957850997e+01,1.831715227e+00,8.356642783e-01,1.005164469e+00,-7.264998866e-02,1.632188977e-01
15.660000,1.958578450e+01,1.838689520e+00,8.372964480e-01,1.005127538e+00,-7.264536219e-02,1.632150481e-01
15.670000,1.959304736e+01,1.845675435e+00,8.389285793e-01,1.005090954e+00,-7.264073858e-02,1.632112107e-01
15.680000,1.960029853e+01,1.852672953e+00,8.405606723e-01,1.005054715e+00,-7.263611809e-02,1.632073854e-01
15.690000,1.960753800e+01,1.859682059e+00,8.421927271e-01,1.005018817e+00,-7.263150100e-02,1.632035723e-01
15.700000,1.961476574e+01,1.866702734e+00,8.438247438e-01,1.004983258e+00,-7.262688758e-02,1.631997716e-01
15.710000,1.962198175e+01,1.873734962e+00,8.454567225e-01,1.004948033e+00,-7.262227807e-02,1.631959832e-01
15.720000,1.962918601e+01,1.880778725e+00,8.470886635e-01,1.004913142e+00,-7.261767275e-02,1.631922072e-01
15.730000,1.963637849e+01,1.887834004e+00,8.487205667e-01,1.004878579e+00,-7.261307184e-02,1.631884438e-01
15.740000,1.964355920e+01,1.894900784e+00,8.503524324e-01,1.004844343e+00,-7.260847562e-02,1.631846928e-01
15.750000,1.965072810e+01,1.901979047e+00,8.519842606e-01,1.004810430e+00,-7.260388431e-02,1.631809545e-01
15.760000,1.965788518e+01,1.909068774e+00,8.536160515e-01,1.004776838e+00,-7.259929815e-02,1.631772289e-01
15.770000,1.966503043e+01,1.916169948e+00,8.552478052e-01,1.004743564e+00,-7.259471738e-02,1.631735159e-01
15.780000,1.967216384e+01,1.923282552e+00,8.568795219e-01,1.004710604e+00,-7.259014223e-02,1.631698158e-01
15.790000,1.967928538e+01,1.930406568e+00,8.585112016e-01,1.004677957e+00,-7.258557292e-02,1.631661284e-01
15.800000,1.968639504e+01,1.937541978e+00,8.601428445e-01,1.004645619e+00,-7.258100968e-02,1.631624539e-01
15.810000,1.969349280e+01,1.944688765e+00,8.617744507e-01,1.004613588e+00,-7.257645271e-02,1.631587923e-01
15.820000,1.970057865e+01,1.951846910e+00,8.634060204e-01,1.004581861e+00,-7.257190224e-02,1.631551437e-01
15.830000,1.970765258e+01,1.959016395e+00,8.650375536e-01,1.004550434e+00,-7.256735848e-02,1.631515080e-01
15.840000,1.971471456e+01,1.966197204e+00,8.666690506e-01,1.004519307e+00,-7.256282162e-02,1.631478854e-01
15.850000,1.972176458e+01,1.973389318e+00,8.683005114e-01,1.004488475e+00,-7.255829188e-02,1.631442759e-01
15.860000,1.972880262e+01,1.980592718e+00,8.699319362e-01,1.004457936e+00,-7.255376944e-02,1.631406795e-01
15.870000,1.973582868e+01,1.987807388e+00,8.715633250e-01,1.004427688e+00,-7.254925451e-02,1.631370962e-01
15.880000,1.974284272e+01,1.995033308e+00,8.731946781e-01,1.004397727e+00,-7.254474728e-02,1.631335262e-01
15.890000,1.974984474e+01,2.002270462e+00,8.748259956e-01,1.004368052e+00,-7.254024793e-02,1.631299693e-01
15.900000,1.975683473e+01,2.009518830e+00,8.764572776e-01,1.004338660e+00,-7.253575664e-02,1.631264257e-01
15.910000,1.976381266e+01,2.016778395e+00,8.780885241e-01,1.004309548e+00,-7.253127360e-02,1.631228954e-01
15.920000,1.977077852e+01,2.024049138e+00,8.797197355e-01,1.004280714e+00,-7.252679899e-02,1.631193784e-01
15.930000,1.977773229e+01,2.031331041e+00,8.813509118e-01,1.004252155e+00,-7.252233296e-02,1.631158748e-01
15.940000,1.978467396e+01,2.038624086e+00,8.829820530e-01,1.004223869e+00,-7.251787571e-02,1.631123845e-01
15.950000,1.979160351e+01,2.045928255e+00,8.846131595e-01,1.004195853e+00,-7.251342738e-02,1.631089076e-01
15.960000,1.979852093e+01,2.053243529e+00,8.862442312e-01,1.004168105e+00,-7.250898815e-02,1.631054441e-01
15.970000,1.980542619e+01,2.060569890e+00,8.878752684e-01,1.004140623e+00,-7.250455818e-02,1.631019941e-01
15.980000,1.981231930e+01,2.067907320e+00,8.895062712e-01,1.004113404e+00,-7.250013762e-02,1.630985575e-01
15.990000,1.981920022e+01,2.075255799e+00,8.911372396e-01,1.004086445e+00,-7.249572662e-02,1.630951344e-01
16.000000,1.982606894e+01,2.082615310e+00,8.927681739e-01,1.004059745e+00,-7.249132533e-02,1.630917248e-01
16.010000,1.983292546e+01,2.089985834e+00,8.943990742e-01,1.004033301e+00,-7.248693391e-02,1.630883288e-01
16.020000,1.983976974e+01,2.097367353e+00,8.960299405e-01,1.004007111e+00,-7.248255250e-02,1.630849462e-01
16.030000,1.984660178e+01,2.104759847e+00,8.976607731e-01,1.003981172e+00,-7.247818123e-02,1.630815772e-01
16.040000,1.985342156e+01,2.112163299e+00,8.992915721e-01,1.003955483e+00,-7.247382025e-02,1.630782218e-01
16.050000,1.986022906e+01,2.119577689e+00,9.009223376e-01,1.003930040e+00,-7.246946969e-02,1.630748800e-01
16.060000,1.986702428e+01,2.127002998e+00,9.025530698e-01,1.003904842e+00,-7.246512968e-02,1.630715517e-01
16.070000,1.987380718e+01,2.134439209e+00,9.041837687e-01,1.003879887e+00,-7.246080036e-02,1.630682370e-01
16.080000,1.988057777e+01,2.141886302e+00,9.058144345e-01,1.003855172e+00,-7.245648184e-02,1.630649360e-01
16.090000,1.988733601e+01,2.149344259e+00,9.074450675e-01,1.003830695e+00,-7.245217426e-02,1.630616485e-01
16.100000,1.989408190e+01,2.156813060e+00,9.090756676e-01,1.003806455e+00,-7.244787773e-02,1.630583747e-01
16.110000,1.990081543e+01,2.164292687e+00,9.107062350e-01,1.003782448e+00,-7.244359238e-02,1.630551145e-01
16.120000,1.990753656e+01,2.171783121e+00,9.123367699e-01,1.003758673e+00,-7.243931831e-02,1.630518679e-01
16.130000,1.991424530e+01,2.179284342e+00,9.139672724e-01,1.003735127e+00,-7.243505564e-02,1.630486350e-01
16.140000,1.992094162e+01,2.186796332e+00,9.155977426e-01,1.003711809e+00,-7.243080448e-02,1.630454157e-01
16.150000,1.992762551e+01,2.194319072e+00,9.172281808e-01,1.003688717e+00,-7.242656495e-02,1.630422101e-01
16.160000,1.993429695e+01,2.201852543e+00,9.188585869e-01,1.003665848e+00,-7.242233713e-02,1.630390181e-01
16.170000,1.994095593e+01,2.209396726e+00,9.204889612e-01,1.003643201e+00,-7.241812115e-02,1.630358397e-01
16.180000,1.994760243e+01,2.216951601e+00,9.221193037e-01,1.003620773e+00,-7.241391709e-02,1.630326750e-01
16.190000,1.995423644e+01,2.224517149e+00,9.237496147e-01,1.003598562e+00,-7.240972506e-02,1.630295239e-01
16.200000,1.996085793e+01,2.232093351e+00,9.253798942e-01,1.003576567e+00,-7.240554514e-02,1.630263865e-01
16.210000,1.996746691e+01,2.239680188e+00,9.270101425e-01,1.003554786e+00,-7.240137744e-02,1.630232627e-01
16.220000,1.997406334e+01,2.247277641e+00,9.286403595e-01,1.003533216e+00,-7.239722205e-02,1.630201525e-01
16.230000,1.998064721e+01,2.254885689e+00,9.302705456e-01,1.003511856e+00,-7.239307905e-02,1.630170559e-01
16.240000,1.998721852e+01,2.262504315e+00,9.319007007e-01,1.003490703e+00,-7.238894852e-02,1.630139730e-01
16.250000,1.999377723e+01,2.270133498e+00,9.335308251e-01,1.003469756e+00,-7.238483056e-02,1.630109037e-01
16.260000,2.000032335e+01,2.277773220e+00,9.351609188e-01,1.003449014e+00,-7.238072524e-02,1.630078479e-01
16.270000,2.000685685e+01,2.285423460e+00,9.367909821e-01,1.003428473e+00,-7.237663264e-02,1.630048058e-01
16.280000,2.001337771e+01,2.293084199e+00,9.384210150e-01,1.003408133e+00,-7.237255285e-02,1.630017772e-01
16.290000,2.001988593e+01,2.300755418e+00,9.400510177e-01,1.003387991e+00,-7.236848593e-02,1.629987623e-01
16.300000,2.002638149e+01,2.308437097e+00,9.416809903e-01,1.003368046e+00,-7.236443196e-02,1.629957608e-01
16.310000,2.003286436e+01,2.316129216e+00,9.433109329e-01,1.003348295e+00,-7.236039101e-02,1.629927730e-01
16.320000,2.003933454e+01,2.323831756e+00,9.449408458e-01,1.003328738e+00,-7.235636315e-02,1.629897986e-01
16.330000,2.004579201e+01,2.331544697e+00,9.465707290e-01,1.003309372e+00,-7.235234844e-02,1.629868378e-01
16.340000,2.005223676e+01,2.339268020e+00,9.482005826e-01,1.003290195e+00,-7.234834695e-02,1.629838905e-01
16.350000,2.005866877e+01,2.347001705e+00,9.498304068e-01,1.003271206e+00,-7.234435875e-02,1.629809567e-01
16.360000,2.006508802e+01,2.354745732e+00,9.514602018e-01,1.003252404e+00,-7.234038389e-02,1.629780364e-01
16.370000,2.007149450e+01,2.362500081e+00,9.530899676e-01,1.003233786e+00,-7.233642243e-02,1.629751295e-01
16.380000,2.007788820e+01,2.370264732e+00,9.547197044e-01,1.003215350e+00,-7.233247443e-02,1.629722361e-01
16.390000,2.008426909e+01,2.378039666e+00,9.563494124e-01,1.003197095e+00,-7.232853995e-02,1.629693561e-01
16.400000,2.009063717e+01,2.385824863e+00,9.579790916e-01,1.003179020e+00,-7.232461903e-02,1.629664896e-01
16.410000,2.009699242e+01,2.393620302e+00,9.596087422e-01,1.003161123e+00,-7.232071174e-02,1.629636364e-01
16.420000,2.010333482e+01,2.401425964e+00,9.612383643e-01,1.003143401e+00,-7.231681812e-02,1.629607966e-01
16.430000,2.010966436e+01,2.409241830e+00,9.628679582e-01,1.003125854e+00,-7.231293822e-02,1.629579701e-01
16.440000,2.011598102e+01,2.417067877e+00,9.644975238e-01,1.003108480e+00,-7.230907208e-02,1.629551570e-01
16.450000,2.012228479e+01,2.424904088e+00,9.661270613e-01,1.003091278e+00,-7.230521975e-02,1.629523572e-01
16.460000,2.012857566e+01,2.432750441e+00,9.677565710e-01,1.003074244e+00,-7.230138127e-02,1.629495706e-01
16.470000,2.013485361e+01,2.440606917e+00,9.693860528e-01,1.003057379e+00,-7.229755669e-02,1.629467974e-01
16.480000,2.014111861e+01,2.448473495e+00,9.710155070e-01,1.003040681e+00,-7.229374604e-02,1.629440374e-01
16.490000,2.014737067e+01,2.456350156e+00,9.726449336e-01,1.003024148e+00,-7.228994936e-02,1.629412905e-01
16.500000,2.015360976e+01,2.464236878e+00,9.742743328e-01,1.003007778e+00,-7.228616670e-02,1.629385569e-01
16.510000,2.015983587e+01,2.472133643e+00,9.759037048e-01,1.002991570e+00,-7.228239807e-02,1.629358365e-01
16.520000,2.016604898e+01,2.480040428e+00,9.775330496e-01,1.002975523e+00,-7.227864353e-02,1.629331292e-01
16.530000,2.017224908e+01,2.487957215e+00,9.791623674e-01,1.002959634e+00,-7.227490309e-02,1.629304351e-01
16.540000,2.017843615e+01,2.495883983e+00,9.807916583e-01,1.002943904e+00,-7.227117679e-02,1.629277540e-01
16.550000,2.018461019e+01,2.503820711e+00,9.824209225e-01,1.002928329e+00,-7.226746466e-02,1.629250860e-01
16.560000,2.019077117e+01,2.511767379e+00,9.840501601e-01,1.002912909e+00,-7.226376673e-02,1.629224310e-01
16.570000,2.019691907e+01,2.519723967e+00,9.856793712e-01,1.002897642e+00,-7.226008302e-02,1.629197891e-01
16.580000,2.020305390e+01,2.527690454e+00,9.873085559e-01,1.002882528e+00,-7.225641355e-02,1.629171601e-01
16.590000,2.020917562e+01,2.535666820e+00,9.889377144e-01,1.002867563e+00,-7.225275836e-02,1.629145441e-01
16.600000,2.021528422e+01,2.543653044e+00,9.905668469e-01,1.002852748e+00,-7.224911746e-02,1.629119410e-01
16.610000,2.022137970e+01,2.551649106e+00,9.921959533e-01,1.002838080e+00,-7.224549087e-02,1.629093508e-01
16.620000,2.022746203e+01,2.559654984e+00,9.938250339e-01,1.002823558e+00,-7.224187861e-02,1.629067735e-01
16.630000,2.023353120e+01,2.567670659e+00,9.954540888e-01,1.002809182e+00,-7.223828070e-02,1.629042090e-01
16.640000,2.023958720e+01,2.575696109e+00,9.970831181e-01,1.002794949e+00,-7.223469716e-02,1.629016574e-01
16.650000,2.024563001e+01,2.583731315e+00,9.987121220e-01,1.002780858e+00,-7.223112800e-02,1.628991185e-01
16.660000,2.025165962e+01,2.591776255e+00,1.000341101e+00,1.002766908e+00,-7.222757324e-02,1.628965923e-01
16.670000,2.025767601e+01,2.599830909e+00,1.001970054e+00,1.002753097e+00,-7.222403289e-02,1.628940789e-01
16.680000,2.026367917e+01,2.607895255e+00,1.003598982e+00,1.002739425e+00,-7.222050696e-02,1.628915782e-01
16.690000,2.026966908e+01,2.615969274e+00,1.005227885e+00,1.002725890e+00,-7.221699546e-02,1.628890901e-01
16.700000,2.027564573e+01,2.624052943e+00,1.006856764e+00,1.002712491e+00,-7.221349840e-02,1.628866146e-01
16.710000,2.028160911e+01,2.632146243e+00,1.008485618e+00,1.002699226e+00,-7.221001579e-02,1.628841517e-01
16.720000,2.028755919e+01,2.640249153e+00,1.010114447e+00,1.002686094e+00,-7.220654764e-02,1.628817014e-01
16.730000,2.029349597e+01,2.648361650e+00,1.011743252e+00,1.002673095e+00,-7.220309395e-02,1.628792635e-01
16.740000,2.029941943e+01,2.656483716e+00,1.013372032e+00,1.002660226e+00,-7.219965473e-02,1.628768382e-01
16.750000,2.030532955e+01,2.664615328e+00,1.015000789e+00,1.002647486e+00,-7.219622998e-02,1.628744253e-01
16.760000,2.031122633e+01,2.672756466e+00,1.016629521e+00,1.002634875e+00,-7.219281970e-02,1.628720248e-01
16.770000,2.031710975e+01,2.680907108e+00,1.018258229e+00,1.002622391e+00,-7.218942390e-02,1.628696368e-01
16.780000,2.032297979e+01,2.689067233e+00,1.019886914e+00,1.002610033e+00,-7.218604258e-02,1.628672610e-01
16.790000,2.032883643e+01,2.697236821e+00,1.021515575e+00,1.002597800e+00,-7.218267573e-02,1.628648976e-01
16.800000,2.033467968e+01,2.705415851e+00,1.023144212e+00,1.002585690e+00,-7.217932336e-02,1.628625464e-01
16.810000,2.034050950e+01,2.713604300e+00,1.024772825e+00,1.002573703e+00,-7.217598546e-02,1.628602075e-01
16.820000,2.034632589e+01,2.721802148e+00,1.026401416e+00,1.002561837e+00,-7.217266203e-02,1.628578807e-01
16.830000,2.035212883e+01,2.730009374e+00,1.028029983e+00,1.002550091e+00,-7.216935306e-02,1.628555662e-01
16.840000,2.035791831e+01,2.738225957e+00,1.029658527e+00,1.002538464e+00,-7.216605855e-02,1.628532637e-01
16.850000,2.036369431e+01,2.746451874e+00,1.031287048e+00,1.002526955e+00,-7.216277850e-02,1.628509734e-01
16.860000,2.036945683e+01,2.754687105e+00,1.032915547e+00,1.002515562e+00,-7.215951290e-02,1.628486951e-01
16.870000,2.037520583e+01,2.762931629e+00,1.034544022e+00,1.002504286e+00,-7.215626173e-02,1.628464288e-01
16.880000,2.038094132e+01,2.771185424e+00,1.036172475e+00,1.002493124e+00,-7.215302500e-02,1.628441745e-01
16.890000,2.038666328e+01,2.779448469e+00,1.037800906e+00,1.002482075e+00,-7.214980268e-02,1.628419322e-01
16.900000,2.039237169e+01,2.787720743e+00,1.039429314e+00,1.002471139e+00,-7.214659478e-02,1.628397017e-01
16.910000,2.039806654e+01,2.796002223e+00,1.041057700e+00,1.002460314e+00,-7.214340127e-02,1.628374831e-01
16.920000,2.040374781e+01,2.804292888e+00,1.042686064e+00,1.002449600e+00,-7.214022216e-02,1.628352763e-01
16.930000,2.040941550e+01,2.812592718e+00,1.044314406e+00,1.002438995e+00,-7.213705741e-02,1.628330814e-01
16.940000,2.041506958e+01,2.820901690e+00,1.045942725e+00,1.002428498e+00,-7.213390703e-02,1.628308981e-01
16.950000,2.042071005e+01,2.829219783e+00,1.047571024e+00,1.002418108e+00,-7.213077099e-02,1.628287266e-01
16.960000,2.042633688e+01,2.837546975e+00,1.049199300e+00,1.002407825e+00,-7.212764929e-02,1.628265667e-01
16.970000,2.043195008e+01,2.845883245e+00,1.050827555e+00,1.002397647e+00,-7.212454190e-02,1.628244185e-01
16.980000,2.043754961e+01,2.854228571e+00,1.052455788e+00,1.002387573e+00,-7.212144881e-02,1.628222819e-01
16.990000,2.044313547e+01,2.862582932e+00,1.054084001e+00,1.002377602e+00,-7.211837000e-02,1.628201568e-01
17.000000,2.044870765e+01,2.870946305e+00,1.055712192e+00,1.002367734e+00,-7.211530545e-02,1.628180432e-01
17.010000,2.045426612e+01,2.879318669e+00,1.057340362e+00,1.002357966e+00,-7.211225515e-02,1.628159411e-01
17.020000,2.045981089e+01,2.887700002e+00,1.058968510e+00,1.002348300e+00,-7.210921907e-02,1.628138504e-01
17.030000,2.046534192e+01,2.896090283e+00,1.060596639e+00,1.002338732e+00,-7.210619720e-02,1.628117711e-01
17.040000,2.047085922e+01,2.904489489e+00,1.062224746e+00,1.002329263e+00,-7.210318951e-02,1.628097032e-01
17.050000,2.047636276e+01,2.912897600e+00,1.063852833e+00,1.002319892e+00,-7.210019598e-02,1.628076465e-01
17.060000,2.048185254e+01,2.921314592e+00,1.065480899e+00,1.002310617e+00,-7.209721660e-02,1.628056011e-01
17.070000,2.048732853e+01,2.929740444e+00,1.067108945e+00,1.002301438e+00,-7.209425133e-02,1.628035670e-01
17.080000,2.049279073e+01,2.938175135e+00,1.068736970e+00,1.002292353e+00,-7.209130016e-02,1.628015440e-01
17.090000,2.049823912e+01,2.946618642e+00,1.070364976e+00,1.002283362e+00,-7.208836305e-02,1.627995322e-01
17.100000,2.050367369e+01,2.955070943e+00,1.071992961e+00,1.002274465e+00,-7.208544000e-02,1.627975315e-01
17.110000,2.050909442e+01,2.963532016e+00,1.073620926e+00,1.002265659e+00,-7.208253096e-02,1.627955418e-01
17.120000,2.051450131e+01,2.972001840e+00,1.075248872e+00,1.002256945e+00,-7.207963592e-02,1.627935632e-01
17.130000,2.051989433e+01,2.980480392e+00,1.076876798e+00,1.002248320e+00,-7.207675485e-02,1.627915956e-01
17.140000,2.052527348e+01,2.988967650e+00,1.078504704e+00,1.002239786e+00,-7.207388772e-02,1.627896388e-01
17.150000,2.053063874e+01,2.997463592e+00,1.080132590e+00,1.002231340e+00,-7.207103451e-02,1.627876930e-01
17.160000,2.053599009e+01,3.005968196e+00,1.081760458e+00,1.002222981e+00,-7.206819519e-02,1.627857581e-01
17.170000,2.054132753e+01,3.014481440e+00,1.083388306e+00,1.002214710e+00,-7.206536972e-02,1.627838339e-01
17.180000,2.054665105e+01,3.023003302e+00,1.085016134e+00,1.002206525e+00,-7.206255809e-02,1.627819205e-01
17.190000,2.055196062e+01,3.031533759e+00,1.086643944e+00,1.002198425e+00,-7.205976026e-02,1.627800178e-01
17.200000,2.055725623e+01,3.040072789e+00,1.088271735e+00,1.002190409e+00,-7.205697620e-02,1.627781259e-01
17.210000,2.056253788e+01,3.048620370e+00,1.089899507e+00,1.002182477e+00,-7.205420588e-02,1.627762445e-01
17.220000,2.056780554e+01,3.057176480e+00,1.091527260e+00,1.002174628e+00,-7.205144927e-02,1.627743738e-01
17.230000,2.057305922e+01,3.065741097e+00,1.093154994e+00,1.002166861e+00,-7.204870634e-02,1.627725136e-01
17.240000,2.057829888e+01,3.074314197e+00,1.094782710e+00,1.002159175e+00,-7.204597706e-02,1.627706640e-01
17.250000,2.058352452e+01,3.082895760e+00,1.096410407e+00,1.002151569e+00,-7.204326139e-02,1.627688248e-01
17.260000,2.058873613e+01,3.091485761e+00,1.098038087e+00,1.002144044e+00,-7.204055931e-02,1.627669961e-01
17.270000,2.059393370e+01,3.100084180e+00,1.099665747e+00,1.002136597e+00,-7.203787078e-02,1.627651777e-01
17.280000,2.059911720e+01,3.108690993e+00,1.101293390e+00,1.002129228e+00,-7.203519577e-02,1.627633697e-01
17.290000,2.060428663e+01,3.117306178e+00,1.102921015e+00,1.002121937e+00,-7.203253424e-02,1.627615720e-01
17.300000,2.060944198e+01,3.125929713e+00,1.104548622e+00,1.002114723e+00,-7.202988616e-02,1.627597846e-01
17.310000,2.061458322e+01,3.134561575e+00,1.106176211e+00,1.002107584e+00,-7.202725150e-02,1.627580073e-01
17.320000,2.061971036e+01,3.143201742e+00,1.107803782e+00,1.002100521e+00,-7.202463021e-02,1.627562403e-01
17.330000,2.062482337e+01,3.151850191e+00,1.109431335e+00,1.002093532e+00,-7.202202228e-02,1.627544834e-01
17.340000,2.062992225e+01,3.160506899e+00,1.111058871e+00,1.002086617e+00,-7.201942765e-02,1.627527366e-01
17.350000,2.063500697e+01,3.169171844e+00,1.112686390e+00,1.002079775e+00,-7.201684630e-02,1.627509998e-01
17.360000,2.064007754e+01,3.177845003e+00,1.114313892e+00,1.002073005e+00,-7.201427818e-02,1.627492730e-01
17.370000,2.064513392e+01,3.186526354e+00,1.115941376e+00,1.002066307e+00,-7.201172327e-02,1.627475563e-01
17.380000,2.065017613e+01,3.195215874e+00,1.117568843e+00,1.002059680e+00,-7.200918152e-02,1.627458494e-01
17.390000,2.065520413e+01,3.203913540e+00,1.119196293e+00,1.002053123e+00,-7.200665290e-02,1.627441524e-01
17.400000,2.066021792e+01,3.212619330e+00,1.120823726e+00,1.002046636e+00,-7.200413737e-02,1.627424653e-01
17.410000,2.066521748e+01,3.221333221e+00,1.122451142e+00,1.002040217e+00,-7.200163489e-02,1.627407879e-01
17.420000,2.067020280e+01,3.230055189e+00,1.124078542e+00,1.002033867e+00,-7.199914542e-02,1.627391203e-01
17.430000,2.067517388e+01,3.238785213e+00,1.125705924e+00,1.002027585e+00,-7.199666894e-02,1.627374624e-01
17.440000,2.068013069e+01,3.247523269e+00,1.127333291e+00,1.002021369e+00,-7.199420538e-02,1.627358142e-01
17.450000,2.068507323e+01,3.256269335e+00,1.128960641e+00,1.002015219e+00,-7.199175473e-02,1.627341756e-01
17.460000,2.069000148e+01,3.265023387e+00,1.130587974e+00,1.002009136e+00,-7.198931694e-02,1.627325466e-01
17.470000,2.069491543e+01,3.273785404e+00,1.132215292e+00,1.002003117e+00,-7.198689197e-02,1.627309271e-01
17.480000,2.069981507e+01,3.282555361e+00,1.133842593e+00,1.001997162e+00,-7.198447977e-02,1.627293171e-01
17.490000,2.070470038e+01,3.291333236e+00,1.135469878e+00,1.001991272e+00,-7.198208032e-02,1.627277166e-01
17.500000,2.070957136e+01,3.300119007e+00,1.137097147e+00,1.001985444e+00,-7.197969357e-02,1.627261255e-01
17.510000,2.071442798e+01,3.308912649e+00,1.138724401e+00,1.001979679e+00,-7.197731948e-02,1.627245438e-01
17.520000,2.071927025e+01,3.317714141e+00,1.140351638e+00,1.001973975e+00,-7.197495800e-02,1.627229714e-01
17.530000,2.072409814e+01,3.326523459e+00,1.141978860e+00,1.001968333e+00,-7.197260911e-02,1.627214082e-01
17.540000,2.072891165e+01,3.335340579e+00,1.143606066e+00,1.001962752e+00,-7.197027275e-02,1.627198544e-01
17.550000,2.073371075e+01,3.344165480e+00,1.145233257e+00,1.001957231e+00,-7.196794889e-02,1.627183097e-01
17.560000,2.073849545e+01,3.352998137e+00,1.146860433e+00,1.001951769e+00,-7.196563748e-02,1.627167742e-01
17.570000,2.074326573e+01,3.361838528e+00,1.148487593e+00,1.001946366e+00,-7.196333849e-02,1.627152478e-01
17.580000,2.074802157e+01,3.370686630e+00,1.150114738e+00,1.001941021e+00,-7.196105187e-02,1.627137305e-01
17.590000,2.075276297e+01,3.379542419e+00,1.151741867e+00,1.001935735e+00,-7.195877758e-02,1.627122222e-01
17.600000,2.075748991e+01,3.388405873e+00,1.153368982e+00,1.001930505e+00,-7.195651558e-02,1.627107229e-01
17.610000,2.076220238e+01,3.397276968e+00,1.154996082e+00,1.001925332e+00,-7.195426582e-02,1.627092326e-01
17.620000,2.076690037e+01,3.406155680e+00,1.156623167e+00,1.001920215e+00,-7.195202826e-02,1.627077511e-01
17.630000,2.077158386e+01,3.415041987e+00,1.158250237e+00,1.001915153e+00,-7.194980287e-02,1.627062786e-01
17.640000,2.077625285e+01,3.423935865e+00,1.159877292e+00,1.001910147e+00,-7.194758959e-02,1.627048148e-01
17.650000,2.078090732e+01,3.432837292e+00,1.161504333e+00,1.001905195e+00,-7.194538838e-02,1.627033599e-01
17.660000,2.078554727e+01,3.441746243e+00,1.163131360e+00,1.001900297e+00,-7.194319921e-02,1.627019137e-01
17.670000,2.079017267e+01,3.450662695e+00,1.164758372e+00,1.001895452e+00,-7.194102203e-02,1.627004762e-01
17.680000,2.079478352e+01,3.459586626e+00,1.166385369e+00,1.001890660e+00,-7.193885679e-02,1.626990473e-01
17.690000,2.079937981e+01,3.468518011e+00,1.168012353e+00,1.001885921e+00,-7.193670345e-02,1.626976271e-01
17.700000,2.080396152e+01,3.477456827e+00,1.169639322e+00,1.001881233e+00,-7.193456197e-02,1.626962155e-01
17.710000,2.080852865e+01,3.486403052e+00,1.171266277e+00,1.001876596e+00,-7.193243230e-02,1.626948123e-01
17.720000,2.081308117e+01,3.495356660e+00,1.172893218e+00,1.001872010e+00,-7.193031441e-02,1.626934177e-01
17.730000,2.081761909e+01,3.504317630e+00,1.174520145e+00,1.001867475e+00,-7.192820824e-02,1.626920316e-01
17.740000,2.082214238e+01,3.513285937e+00,1.176147059e+00,1.001862989e+00,-7.192611375e-02,1.626906538e-01
17.750000,2.082665104e+01,3.522261558e+00,1.177773958e+00,1.001858553e+00,-7.192403090e-02,1.626892844e-01
17.760000,2.083114506e+01,3.531244469e+00,1.179400844e+00,1.001854165e+00,-7.192195965e-02,1.626879234e-01
17.770000,2.083562442e+01,3.540234647e+00,1.181027717e+00,1.001849826e+00,-7.191989994e-02,1.626865706e-01
17.780000,2.084008912e+01,3.549232068e+00,1.182654576e+00,1.001845534e+00,-7.191785174e-02,1.626852261e-01
17.790000,2.084453913e+01,3.558236710e+00,1.184281421e+00,1.001841290e+00,-7.191581500e-02,1.626838898e-01
17.800000,2.084897446e+01,3.567248547e+00,1.185908254e+00,1.001837093e+00,-7.191378968e-02,1.626825617e-01
17.810000,2.085339508e+01,3.576267556e+00,1.187535073e+00,1.001832942e+00,-7.191177573e-02,1.626812417e-01
17.820000,2.085780100e+01,3.585293715e+00,1.189161878e+00,1.001828837e+00,-7.190977311e-02,1.626799298e-01
17.830000,2.086219219e+01,3.594326998e+00,1.190788671e+00,1.001824778e+00,-7.190778177e-02,1.626786260e-01
17.840000,2.086656864e+01,3.603367383e+00,1.192415451e+00,1.001820763e+00,-7.190580167e-02,1.626773301e-01
17.850000,2.087093035e+01,3.612414846e+00,1.194042218e+00,1.001816794e+00,-7.190383276e-02,1.626760422e-01
17.860000,2.087527731e+01,3.621469362e+00,1.195668972e+00,1.001812868e+00,-7.190187500e-02,1.626747623e-01
17.870000,2.087960949e+01,3.630530909e+00,1.197295713e+00,1.001808986e+00,-7.189992834e-02,1.626734902e-01
17.880000,2.088392690e+01,3.639599463e+00,1.198922442e+00,1.001805148e+00,-7.189799274e-02,1.626722260e-01
17.890000,2.088822952e+01,3.648674999e+00,1.200549158e+00,1.001801352e+00,-7.189606816e-02,1.626709696e-01
17.900000,2.089251733e+01,3.657757493e+00,1.202175861e+00,1.001797598e+00,-7.189415454e-02,1.626697210e-01
17.910000,2.089679034e+01,3.666846923e+00,1.203802552e+00,1.001793887e+00,-7.189225185e-02,1.626684801e-01
17.920000,2.090104852e+01,3.675943264e+00,1.205429231e+00,1.001790217e+00,-7.189036003e-02,1.626672469e-01
17.930000,2.090529187e+01,3.685046492e+00,1.207055897e+00,1.001786588e+00,-7.188847905e-02,1.626660213e-01
17.940000,2.090952038e+01,3.694156584e+00,1.208682551e+00,1.001783000e+00,-7.188660886e-02,1.626648034e-01
17.950000,2.091373403e+01,3.703273515e+00,1.210309193e+00,1.001779453e+00,-7.188474940e-02,1.626635930e-01
17.960000,2.091793282e+01,3.712397261e+00,1.211935823e+00,1.001775945e+00,-7.188290065e-02,1.626623902e-01
17.970000,2.092211673e+01,3.721527799e+00,1.213562441e+00,1.001772477e+00,-7.188106255e-02,1.626611949e-01
17.980000,2.092628575e+01,3.730665105e+00,1.215189047e+00,1.001769048e+00,-7.187923505e-02,1.626600070e-01
17.990000,2.093043988e+01,3.739809154e+00,1.216815641e+00,1.001765657e+00,-7.187741812e-02,1.626588265e-01
18.000000,2.093457910e+01,3.748959923e+00,1.218442224e+00,1.001762305e+00,-7.187561171e-02,1.626576535e-01
18.010000,2.093870340e+01,3.758117387e+00,1.220068794e+00,1.001758991e+00,-7.187381577e-02,1.626564878e-01
18.020000,2.094281277e+01,3.767281523e+00,1.221695353e+00,1.001755715e+00,-7.187203025e-02,1.626553293e-01
18.030000,2.094690721e+01,3.776452306e+00,1.223321901e+00,1.001752475e+00,-7.187025512e-02,1.626541782e-01
18.040000,2.095098669e+01,3.785629713e+00,1.224948437e+00,1.001749273e+00,-7.186849032e-02,1.626530343e-01
18.050000,2.095505121e+01,3.794813719e+00,1.226574962e+00,1.001746106e+00,-7.186673581e-02,1.626518975e-01
18.060000,2.095910077e+01,3.804004300e+00,1.228201475e+00,1.001742976e+00,-7.186499155e-02,1.626507680e-01
18.070000,2.096313534e+01,3.813201432e+00,1.229827977e+00,1.001739882e+00,-7.186325749e-02,1.626496455e-01
18.080000,2.096715492e+01,3.822405091e+00,1.231454468e+00,1.001736823e+00,-7.186153359e-02,1.626485301e-01
18.090000,2.097115950e+01,3.831615253e+00,1.233080948e+00,1.001733799e+00,-7.185981980e-02,1.626474218e-01
18.100000,2.097514907e+01,3.840831892e+00,1.234707416e+00,1.001730809e+00,-7.185811607e-02,1.626463204e-01
18.110000,2.097912362e+01,3.850054987e+00,1.236333874e+00,1.001727854e+00,-7.185642237e-02,1.626452261e-01
18.120000,2.098308313e+01,3.859284511e+00,1.237960321e+00,1.001724933e+00,-7.185473864e-02,1.626441386e-01
18.130000,2.098702760e+01,3.868520441e+00,1.239586757e+00,1.001722045e+00,-7.185306484e-02,1.626430581e-01
18.140000,2.099095703e+01,3.877762752e+00,1.241213182e+00,1.001719191e+00,-7.185140093e-02,1.626419844e-01
18.150000,2.099487139e+01,3.887011420e+00,1.242839597e+00,1.001716369e+00,-7.184974686e-02,1.626409175e-01
18.160000,2.099877067e+01,3.896266422e+00,1.244466000e+00,1.001713580e+00,-7.184810259e-02,1.626398575e-01
18.170000,2.100265488e+01,3.905527731e+00,1.246092394e+00,1.001710823e+00,-7.184646807e-02,1.626388041e-01
18.180000,2.100652399e+01,3.914795325e+00,1.247718777e+00,1.001708099e+00,-7.184484326e-02,1.626377575e-01
18.190000,2.101037801e+01,3.924069179e+00,1.249345149e+00,1.001705405e+00,-7.184322811e-02,1.626367175e-01
18.200000,2.101421691e+01,3.933349268e+00,1.250971511e+00,1.001702743e+00,-7.184162258e-02,1.626356842e-01
18.210000,2.101804069e+01,3.942635569e+00,1.252597863e+00,1.001700112e+00,-7.184002662e-02,1.626346575e-01
18.220000,2.102184933e+01,3.951928056e+00,1.254224204e+00,1.001697511e+00,-7.183844019e-02,1.626336374e-01
18.230000,2.102564284e+01,3.961226705e+00,1.255850535e+00,1.001694941e+00,-7.183686325e-02,1.626326238e-01
18.240000,2.102942120e+01,3.970531492e+00,1.257476857e+00,1.001692401e+00,-7.183529574e-02,1.626316167e-01
18.250000,2.103318440e+01,3.979842392e+00,1.259103168e+00,1.001689890e+00,-7.183373764e-02,1.626306160e-01
18.260000,2.103693242e+01,3.989159381e+00,1.260729469e+00,1.001687409e+00,-7.183218888e-02,1.626296218e-01
18.270000,2.104066527e+01,3.998482434e+00,1.262355760e+00,1.001684957e+00,-7.183064943e-02,1.626286339e-01
18.280000,2.104438293e+01,4.007811527e+00,1.263982042e+00,1.001682533e+00,-7.182911925e-02,1.626276524e-01
18.290000,2.104808539e+01,4.017146635e+00,1.265608313e+00,1.001680138e+00,-7.182759829e-02,1.626266773e-01
18.300000,2.105177264e+01,4.026487734e+00,1.267234575e+00,1.001677772e+00,-7.182608650e-02,1.626257084e-01
18.310000,2.105544468e+01,4.035834799e+00,1.268860827e+00,1.001675433e+00,-7.182458385e-02,1.626247458e-01
18.320000,2.105910149e+01,4.045187805e+00,1.270487070e+00,1.001673121e+00,-7.182309028e-02,1.626237893e-01
18.330000,2.106274306e+01,4.054546728e+00,1.272113303e+00,1.001670837e+00,-7.182160576e-02,1.626228391e-01
18.340000,2.106636939e+01,4.063911544e+00,1.273739527e+00,1.001668580e+00,-7.182013024e-02,1.626218950e-01
18.350000,2.106998046e+01,4.073282227e+00,1.275365741e+00,1.001666350e+00,-7.181866368e-02,1.626209571e-01
18.360000,2.107357627e+01,4.082658754e+00,1.276991946e+00,1.001664146e+00,-7.181720603e-02,1.626200252e-01
18.370000,2.107715680e+01,4.092041098e+00,1.278618142e+00,1.001661969e+00,-7.181575725e-02,1.626190993e-01
18.380000,2.108072206e+01,4.101429236e+00,1.280244328e+00,1.001659817e+00,-7.181431730e-02,1.626181795e-01
18.390000,2.108427202e+01,4.110823144e+00,1.281870505e+00,1.001657691e+00,-7.181288613e-02,1.626172656e-01
18.400000,2.108780668e+01,4.120222795e+00,1.283496673e+00,1.001655591e+00,-7.181146371e-02,1.626163577e-01
18.410000,2.109132603e+01,4.129628166e+00,1.285122832e+00,1.001653515e+00,-7.181004998e-02,1.626154557e-01
18.420000,2.109483007e+01,4.139039232e+00,1.286748983e+00,1.001651464e+00,-7.180864491e-02,1.626145596e-01
18.430000,2.109831877e+01,4.148455967e+00,1.288375124e+00,1.001649438e+00,-7.180724845e-02,1.626136693e-01
18.440000,2.110179214e+01,4.157878348e+00,1.290001256e+00,1.001647437e+00,-7.180586056e-02,1.626127848e-01
18.450000,2.110525017e+01,4.167306349e+00,1.291627379e+00,1.001645459e+00,-7.180448120e-02,1.626119061e-01
18.460000,2.110869284e+01,4.176739946e+00,1.293253494e+00,1.001643505e+00,-7.180311033e-02,1.626110332e-01
18.470000,2.111212014e+01,4.186179113e+00,1.294879600e+00,1.001641575e+00,-7.180174789e-02,1.626101660e-01
18.480000,2.111553208e+01,4.195623827e+00,1.296505697e+00,1.001639668e+00,-7.180039386e-02,1.626093044e-01
18.490000,2.111892863e+01,4.205074061e+00,1.298131786e+00,1.001637785e+00,-7.179904818e-02,1.626084485e-01
18.500000,2.112230980e+01,4.214529792e+00,1.299757866e+00,1.001635924e+00,-7.179771082e-02,1.626075982e-01
18.510000,2.112567556e+01,4.223990994e+00,1.301383938e+00,1.001634085e+00,-7.179638174e-02,1.626067535e-01
18.520000,2.112902592e+01,4.233457642e+00,1.303010002e+00,1.001632269e+00,-7.179506088e-02,1.626059144e-01
18.530000,2.113236087e+01,4.242929711e+00,1.304636057e+00,1.001630476e+00,-7.179374822e-02,1.626050808e-01
18.540000,2.113568039e+01,4.252407177e+00,1.306262103e+00,1.001628704e+00,-7.179244370e-02,1.626042526e-01
18.550000,2.113898448e+01,4.261890015e+00,1.307888142e+00,1.001626954e+00,-7.179114730e-02,1.626034300e-01
18.560000,2.114227313e+01,4.271378199e+00,1.309514172e+00,1.001625225e+00,-7.178985895e-02,1.626026127e-01
18.570000,2.114554633e+01,4.280871705e+00,1.311140194e+00,1.001623517e+00,-7.178857863e-02,1.626018009e-01
18.580000,2.114880407e+01,4.290370507e+00,1.312766208e+00,1.001621831e+00,-7.178730630e-02,1.626009944e-01
18.590000,2.115204634e+01,4.299874581e+00,1.314392214e+00,1.001620165e+00,-7.178604190e-02,1.626001932e-01
18.600000,2.115527314e+01,4.309383902e+00,1.316018212e+00,1.001618520e+00,-7.178478541e-02,1.625993974e-01
18.610000,2.115848446e+01,4.318898444e+00,1.317644202e+00,1.001616895e+00,-7.178353678e-02,1.625986068e-01
18.620000,2.116168029e+01,4.328418182e+00,1.319270184e+00,1.001615290e+00,-7.178229596e-02,1.625978215e-01
18.630000,2.116486062e+01,4.337943092e+00,1.320896158e+00,1.001613705e+00,-7.178106293e-02,1.625970413e-01
18.640000,2.116802544e+01,4.347473148e+00,1.322522125e+00,1.001612140e+00,-7.177983763e-02,1.625962664e-01
18.650000,2.117117475e+01,4.357008326e+00,1.324148084e+00,1.001610594e+00,-7.177862003e-02,1.625954966e-01
18.660000,2.117430853e+01,4.366548599e+00,1.325774035e+00,1.001609068e+00,-7.177741009e-02,1.625947319e-01
18.670000,2.117742678e+01,4.376093944e+00,1.327399978e+00,1.001607560e+00,-7.177620777e-02,1.625939723e-01
18.680000,2.118052949e+01,4.385644334e+00,1.329025914e+00,1.001606072e+00,-7.177501302e-02,1.625932178e-01
18.690000,2.118361666e+01,4.395199745e+00,1.330651843e+00,1.001604602e+00,-7.177382581e-02,1.625924683e-01
18.700000,2.118668827e+01,4.404760151e+00,1.332277763e+00,1.001603151e+00,-7.177264610e-02,1.625917238e-01
18.710000,2.118974431e+01,4.414325528e+00,1.333903677e+00,1.001601718e+00,-7.177147384e-02,1.625909843e-01
18.720000,2.119278479e+01,4.423895849e+00,1.335529583e+00,1.001600302e+00,-7.177030901e-02,1.625902497e-01
18.730000,2.119580968e+01,4.433471091e+00,1.337155482e+00,1.001598905e+00,-7.176915155e-02,1.625895200e-01
18.740000,2.119881899e+01,4.443051227e+00,1.338781374e+00,1.001597526e+00,-7.176800143e-02,1.625887953e-01
18.750000,2.120181270e+01,4.452636233e+00,1.340407258e+00,1.001596164e+00,-7.176685862e-02,1.625880753e-01
18.760000,2.120479082e+01,4.462226083e+00,1.342033135e+00,1.001594819e+00,-7.176572306e-02,1.625873602e-01
18.770000,2.120775332e+01,4.471820751e+00,1.343659005e+00,1.001593492e+00,-7.176459473e-02,1.625866500e-01
18.780000,2.121070020e+01,4.481420214e+00,1.345284868e+00,1.001592181e+00,-7.176347358e-02,1.625859444e-01
18.790000,2.121363146e+01,4.491024444e+00,1.346910724e+00,1.001590887e+00,-7.176235958e-02,1.625852436e-01
18.800000,2.121654709e+01,4.500633418e+00,1.348536573e+00,1.001589610e+00,-7.176125268e-02,1.625845476e-01
18.810000,2.121944708e+01,4.510247109e+00,1.350162415e+00,1.001588349e+00,-7.176015286e-02,1.625838562e-01
18.820000,2.122233142e+01,4.519865493e+00,1.351788250e+00,1.001587104e+00,-7.175906006e-02,1.625831694e-01
18.830000,2.122520010e+01,4.529488544e+00,1.353414078e+00,1.001585876e+00,-7.175797426e-02,1.625824873e-01
18.840000,2.122805312e+01,4.539116236e+00,1.355039900e+00,1.001584663e+00,-7.175689540e-02,1.625818098e-01
18.850000,2.123089047e+01,4.548748545e+00,1.356665715e+00,1.001583466e+00,-7.175582347e-02,1.625811369e-01
18.860000,2.123371215e+01,4.558385445e+00,1.358291523e+00,1.001582284e+00,-7.175475841e-02,1.625804685e-01
18.870000,2.123651814e+01,4.568026910e+00,1.359917324e+00,1.001581118e+00,-7.175370020e-02,1.625798047e-01
18.880000,2.123930844e+01,4.577672915e+00,1.361543119e+00,1.001579967e+00,-7.175264879e-02,1.625791453e-01
18.890000,2.124208304e+01,4.587323435e+00,1.363168907e+00,1.001578831e+00,-7.175160414e-02,1.625784904e-01
18.900000,2.124484193e+01,4.596978444e+00,1.364794689e+00,1.001577710e+00,-7.175056623e-02,1.625778400e-01
18.910000,2.124758512e+01,4.606637917e+00,1.366420464e+00,1.001576603e+00,-7.174953500e-02,1.625771939e-01
18.920000,2.125031258e+01,4.616301828e+00,1.368046233e+00,1.001575511e+00,-7.174851044e-02,1.625765523e-01
18.930000,2.125302431e+01,4.625970153e+00,1.369671995e+00,1.001574434e+00,-7.174749249e-02,1.625759149e-01
18.940000,2.125572031e+01,4.635642864e+00,1.371297751e+00,1.001573371e+00,-7.174648112e-02,1.625752820e-01
18.950000,2.125840057e+01,4.645319937e+00,1.372923501e+00,1.001572321e+00,-7.174547629e-02,1.625746533e-01
18.960000,2.126106509e+01,4.655001347e+00,1.374549244e+00,1.001571286e+00,-7.174447798e-02,1.625740289e-01
18.970000,2.126371384e+01,4.664687068e+00,1.376174981e+00,1.001570264e+00,-7.174348614e-02,1.625734088e-01
18.980000,2.126634684e+01,4.674377074e+00,1.377800712e+00,1.001569256e+00,-7.174250074e-02,1.625727929e-01
18.990000,2.126896407e+01,4.684071340e+00,1.379426437e+00,1.001568262e+00,-7.174152173e-02,1.625721812e-01
19.000000,2.127156552e+01,4.693769839e+00,1.381052156e+00,1.001567281e+00,-7.174054909e-02,1.625715737e-01
19.010000,2.127415119e+01,4.703472548e+00,1.382677868e+00,1.001566313e+00,-7.173958279e-02,1.625709703e-01
19.020000,2.127672107e+01,4.713179440e+00,1.384303575e+00,1.001565358e+00,-7.173862277e-02,1.625703710e-01
19.030000,2.127927516e+01,4.722890489e+00,1.385929276e+00,1.001564415e+00,-7.173766901e-02,1.625697759e-01
19.040000,2.128181344e+01,4.732605670e+00,1.387554971e+00,1.001563486e+00,-7.173672148e-02,1.625691848e-01
19.050000,2.128433592e+01,4.742324957e+00,1.389180660e+00,1.001562569e+00,-7.173578014e-02,1.625685978e-01
19.060000,2.128684258e+01,4.752048325e+00,1.390806343e+00,1.001561665e+00,-7.173484494e-02,1.625680148e-01
19.070000,2.128933342e+01,4.761775748e+00,1.392432020e+00,1.001560772e+00,-7.173391587e-02,1.625674358e-01
19.080000,2.129180844e+01,4.771507200e+00,1.394057691e+00,1.001559893e+00,-7.173299288e-02,1.625668608e-01
19.090000,2.129426762e+01,4.781242656e+00,1.395683357e+00,1.001559025e+00,-7.173207594e-02,1.625662897e-01
19.100000,2.129671096e+01,4.790982090e+00,1.397309017e+00,1.001558169e+00,-7.173116501e-02,1.625657225e-01
19.110000,2.129913845e+01,4.800725477e+00,1.398934672e+00,1.001557324e+00,-7.173026007e-02,1.625651593e-01
19.120000,2.130155009e+01,4.810472790e+00,1.400560320e+00,1.001556492e+00,-7.172936107e-02,1.625645999e-01
19.130000,2.130394587e+01,4.820224004e+00,1.402185964e+00,1.001555671e+00,-7.172846798e-02,1.625640444e-01
19.140000,2.130632579e+01,4.829979093e+00,1.403811601e+00,1.001554861e+00,-7.172758078e-02,1.625634928e-01
19.150000,2.130868983e+01,4.839738032e+00,1.405437233e+00,1.001554062e+00,-7.172669941e-02,1.625629449e-01
19.160000,2.131103800e+01,4.849500794e+00,1.407062860e+00,1.001553275e+00,-7.172582386e-02,1.625624008e-01
19.170000,2.131337028e+01,4.859267355e+00,1.408688482e+00,1.001552499e+00,-7.172495409e-02,1.625618605e-01
19.180000,2.131568667e+01,4.869037687e+00,1.410314097e+00,1.001551733e+00,-7.172409006e-02,1.625613239e-01
19.190000,2.131798717e+01,4.878811767e+00,1.411939708e+00,1.001550978e+00,-7.172323174e-02,1.625607910e-01
19.200000,2.132027177e+01,4.888589567e+00,1.413565313e+00,1.001550234e+00,-7.172237910e-02,1.625602618e-01
19.210000,2.132254046e+01,4.898371062e+00,1.415190913e+00,1.001549501e+00,-7.172153211e-02,1.625597363e-01
19.220000,2.132479323e+01,4.908156226e+00,1.416816508e+00,1.001548778e+00,-7.172069073e-02,1.625592144e-01
19.230000,2.132703009e+01,4.917945034e+00,1.418442098e+00,1.001548065e+00,-7.171985493e-02,1.625586962e-01
19.240000,2.132925102e+01,4.927737459e+00,1.420067682e+00,1.001547362e+00,-7.171902468e-02,1.625581815e-01
19.250000,2.133145602e+01,4.937533475e+00,1.421693261e+00,1.001546669e+00,-7.171819994e-02,1.625576704e-01
19.260000,2.133364509e+01,4.947333058e+00,1.423318835e+00,1.001545986e+00,-7.171738069e-02,1.625571629e-01
19.270000,2.133581821e+01,4.957136181e+00,1.424944404e+00,1.001545313e+00,-7.171656689e-02,1.625566589e-01
19.280000,2.133797539e+01,4.966942817e+00,1.426569969e+00,1.001544650e+00,-7.171575851e-02,1.625561584e-01
19.290000,2.134011661e+01,4.976752943e+00,1.428195528e+00,1.001543996e+00,-7.171495552e-02,1.625556614e-01
19.300000,2.134224188e+01,4.986566530e+00,1.429821082e+00,1.001543352e+00,-7.171415788e-02,1.625551678e-01
19.310000,2.134435118e+01,4.996383554e+00,1.431446631e+00,1.001542717e+00,-7.171336557e-02,1.625546777e-01
19.320000,2.134644451e+01,5.006203989e+00,1.433072175e+00,1.001542092e+00,-7.171257855e-02,1.625541911e-01
19.330000,2.134852186e+01,5.016027808e+00,1.434697715e+00,1.001541475e+00,-7.171179680e-02,1.625537078e-01
19.340000,2.135058324e+01,5.025854987e+00,1.436323250e+00,1.001540868e+00,-7.171102027e-02,1.625532279e-01
19.350000,2.135262863e+01,5.035685498e+00,1.437948779e+00,1.001540270e+00,-7.171024895e-02,1.625527514e-01
19.360000,2.135465803e+01,5.045519316e+00,1.439574305e+00,1.001539680e+00,-7.170948279e-02,1.625522781e-01
19.370000,2.135667143e+01,5.055356415e+00,1.441199825e+00,1.001539099e+00,-7.170872178e-02,1.625518083e-01
19.380000,2.135866883e+01,5.065196769e+00,1.442825341e+00,1.001538527e+00,-7.170796588e-02,1.625513417e-01
19.390000,2.136065023e+01,5.075040353e+00,1.444450852e+00,1.001537964e+00,-7.170721505e-02,1.625508783e-01
19.400000,2.136261561e+01,5.084887139e+00,1.446076358e+00,1.001537409e+00,-7.170646927e-02,1.625504182e-01
19.410000,2.136456498e+01,5.094737103e+00,1.447701860e+00,1.001536862e+00,-7.170572851e-02,1.625499614e-01
19.420000,2.136649832e+01,5.104590218e+00,1.449327358e+00,1.001536323e+00,-7.170499274e-02,1.625495078e-01
19.430000,2.136841564e+01,5.114446458e+00,1.450952850e+00,1.001535793e+00,-7.170426193e-02,1.625490573e-01
19.440000,2.137031693e+01,5.124305797e+00,1.452578339e+00,1.001535270e+00,-7.170353604e-02,1.625486100e-01
19.450000,2.137220218e+01,5.134168210e+00,1.454203823e+00,1.001534756e+00,-7.170281506e-02,1.625481659e-01
19.460000,2.137407139e+01,5.144033670e+00,1.455829302e+00,1.001534250e+00,-7.170209894e-02,1.625477249e-01
19.470000,2.137592455e+01,5.153902150e+00,1.457454777e+00,1.001533751e+00,-7.170138767e-02,1.625472870e-01
19.480000,2.137776166e+01,5.163773626e+00,1.459080248e+00,1.001533260e+00,-7.170068121e-02,1.625468522e-01
19.490000,2.137958272e+01,5.173648071e+00,1.460705714e+00,1.001532776e+00,-7.169997953e-02,1.625464204e-01
19.500000,2.138138772e+01,5.183525459e+00,1.462331176e+00,1.001532300e+00,-7.169928260e-02,1.625459918e-01
19.510000,2.138317665e+01,5.193405764e+00,1.463956634e+00,1.001531832e+00,-7.169859040e-02,1.625455661e-01
19.520000,2.138494951e+01,5.203288960e+00,1.465582088e+00,1.001531371e+00,-7.169790290e-02,1.625451434e-01
19.530000,2.138670629e+01,5.213175021e+00,1.467207537e+00,1.001530917e+00,-7.169722007e-02,1.625447238e-01
19.540000,2.138844700e+01,5.223063920e+00,1.468832982e+00,1.001530470e+00,-7.169654187e-02,1.625443071e-01
19.550000,2.139017163e+01,5.232955632e+00,1.470458423e+00,1.001530031e+00,-7.169586829e-02,1.625438933e-01
19.560000,2.139188016e+01,5.242850131e+00,1.472083860e+00,1.001529598e+00,-7.169519929e-02,1.625434825e-01
19.570000,2.139357261e+01,5.252747390e+00,1.473709293e+00,1.001529172e+00,-7.169453485e-02,1.625430746e-01
19.580000,2.139524896e+01,5.262647383e+00,1.475334721e+00,1.001528753e+00,-7.169387494e-02,1.625426696e-01
19.590000,2.139690920e+01,5.272550084e+00,1.476960146e+00,1.001528341e+00,-7.169321953e-02,1.625422675e-01
19.600000,2.139855335e+01,5.282455468e+00,1.478585567e+00,1.001527935e+00,-7.169256859e-02,1.625418682e-01
19.610000,2.140018138e+01,5.292363507e+00,1.480210983e+00,1.001527537e+00,-7.169192210e-02,1.625414718e-01
19.620000,2.140179330e+01,5.302274176e+00,1.481836396e+00,1.001527144e+00,-7.169128003e-02,1.625410782e-01
19.630000,2.140338910e+01,5.312187449e+00,1.483461805e+00,1.001526758e+00,-7.169064235e-02,1.625406874e-01
19.640000,2.140496878e+01,5.322103300e+00,1.485087210e+00,1.001526379e+00,-7.169000903e-02,1.625402994e-01
19.650000,2.140653233e+01,5.332021701e+00,1.486712611e+00,1.001526005e+00,-7.168938005e-02,1.625399141e-01
19.660000,2.140807976e+01,5.341942628e+00,1.488338008e+00,1.001525638e+00,-7.168875539e-02,1.625395316e-01
19.670000,2.140961105e+01,5.351866054e+00,1.489963402e+00,1.001525277e+00,-7.168813501e-02,1.625391518e-01
19.680000,2.141112620e+01,5.361791952e+00,1.491588791e+00,1.001524922e+00,-7.168751889e-02,1.625387748e-01
19.690000,2.141262521e+01,5.371720297e+00,1.493214177e+00,1.001524573e+00,-7.168690700e-02,1.625384004e-01
19.700000,2.141410807e+01,5.381651062e+00,1.494839559e+00,1.001524230e+00,-7.168629932e-02,1.625380287e-01
19.710000,2.141557479e+01,5.391584222e+00,1.496464938e+00,1.001523893e+00,-7.168569582e-02,1.625376596e-01
19.720000,2.141702535e+01,5.401519749e+00,1.498090313e+00,1.001523561e+00,-7.168509647e-02,1.625372932e-01
19.730000,2.141845975e+01,5.411457619e+00,1.499715684e+00,1.001523236e+00,-7.168450125e-02,1.625369294e-01
19.740000,2.141987800e+01,5.421397803e+00,1.501341051e+00,1.001522916e+00,-7.168391014e-02,1.625365683e-01
19.750000,2.142128008e+01,5.431340277e+00,1.502966415e+00,1.001522601e+00,-7.168332310e-02,1.625362097e-01
19.760000,2.142266599e+01,5.441285014e+00,1.504591775e+00,1.001522292e+00,-7.168274012e-02,1.625358537e-01
19.770000,2.142403573e+01,5.451231988e+00,1.506217132e+00,1.001521988e+00,-7.168216116e-02,1.625355002e-01
19.780000,2.142538929e+01,5.461181172e+00,1.507842485e+00,1.001521690e+00,-7.168158620e-02,1.625351493e-01
19.790000,2.142672668e+01,5.471132541e+00,1.509467835e+00,1.001521397e+00,-7.168101523e-02,1.625348009e-01
19.800000,2.142804788e+01,5.481086068e+00,1.511093181e+00,1.001521109e+00,-7.168044820e-02,1.625344550e-01
19.810000,2.142935290e+01,5.491041726e+00,1.512718524e+00,1.001520827e+00,-7.167988511e-02,1.625341116e-01
19.820000,2.143064173e+01,5.500999490e+00,1.514343864e+00,1.001520549e+00,-7.167932591e-02,1.625337707e-01
19.830000,2.143191437e+01,5.510959333e+00,1.515969200e+00,1.001520277e+00,-7.167877060e-02,1.625334322e-01
19.840000,2.143317081e+01,5.520921229e+00,1.517594532e+00,1.001520009e+00,-7.167821914e-02,1.625330962e-01
19.850000,2.143441105e+01,5.530885152e+00,1.519219862e+00,1.001519747e+00,-7.167767151e-02,1.625327625e-01
19.860000,2.143563510e+01,5.540851074e+00,1.520845188e+00,1.001519489e+00,-7.167712769e-02,1.625324313e-01
19.870000,2.143684293e+01,5.550818971e+00,1.522470510e+00,1.001519236e+00,-7.167658765e-02,1.625321025e-01
19.880000,2.143803456e+01,5.560788816e+00,1.524095830e+00,1.001518988e+00,-7.167605137e-02,1.625317761e-01
19.890000,2.143920998e+01,5.570760582e+00,1.525721146e+00,1.001518744e+00,-7.167551882e-02,1.625314520e-01
19.900000,2.144036918e+01,5.580734243e+00,1.527346459e+00,1.001518505e+00,-7.167498998e-02,1.625311303e-01
19.910000,2.144151217e+01,5.590709773e+00,1.528971768e+00,1.001518271e+00,-7.167446484e-02,1.625308109e-01
19.920000,2.144263893e+01,5.600687145e+00,1.530597075e+00,1.001518041e+00,-7.167394335e-02,1.625304938e-01
19.930000,2.144374948e+01,5.610666334e+00,1.532222378e+00,1.001517815e+00,-7.167342551e-02,1.625301790e-01
19.940000,2.144484379e+01,5.620647312e+00,1.533847678e+00,1.001517594e+00,-7.167291129e-02,1.625298664e-01
19.950000,2.144592188e+01,5.630630053e+00,1.535472976e+00,1.001517378e+00,-7.167240066e-02,1.625295562e-01
19.960000,2.144698374e+01,5.640614532e+00,1.537098270e+00,1.001517165e+00,-7.167189361e-02,1.625292482e-01
19.970000,2.144802936e+01,5.650600721e+00,1.538723561e+00,1.001516957e+00,-7.167139010e-02,1.625289424e-01
19.980000,2.144905875e+01,5.660588595e+00,1.540348848e+00,1.001516753e+00,-7.167089013e-02,1.625286389e-01
19.990000,2.145007189e+01,5.670578126e+00,1.541974133e+00,1.001516553e+00,-7.167039365e-02,1.625283375e-01
20.000000,2.145106880e+01,5.680569289e+00,1.543599415e+00,1.001516357e+00,-7.166990066e-02,1.625280384e-01
20.010000,2.145204945e+01,5.690562058e+00,1.545224694e+00,1.001516165e+00,-7.166941113e-02,1.625277414e-01
20.020000,2.145301387e+01,5.700556405e+00,1.546849970e+00,1.001515977e+00,-7.166892504e-02,1.625274466e-01
20.030000,2.145396203e+01,5.710552305e+00,1.548475243e+00,1.001515793e+00,-7.166844237e-02,1.625271539e-01
20.040000,2.145489394e+01,5.720549731e+00,1.550100513e+00,1.001515613e+00,-7.166796309e-02,1.625268634e-01
20.050000,2.145580959e+01,5.730548657e+00,1.551725780e+00,1.001515437e+00,-7.166748718e-02,1.625265750e-01
20.060000,2.145670899e+01,5.740549056e+00,1.553351045e+00,1.001515264e+00,-7.166701463e-02,1.625262887e-01
20.070000,2.145759213e+01,5.750550901e+00,1.554976306e+00,1.001515095e+00,-7.166654540e-02,1.625260045e-01
20.080000,2.145845901e+01,5.760554168e+00,1.556601565e+00,1.001514930e+00,-7.166607948e-02,1.625257223e-01
20.090000,2.145930962e+01,5.770558828e+00,1.558226821e+00,1.001514768e+00,-7.166561685e-02,1.625254422e-01
20.100000,2.146014397e+01,5.780564856e+00,1.559852074e+00,1.001514610e+00,-7.166515749e-02,1.625251642e-01
20.110000,2.146096205e+01,5.790572226e+00,1.561477324e+00,1.001514456e+00,-7.166470137e-02,1.625248882e-01
20.120000,2.146176386e+01,5.800580910e+00,1.563102571e+00,1.001514304e+00,-7.166424847e-02,1.625246142e-01
20.130000,2.146254940e+01,5.810590883e+00,1.564727816e+00,1.001514157e+00,-7.166379878e-02,1.625243422e-01
20.140000,2.146331867e+01,5.820602118e+00,1.566353058e+00,1.001514013e+00,-7.166335227e-02,1.625240723e-01
20.150000,2.146407165e+01,5.830614589e+00,1.567978298e+00,1.001513872e+00,-7.166290892e-02,1.625238043e-01
20.160000,2.146480836e+01,5.840628268e+00,1.569603534e+00,1.001513734e+00,-7.166246872e-02,1.625235382e-01
20.170000,2.146552879e+01,5.850643131e+00,1.571228768e+00,1.001513600e+00,-7.166203163e-02,1.625232742e-01
20.180000,2.146623294e+01,5.860659149e+00,1.572854000e+00,1.001513468e+00,-7.166159765e-02,1.625230120e-01
20.190000,2.146692081e+01,5.870676298e+00,1.574479229e+00,1.001513340e+00,-7.166116675e-02,1.625227518e-01
20.200000,2.146759238e+01,5.880694550e+00,1.576104455e+00,1.001513216e+00,-7.166073890e-02,1.625224935e-01
20.210000,2.146824768e+01,5.890713879e+00,1.577729678e+00,1.001513094e+00,-7.166031410e-02,1.625222371e-01
20.220000,2.146888668e+01,5.900734258e+00,1.579354900e+00,1.001512975e+00,-7.165989232e-02,1.625219826e-01
20.230000,2.146950939e+01,5.910755662e+00,1.580980118e+00,1.001512859e+00,-7.165947354e-02,1.625217299e-01
20.240000,2.147011581e+01,5.920778063e+00,1.582605334e+00,1.001512746e+00,-7.165905774e-02,1.625214791e-01
20.250000,2.147070594e+01,5.930801435e+00,1.584230548e+00,1.001512637e+00,-7.165864491e-02,1.625212302e-01
20.260000,2.147127977e+01,5.940825752e+00,1.585855759e+00,1.001512530e+00,-7.165823502e-02,1.625209831e-01
20.270000,2.147183731e+01,5.950850988e+00,1.587480967e+00,1.001512425e+00,-7.165782805e-02,1.625207378e-01
20.280000,2.147237855e+01,5.960877115e+00,1.589106174e+00,1.001512324e+00,-7.165742399e-02,1.625204944e-01
20.290000,2.147290349e+01,5.970904107e+00,1.590731377e+00,1.001512225e+00,-7.165702281e-02,1.625202527e-01
20.300000,2.147341213e+01,5.980931938e+00,1.592356579e+00,1.001512130e+00,-7.165662450e-02,1.625200128e-01
20.310000,2.147390446e+01,5.990960582e+00,1.593981778e+00,1.001512036e+00,-7.165622904e-02,1.625197747e-01
20.320000,2.147438050e+01,6.000990011e+00,1.595606974e+00,1.001511946e+00,-7.165583641e-02,1.625195384e-01
20.330000,2.147484023e+01,6.011020200e+00,1.597232168e+00,1.001511858e+00,-7.165544659e-02,1.625193038e-01
20.340000,2.147528365e+01,6.021051122e+00,1.598857360e+00,1.001511773e+00,-7.165505956e-02,1.625190709e-01
20.350000,2.147571077e+01,6.031082750e+00,1.600482550e+00,1.001511690e+00,-7.165467530e-02,1.625188398e-01
20.360000,2.147612158e+01,6.041115059e+00,1.602107737e+00,1.001511610e+00,-7.165429380e-02,1.625186104e-01
20.370000,2.147651608e+01,6.051148020e+00,1.603732922e+00,1.001511532e+00,-7.165391504e-02,1.625183826e-01
20.380000,2.147689427e+01,6.061181609e+00,1.605358105e+00,1.001511456e+00,-7.165353900e-02,1.625181566e-01
20.390000,2.147725615e+01,6.071215798e+00,1.606983285e+00,1.001511383e+00,-7.165316566e-02,1.625179323e-01
20.400000,2.147760172e+01,6.081250561e+00,1.608608463e+00,1.001511313e+00,-7.165279500e-02,1.625177096e-01
20.410000,2.147793098e+01,6.091285872e+00,1.610233639e+00,1.001511244e+00,-7.165242701e-02,1.625174885e-01
20.420000,2.147824392e+01,6.101321704e+00,1.611858813e+00,1.001511179e+00,-7.165206166e-02,1.625172692e-01
20.430000,2.147854055e+01,6.111358030e+00,1.613483985e+00,1.001511115e+00,-7.165169895e-02,1.625170514e-01
20.440000,2.147882087e+01,6.121394824e+00,1.615109154e+00,1.001511053e+00,-7.165133885e-02,1.625168353e-01
20.450000,2.147908487e+01,6.131432060e+00,1.616734321e+00,1.001510994e+00,-7.165098135e-02,1.625166207e-01
20.460000,2.147933255e+01,6.141469711e+00,1.618359486e+00,1.001510937e+00,-7.165062643e-02,1.625164078e-01
20.470000,2.147956392e+01,6.151507751e+00,1.619984650e+00,1.001510882e+00,-7.165027406e-02,1.625161965e-01
20.480000,2.147977897e+01,6.161546152e+00,1.621609810e+00,1.001510829e+00,-7.164992424e-02,1.625159867e-01
20.490000,2.147997770e+01,6.171584889e+00,1.623234969e+00,1.001510779e+00,-7.164957695e-02,1.625157785e-01
20.500000,2.148016011e+01,6.181623935e+00,1.624860126e+00,1.001510730e+00,-7.164923217e-02,1.625155719e-01
20.510000,2.148032621e+01,6.191663264e+00,1.626485281e+00,1.001510683e+00,-7.164888989e-02,1.625153668e-01
20.520000,2.148047598e+01,6.201702849e+00,1.628110433e+00,1.001510639e+00,-7.164855008e-02,1.625151632e-01
20.530000,2.148060944e+01,6.211742663e+00,1.629735584e+00,1.001510596e+00,-7.164821273e-02,1.625149612e-01
20.540000,2.148072658e+01,6.221782680e+00,1.631360733e+00,1.001510555e+00,-7.164787783e-02,1.625147606e-01
20.550000,2.148082739e+01,6.231822873e+00,1.632985879e+00,1.001510516e+00,-7.164754535e-02,1.625145616e-01
20.560000,2.148091189e+01,6.241863217e+00,1.634611024e+00,1.001510479e+00,-7.164721529e-02,1.625143641e-01
20.570000,2.148098007e+01,6.251903684e+00,1.636236166e+00,1.001510444e+00,-7.164688762e-02,1.625141680e-01
20.580000,2.148103192e+01,6.261944248e+00,1.637861307e+00,1.001510411e+00,-7.164656233e-02,1.625139734e-01
20.590000,2.148106746e+01,6.271984883e+00,1.639486446e+00,1.001510380e+00,-7.164623941e-02,1.625137803e-01
20.600000,2.148108667e+01,6.282025561e+00,1.641111583e+00,1.001510350e+00,-7.164591883e-02,1.625135886e-01
20.610000,2.148108957e+01,6.292066257e+00,1.642736718e+00,1.001510322e+00,-7.164560059e-02,1.625133983e-01
20.620000,2.148107614e+01,6.302106944e+00,1.644361851e+00,1.001510296e+00,-7.164528466e-02,1.625132095e-01
20.630000,2.148104639e+01,6.312147596e+00,1.645986982e+00,1.001510271e+00,-7.164497103e-02,1.625130221e-01
20.640000,2.148100032e+01,6.322188185e+00,1.647612111e+00,1.001510248e+00,-7.164465969e-02,1.625128361e-01
20.650000,2.148093794e+01,6.332228686e+00,1.649237239e+00,1.001510227e+00,-7.164435062e-02,1.625126515e-01
20.660000,2.148085923e+01,6.342269071e+00,1.650862364e+00,1.001510207e+00,-7.164404380e-02,1.625124683e-01
20.670000,2.148076420e+01,6.352309315e+00,1.652487488e+00,1.001510189e+00,-7.164373922e-02,1.625122865e-01
20.680000,2.148065285e+01,6.362349391e+00,1.654112610e+00,1.001510173e+00,-7.164343686e-02,1.625121061e-01
20.690000,2.148052519e+01,6.372389273e+00,1.655737730e+00,1.001510158e+00,-7.164313672e-02,1.625119270e-01
20.700000,2.148038120e+01,6.382428933e+00,1.657362849e+00,1.001510144e+00,-7.164283877e-02,1.625117492e-01
20.710000,2.148022090e+01,6.392468345e+00,1.658987965e+00,1.001510133e+00,-7.164254299e-02,1.625115728e-01
20.720000,2.148004428e+01,6.402507484e+00,1.660613080e+00,1.001510122e+00,-7.164224939e-02,1.625113978e-01
20.730000,2.147985134e+01,6.412546321e+00,1.662238193e+00,1.001510113e+00,-7.164195793e-02,1.625112240e-01
20.740000,2.147964208e+01,6.422584832e+00,1.663863304e+00,1.001510106e+00,-7.164166860e-02,1.625110516e-01
20.750000,2.147941651e+01,6.432622989e+00,1.665488414e+00,1.001510099e+00,-7.164138140e-02,1.625108804e-01
20.760000,2.147917462e+01,6.442660766e+00,1.667113522e+00,1.001510095e+00,-7.164109631e-02,1.625107106e-01
20.770000,2.147891642e+01,6.452698136e+00,1.668738628e+00,1.001510091e+00,-7.164081330e-02,1.625105420e-01
20.780000,2.147864190e+01,6.462735073e+00,1.670363733e+00,1.001510089e+00,-7.164053238e-02,1.625103748e-01
20.790000,2.147835107e+01,6.472771550e+00,1.671988836e+00,1.001510088e+00,-7.164025351e-02,1.625102087e-01
20.800000,2.147804393e+01,6.482807541e+00,1.673613937e+00,1.001510089e+00,-7.163997670e-02,1.625100440e-01
20.810000,2.147772048e+01,6.492843020e+00,1.675239037e+00,1.001510091e+00,-7.163970192e-02,1.625098805e-01
20.820000,2.147738071e+01,6.502877959e+00,1.676864135e+00,1.001510094e+00,-7.163942917e-02,1.625097182e-01
20.830000,2.147702463e+01,6.512912332e+00,1.678489231e+00,1.001510098e+00,-7.163915842e-02,1.625095572e-01
20.840000,2.147665225e+01,6.522946114e+00,1.680114326e+00,1.001510104e+00,-7.163888966e-02,1.625093974e-01
20.850000,2.147626356e+01,6.532979277e+00,1.681739419e+00,1.001510110e+00,-7.163862289e-02,1.625092388e-01
20.860000,2.147585856e+01,6.543011794e+00,1.683364511e+00,1.001510118e+00,-7.163835808e-02,1.625090814e-01
20.870000,2.147543725e+01,6.553043640e+00,1.684989601e+00,1.001510127e+00,-7.163809523e-02,1.625089252e-01
20.880000,2.147499964e+01,6.563074788e+00,1.686614689e+00,1.001510137e+00,-7.163783432e-02,1.625087702e-01
20.890000,2.147454573e+01,6.573105212e+00,1.688239776e+00,1.001510149e+00,-7.163757533e-02,1.625086163e-01
20.900000,2.147407551e+01,6.583134884e+00,1.689864861e+00,1.001510161e+00,-7.163731826e-02,1.625084637e-01
20.910000,2.147358899e+01,6.593163779e+00,1.691489945e+00,1.001510175e+00,-7.163706308e-02,1.625083122e-01
20.920000,2.147308618e+01,6.603191870e+00,1.693115028e+00,1.001510189e+00,-7.163680980e-02,1.625081618e-01
20.930000,2.147256706e+01,6.613219130e+00,1.694740109e+00,1.001510205e+00,-7.163655839e-02,1.625080127e-01
20.940000,2.147203165e+01,6.623245533e+00,1.696365188e+00,1.001510221e+00,-7.163630884e-02,1.625078646e-01
20.950000,2.147147994e+01,6.633271053e+00,1.697990266e+00,1.001510239e+00,-7.163606114e-02,1.625077177e-01
20.960000,2.147091194e+01,6.643295662e+00,1.699615342e+00,1.001510258e+00,-7.163581527e-02,1.625075719e-01
20.970000,2.147032765e+01,6.653319336e+00,1.701240417e+00,1.001510277e+00,-7.163557123e-02,1.625074272e-01
20.980000,2.146972706e+01,6.663342046e+00,1.702865491e+00,1.001510298e+00,-7.163532900e-02,1.625072836e-01
20.990000,2.146911019e+01,6.673363767e+00,1.704490563e+00,1.001510319e+00,-7.163508856e-02,1.625071411e-01
21.000000,2.146847703e+01,6.683384473e+00,1.706115634e+00,1.001510342e+00,-7.163484991e-02,1.625069997e-01
21.010000,2.146782758e+01,6.693404136e+00,1.707740703e+00,1.001510365e+00,-7.163461304e-02,1.625068594e-01
21.020000,2.146716185e+01,6.703422730e+00,1.709365771e+00,1.001510389e+00,-7.163437792e-02,1.625067201e-01
21.030000,2.146647984e+01,6.713440229e+00,1.710990837e+00,1.001510414e+00,-7.163414456e-02,1.625065819e-01
21.040000,2.146578154e+01,6.723456607e+00,1.712615903e+00,1.001510440e+00,-7.163391293e-02,1.625064448e-01
21.050000,2.146506697e+01,6.733471836e+00,1.714240966e+00,1.001510467e+00,-7.163368302e-02,1.625063088e-01
21.060000,2.146433612e+01,6.743485891e+00,1.715866029e+00,1.001510494e+00,-7.163345483e-02,1.625061737e-01
21.070000,2.146358899e+01,6.753498745e+00,1.717491090e+00,1.001510523e+00,-7.163322834e-02,1.625060397e-01
21.080000,2.146282560e+01,6.763510372e+00,1.719116150e+00,1.001510552e+00,-7.163300354e-02,1.625059068e-01
21.090000,2.146204593e+01,6.773520745e+00,1.720741208e+00,1.001510582e+00,-7.163278041e-02,1.625057748e-01
21.100000,2.146124999e+01,6.783529837e+00,1.722366265e+00,1.001510613e+00,-7.163255895e-02,1.625056439e-01
21.110000,2.146043779e+01,6.793537623e+00,1.723991321e+00,1.001510644e+00,-7.163233915e-02,1.625055140e-01
21.120000,2.145960932e+01,6.803544076e+00,1.725616375e+00,1.001510676e+00,-7.163212099e-02,1.625053851e-01
21.130000,2.145876459e+01,6.813549169e+00,1.727241429e+00,1.001510709e+00,-7.163190445e-02,1.625052571e-01
21.140000,2.145790360e+01,6.823552877e+00,1.728866480e+00,1.001510743e+00,-7.163168954e-02,1.625051302e-01
21.150000,2.145702635e+01,6.833555171e+00,1.730491531e+00,1.001510777e+00,-7.163147624e-02,1.625050042e-01
21.160000,2.145613285e+01,6.843556028e+00,1.732116581e+00,1.001510813e+00,-7.163126453e-02,1.625048792e-01
21.170000,2.145522310e+01,6.853555419e+00,1.733741629e+00,1.001510848e+00,-7.163105440e-02,1.625047552e-01
21.180000,2.145429709e+01,6.863553318e+00,1.735366676e+00,1.001510885e+00,-7.163084586e-02,1.625046321e-01
21.190000,2.145335484e+01,6.873549699e+00,1.736991721e+00,1.001510922e+00,-7.163063887e-02,1.625045100e-01
21.200000,2.145239634e+01,6.883544536e+00,1.738616766e+00,1.001510959e+00,-7.163043344e-02,1.625043888e-01
21.210000,2.145142160e+01,6.893537803e+00,1.740241809e+00,1.001510998e+00,-7.163022955e-02,1.625042686e-01
21.220000,2.145043062e+01,6.903529472e+00,1.741866851e+00,1.001511036e+00,-7.163002719e-02,1.625041492e-01
21.230000,2.144942340e+01,6.913519517e+00,1.743491892e+00,1.001511076e+00,-7.162982636e-02,1.625040308e-01
21.240000,2.144839994e+01,6.923507913e+00,1.745116932e+00,1.001511116e+00,-7.162962703e-02,1.625039134e-01
21.250000,2.144736025e+01,6.933494632e+00,1.746741970e+00,1.001511157e+00,-7.162942920e-02,1.625037968e-01
21.260000,2.144630434e+01,6.943479649e+00,1.748367008e+00,1.001511198e+00,-7.162923286e-02,1.625036811e-01
21.270000,2.144523219e+01,6.953462937e+00,1.749992044e+00,1.001511239e+00,-7.162903799e-02,1.625035663e-01
21.280000,2.144414383e+01,6.963444469e+00,1.751617079e+00,1.001511282e+00,-7.162884460e-02,1.625034525e-01
21.290000,2.144303924e+01,6.973424220e+00,1.753242113e+00,1.001511325e+00,-7.162865266e-02,1.625033395e-01
21.300000,2.144191844e+01,6.983402162e+00,1.754867146e+00,1.001511368e+00,-7.162846217e-02,1.625032273e-01
21.310000,2.144078142e+01,6.993378270e+00,1.756492178e+00,1.001511412e+00,-7.162827311e-02,1.625031161e-01
21.320000,2.143962818e+01,7.003352517e+00,1.758117208e+00,1.001511456e+00,-7.162808548e-02,1.625030057e-01
21.330000,2.143845874e+01,7.013324878e+00,1.759742238e+00,1.001511501e+00,-7.162789927e-02,1.625028961e-01
21.340000,2.143727310e+01,7.023295324e+00,1.761367266e+00,1.001511546e+00,-7.162771446e-02,1.625027874e-01
21.350000,2.143607125e+01,7.033263831e+00,1.762992293e+00,1.001511592e+00,-7.162753105e-02,1.625026796e-01
21.360000,2.143485320e+01,7.043230372e+00,1.764617320e+00,1.001511638e+00,-7.162734903e-02,1.625025726e-01
21.370000,2.143361895e+01,7.053194920e+00,1.766242345e+00,1.001511684e+00,-7.162716838e-02,1.625024664e-01
21.380000,2.143236851e+01,7.063157450e+00,1.767867369e+00,1.001511731e+00,-7.162698911e-02,1.625023611e-01
21.390000,2.143110189e+01,7.073117935e+00,1.769492392e+00,1.001511779e+00,-7.162681118e-02,1.625022566e-01
21.400000,2.142981907e+01,7.083076348e+00,1.771117414e+00,1.001511826e+00,-7.162663461e-02,1.625021528e-01
21.410000,2.142852008e+01,7.093032664e+00,1.772742435e+00,1.001511875e+00,-7.162645937e-02,1.625020499e-01
21.420000,2.142720490e+01,7.102986855e+00,1.774367455e+00,1.001511923e+00,-7.162628547e-02,1.625019478e-01
21.430000,2.142587355e+01,7.112938897e+00,1.775992474e+00,1.001511972e+00,-7.162611288e-02,1.625018465e-01
21.440000,2.142452603e+01,7.122888762e+00,1.777617492e+00,1.001512021e+00,-7.162594160e-02,1.625017460e-01
21.450000,2.142316233e+01,7.132836424e+00,1.779242509e+00,1.001512071e+00,-7.162577162e-02,1.625016463e-01
21.460000,2.142178248e+01,7.142781857e+00,1.780867525e+00,1.001512121e+00,-7.162560294e-02,1.625015473e-01
21.470000,2.142038646e+01,7.152725035e+00,1.782492540e+00,1.001512171e+00,-7.162543553e-02,1.625014492e-01
21.480000,2.141897428e+01,7.162665932e+00,1.784117554e+00,1.001512222e+00,-7.162526940e-02,1.625013517e-01
21.490000,2.141754595e+01,7.172604521e+00,1.785742567e+00,1.001512273e+00,-7.162510453e-02,1.625012551e-01
21.500000,2.141610147e+01,7.182540775e+00,1.787367579e+00,1.001512324e+00,-7.162494092e-02,1.625011592e-01
21.510000,2.141464084e+01,7.192474670e+00,1.788992590e+00,1.001512376e+00,-7.162477855e-02,1.625010641e-01
21.520000,2.141316408e+01,7.202406178e+00,1.790617600e+00,1.001512428e+00,-7.162461742e-02,1.625009697e-01
21.530000,2.141167117e+01,7.212335273e+00,1.792242610e+00,1.001512480e+00,-7.162445752e-02,1.625008760e-01
21.540000,2.141016213e+01,7.222261929e+00,1.793867618e+00,1.001512533e+00,-7.162429883e-02,1.625007831e-01
21.550000,2.140863695e+01,7.232186120e+00,1.795492625e+00,1.001512585e+00,-7.162414136e-02,1.625006909e-01
21.560000,2.140709565e+01,7.242107820e+00,1.797117632e+00,1.001512638e+00,-7.162398509e-02,1.625005994e-01
21.570000,2.140553823e+01,7.252027002e+00,1.798742637e+00,1.001512692e+00,-7.162383001e-02,1.625005086e-01
21.580000,2.140396469e+01,7.261943640e+00,1.800367642e+00,1.001512745e+00,-7.162367612e-02,1.625004186e-01
21.590000,2.140237504e+01,7.271857709e+00,1.801992646e+00,1.001512799e+00,-7.162352340e-02,1.625003293e-01
21.600000,2.140076927e+01,7.281769181e+00,1.803617649e+00,1.001512853e+00,-7.162337185e-02,1.625002406e-01
21.610000,2.139914740e+01,7.291678032e+00,1.805242651e+00,1.001512907e+00,-7.162322146e-02,1.625001527e-01
21.620000,2.139750943e+01,7.301584233e+00,1.806867652e+00,1.001512962e+00,-7.162307222e-02,1.625000654e-01
21.630000,2.139585536e+01,7.311487760e+00,1.808492652e+00,1.001513016e+00,-7.162292413e-02,1.624999789e-01
21.640000,2.139418520e+01,7.321388587e+00,1.810117651e+00,1.001513071e+00,-7.162277716e-02,1.624998930e-01
21.650000,2.139249895e+01,7.331286686e+00,1.811742650e+00,1.001513126e+00,-7.162263133e-02,1.624998078e-01
21.660000,2.139079662e+01,7.341182032e+00,1.813367647e+00,1.001513181e+00,-7.162248661e-02,1.624997233e-01
21.670000,2.138907821e+01,7.351074600e+00,1.814992644e+00,1.001513237e+00,-7.162234300e-02,1.624996394e-01
21.680000,2.138734372e+01,7.360964362e+00,1.816617640e+00,1.001513292e+00,-7.162220050e-02,1.624995562e-01
21.690000,2.138559317e+01,7.370851292e+00,1.818242635e+00,1.001513348e+00,-7.162205909e-02,1.624994736e-01
21.700000,2.138382655e+01,7.380735365e+00,1.819867630e+00,1.001513404e+00,-7.162191876e-02,1.624993917e-01
21.710000,2.138204386e+01,7.390616555e+00,1.821492623e+00,1.001513460e+00,-7.162177952e-02,1.624993105e-01
21.720000,2.138024512e+01,7.400494835e+00,1.823117616e+00,1.001513516e+00,-7.162164134e-02,1.624992299e-01
21.730000,2.137843033e+01,7.410370179e+00,1.824742608e+00,1.001513573e+00,-7.162150423e-02,1.624991499e-01
21.740000,2.137659950e+01,7.420242561e+00,1.826367599e+00,1.001513629e+00,-7.162136817e-02,1.624990706e-01
21.750000,2.137475262e+01,7.430111955e+00,1.827992589e+00,1.001513686e+00,-7.162123316e-02,1.624989919e-01
21.760000,2.137288971e+01,7.439978335e+00,1.829617579e+00,1.001513743e+00,-7.162109919e-02,1.624989138e-01
21.770000,2.137101076e+01,7.449841675e+00,1.831242567e+00,1.001513800e+00,-7.162096626e-02,1.624988363e-01
21.780000,2.136911579e+01,7.459701950e+00,1.832867555e+00,1.001513857e+00,-7.162083434e-02,1.624987594e-01
21.790000,2.136720479e+01,7.469559132e+00,1.834492543e+00,1.001513914e+00,-7.162070345e-02,1.624986832e-01
21.800000,2.136527778e+01,7.479413195e+00,1.836117529e+00,1.001513971e+00,-7.162057356e-02,1.624986075e-01
21.810000,2.136333476e+01,7.489264115e+00,1.837742515e+00,1.001514028e+00,-7.162044468e-02,1.624985325e-01
21.820000,2.136137573e+01,7.499111865e+00,1.839367500e+00,1.001514086e+00,-7.162031679e-02,1.624984580e-01
21.830000,2.135940070e+01,7.508956418e+00,1.840992484e+00,1.001514143e+00,-7.162018989e-02,1.624983842e-01
21.840000,2.135740967e+01,7.518797749e+00,1.842617467e+00,1.001514201e+00,-7.162006398e-02,1.624983109e-01
21.850000,2.135540266e+01,7.528635832e+00,1.844242450e+00,1.001514258e+00,-7.161993903e-02,1.624982382e-01
21.860000,2.135337965e+01,7.538470641e+00,1.845867432e+00,1.001514316e+00,-7.161981506e-02,1.624981661e-01
21.870000,2.135134067e+01,7.548302150e+00,1.847492413e+00,1.001514374e+00,-7.161969204e-02,1.624980946e-01
21.880000,2.134928571e+01,7.558130333e+00,1.849117394e+00,1.001514432e+00,-7.161956997e-02,1.624980236e-01
21.890000,2.134721479e+01,7.567955163e+00,1.850742374e+00,1.001514489e+00,-7.161944885e-02,1.624979532e-01
21.900000,2.134512790e+01,7.577776616e+00,1.852367353e+00,1.001514547e+00,-7.161932867e-02,1.624978833e-01
21.910000,2.134302505e+01,7.587594665e+00,1.853992332e+00,1.001514605e+00,-7.161920943e-02,1.624978140e-01
21.920000,2.134090625e+01,7.597409284e+00,1.855617309e+00,1.001514663e+00,-7.161909110e-02,1.624977453e-01
21.930000,2.133877150e+01,7.607220447e+00,1.857242287e+00,1.001514721e+00,-7.161897370e-02,1.624976771e-01
21.940000,2.133662081e+01,7.617028129e+00,1.858867263e+00,1.001514779e+00,-7.161885721e-02,1.624976094e-01
21.950000,2.133445418e+01,7.626832303e+00,1.860492239e+00,1.001514838e+00,-7.161874162e-02,1.624975423e-01
21.960000,2.133227163e+01,7.636632944e+00,1.862117214e+00,1.001514896e+00,-7.161862693e-02,1.624974758e-01
21.970000,2.133007315e+01,7.646430025e+00,1.863742188e+00,1.001514954e+00,-7.161851313e-02,1.624974097e-01
21.980000,2.132785875e+01,7.656223521e+00,1.865367162e+00,1.001515012e+00,-7.161840022e-02,1.624973442e-01
21.990000,2.132562844e+01,7.666013406e+00,1.866992135e+00,1.001515070e+00,-7.161828819e-02,1.624972792e-01
22.000000,2.132338223e+01,7.675799655e+00,1.868617108e+00,1.001515128e+00,-7.161817702e-02,1.624972147e-01
22.010000,2.132112011e+01,7.685582240e+00,1.870242079e+00,1.001515186e+00,-7.161806673e-02,1.624971508e-01
22.020000,2.131884210e+01,7.695361137e+00,1.871867051e+00,1.001515245e+00,-7.161795729e-02,1.624970873e-01
22.030000,2.131654820e+01,7.705136320e+00,1.873492021e+00,1.001515303e+00,-7.161784871e-02,1.624970244e-01
22.040000,2.131423841e+01,7.714907762e+00,1.875116991e+00,1.001515361e+00,-7.161774098e-02,1.624969620e-01
22.050000,2.131191275e+01,7.724675438e+00,1.876741960e+00,1.001515419e+00,-7.161763408e-02,1.624969000e-01
22.060000,2.130957122e+01,7.734439323e+00,1.878366929e+00,1.001515477e+00,-7.161752802e-02,1.624968386e-01
22.070000,2.130721383e+01,7.744199390e+00,1.879991897e+00,1.001515535e+00,-7.161742279e-02,1.624967776e-01
22.080000,2.130484058e+01,7.753955614e+00,1.881616865e+00,1.001515593e+00,-7.161731838e-02,1.624967172e-01
22.090000,2.130245147e+01,7.763707968e+00,1.883241832e+00,1.001515651e+00,-7.161721478e-02,1.624966572e-01
22.100000,2.130004653e+01,7.773456428e+00,1.884866798e+00,1.001515709e+00,-7.161711200e-02,1.624965977e-01
22.110000,2.129762574e+01,7.783200967e+00,1.886491763e+00,1.001515767e+00,-7.161701002e-02,1.624965387e-01
22.120000,2.129518912e+01,7.792941560e+00,1.888116729e+00,1.001515825e+00,-7.161690884e-02,1.624964802e-01
22.130000,2.129273667e+01,7.802678181e+00,1.889741693e+00,1.001515883e+00,-7.161680845e-02,1.624964221e-01
22.140000,2.129026841e+01,7.812410804e+00,1.891366657e+00,1.001515941e+00,-7.161670885e-02,1.624963645e-01
22.150000,2.128778433e+01,7.822139404e+00,1.892991620e+00,1.001515999e+00,-7.161661003e-02,1.624963074e-01
22.160000,2.128528444e+01,7.831863954e+00,1.894616583e+00,1.001516056e+00,-7.161651198e-02,1.624962507e-01
22.170000,2.128276876e+01,7.841584430e+00,1.896241545e+00,1.001516114e+00,-7.161641470e-02,1.624961945e-01
22.180000,2.128023728e+01,7.851300805e+00,1.897866507e+00,1.001516172e+00,-7.161631819e-02,1.624961387e-01
22.190000,2.127769002e+01,7.861013054e+00,1.899491468e+00,1.001516229e+00,-7.161622243e-02,1.624960834e-01
22.200000,2.127512697e+01,7.870721151e+00,1.901116429e+00,1.001516287e+00,-7.161612743e-02,1.624960285e-01
22.210000,2.127254815e+01,7.880425071e+00,1.902741389e+00,1.001516344e+00,-7.161603317e-02,1.624959741e-01
22.220000,2.126995357e+01,7.890124787e+00,1.904366348e+00,1.001516402e+00,-7.161593965e-02,1.624959201e-01
22.230000,2.126734323e+01,7.899820276e+00,1.905991307e+00,1.001516459e+00,-7.161584687e-02,1.624958665e-01
22.240000,2.126471713e+01,7.909511509e+00,1.907616266e+00,1.001516516e+00,-7.161575482e-02,1.624958134e-01
22.250000,2.126207529e+01,7.919198463e+00,1.909241223e+00,1.001516573e+00,-7.161566349e-02,1.624957607e-01
22.260000,2.125941771e+01,7.928881112e+00,1.910866181e+00,1.001516630e+00,-7.161557288e-02,1.624957084e-01
22.270000,2.125674440e+01,7.938559429e+00,1.912491138e+00,1.001516687e+00,-7.161548299e-02,1.624956566e-01
22.280000,2.125405537e+01,7.948233390e+00,1.914116094e+00,1.001516744e+00,-7.161539380e-02,1.624956051e-01
22.290000,2.125135062e+01,7.957902969e+00,1.915741050e+00,1.001516801e+00,-7.161530532e-02,1.624955541e-01
22.300000,2.124863016e+01,7.967568140e+00,1.917366005e+00,1.001516858e+00,-7.161521754e-02,1.624955035e-01
22.310000,2.124589399e+01,7.977228878e+00,1.918990960e+00,1.001516914e+00,-7.161513045e-02,1.624954533e-01
22.320000,2.124314213e+01,7.986885158e+00,1.920615914e+00,1.001516971e+00,-7.161504404e-02,1.624954035e-01
22.330000,2.124037458e+01,7.996536953e+00,1.922240868e+00,1.001517027e+00,-7.161495832e-02,1.624953542e-01
22.340000,2.123759135e+01,8.006184239e+00,1.923865821e+00,1.001517083e+00,-7.161487328e-02,1.624953052e-01
22.350000,2.123479245e+01,8.015826989e+00,1.925490774e+00,1.001517140e+00,-7.161478891e-02,1.624952566e-01
22.360000,2.123197788e+01,8.025465179e+00,1.927115726e+00,1.001517196e+00,-7.161470520e-02,1.624952084e-01
22.370000,2.122914765e+01,8.035098783e+00,1.928740678e+00,1.001517252e+00,-7.161462216e-02,1.624951606e-01
22.380000,2.122630177e+01,8.044727776e+00,1.930365629e+00,1.001517307e+00,-7.161453978e-02,1.624951132e-01
22.390000,2.122344024e+01,8.054352131e+00,1.931990580e+00,1.001517363e+00,-7.161445804e-02,1.624950662e-01
22.400000,2.122056308e+01,8.063971824e+00,1.933615531e+00,1.001517419e+00,-7.161437696e-02,1.624950195e-01
22.410000,2.121767030e+01,8.073586830e+00,1.935240481e+00,1.001517474e+00,-7.161429652e-02,1.624949733e-01
22.420000,2.121476189e+01,8.083197122e+00,1.936865430e+00,1.001517530e+00,-7.161421671e-02,1.624949274e-01
22.430000,2.121183786e+01,8.092802676e+00,1.938490379e+00,1.001517585e+00,-7.161413754e-02,1.624948819e-01
22.440000,2.120889823e+01,8.102403466e+00,1.940115328e+00,1.001517640e+00,-7.161405900e-02,1.624948367e-01
22.450000,2.120594301e+01,8.111999467e+00,1.941740276e+00,1.001517695e+00,-7.161398108e-02,1.624947919e-01
22.460000,2.120297219e+01,8.121590654e+00,1.943365224e+00,1.001517750e+00,-7.161390378e-02,1.624947475e-01
22.470000,2.119998579e+01,8.131177000e+00,1.944990171e+00,1.001517805e+00,-7.161382710e-02,1.624947035e-01
22.480000,2.119698382e+01,8.140758482e+00,1.946615118e+00,1.001517860e+00,-7.161375102e-02,1.624946598e-01
22.490000,2.119396628e+01,8.150335072e+00,1.948240064e+00,1.001517914e+00,-7.161367555e-02,1.624946165e-01
22.500000,2.119093318e+01,8.159906748e+00,1.949865010e+00,1.001517969e+00,-7.161360068e-02,1.624945735e-01
22.510000,2.118788453e+01,8.169473482e+00,1.951489956e+00,1.001518023e+00,-7.161352640e-02,1.624945308e-01
22.520000,2.118482034e+01,8.179035250e+00,1.953114901e+00,1.001518077e+00,-7.161345272e-02,1.624944886e-01
22.530000,2.118174062e+01,8.188592026e+00,1.954739845e+00,1.001518131e+00,-7.161337962e-02,1.624944466e-01
22.540000,2.117864537e+01,8.198143786e+00,1.956364790e+00,1.001518185e+00,-7.161330711e-02,1.624944050e-01
22.550000,2.117553460e+01,8.207690503e+00,1.957989734e+00,1.001518239e+00,-7.161323517e-02,1.624943638e-01
22.560000,2.117240832e+01,8.217232153e+00,1.959614677e+00,1.001518292e+00,-7.161316381e-02,1.624943229e-01
22.570000,2.116926654e+01,8.226768711e+00,1.961239620e+00,1.001518346e+00,-7.161309302e-02,1.624942823e-01
22.580000,2.116610927e+01,8.236300152e+00,1.962864563e+00,1.001518399e+00,-7.161302279e-02,1.624942420e-01
22.590000,2.116293651e+01,8.245826449e+00,1.964489505e+00,1.001518452e+00,-7.161295312e-02,1.624942021e-01
22.600000,2.115974828e+01,8.255347579e+00,1.966114447e+00,1.001518505e+00,-7.161288401e-02,1.624941625e-01
22.610000,2.115654458e+01,8.264863516e+00,1.967739388e+00,1.001518558e+00,-7.161281546e-02,1.624941233e-01
22.620000,2.115332542e+01,8.274374234e+00,1.969364329e+00,1.001518611e+00,-7.161274745e-02,1.624940843e-01
22.630000,2.115009080e+01,8.283879710e+00,1.970989270e+00,1.001518663e+00,-7.161267998e-02,1.624940457e-01
22.640000,2.114684075e+01,8.293379917e+00,1.972614210e+00,1.001518716e+00,-7.161261306e-02,1.624940074e-01
22.650000,2.114357526e+01,8.302874830e+00,1.974239150e+00,1.001518768e+00,-7.161254667e-02,1.624939694e-01
22.660000,2.114029435e+01,8.312364425e+00,1.975864089e+00,1.001518820e+00,-7.161248081e-02,1.624939317e-01
22.670000,2.113699802e+01,8.321848676e+00,1.977489029e+00,1.001518872e+00,-7.161241548e-02,1.624938943e-01
22.680000,2.113368628e+01,8.331327559e+00,1.979113967e+00,1.001518924e+00,-7.161235067e-02,1.624938573e-01
22.690000,2.113035914e+01,8.340801048e+00,1.980738906e+00,1.001518975e+00,-7.161228639e-02,1.624938205e-01
22.700000,2.112701662e+01,8.350269118e+00,1.982363844e+00,1.001519027e+00,-7.161222262e-02,1.624937840e-01
22.710000,2.112365871e+01,8.359731745e+00,1.983988781e+00,1.001519078e+00,-7.161215936e-02,1.624937479e-01
22.720000,2.112028543e+01,8.369188903e+00,1.985613719e+00,1.001519129e+00,-7.161209661e-02,1.624937120e-01
22.730000,2.111689678e+01,8.378640567e+00,1.987238656e+00,1.001519180e+00,-7.161203436e-02,1.624936764e-01
22.740000,2.111349279e+01,8.388086713e+00,1.988863592e+00,1.001519231e+00,-7.161197262e-02,1.624936412e-01
22.750000,2.111007344e+01,8.397527315e+00,1.990488528e+00,1.001519282e+00,-7.161191137e-02,1.624936062e-01
22.760000,2.110663876e+01,8.406962349e+00,1.992113464e+00,1.001519332e+00,-7.161185061e-02,1.624935715e-01
22.770000,2.110318875e+01,8.416391789e+00,1.993738400e+00,1.001519382e+00,-7.161179034e-02,1.624935371e-01
22.780000,2.109972342e+01,8.425815611e+00,1.995363335e+00,1.001519433e+00,-7.161173056e-02,1.624935030e-01
22.790000,2.109624279e+01,8.435233790e+00,1.996988270e+00,1.001519483e+00,-7.161167126e-02,1.624934691e-01
22.800000,2.109274685e+01,8.444646301e+00,1.998613204e+00,1.001519532e+00,-7.161161243e-02,1.624934356e-01
22.810000,2.108923562e+01,8.454053119e+00,2.000238139e+00,1.001519582e+00,-7.161155408e-02,1.624934023e-01
22.820000,2.108570912e+01,8.463454219e+00,2.001863073e+00,1.001519632e+00,-7.161149620e-02,1.624933693e-01
22.830000,2.108216733e+01,8.472849577e+00,2.003488006e+00,1.001519681e+00,-7.161143879e-02,1.624933365e-01
22.840000,2.107861029e+01,8.482239168e+00,2.005112939e+00,1.001519730e+00,-7.161138184e-02,1.624933041e-01
22.850000,2.107503799e+01,8.491622966e+00,2.006737872e+00,1.001519779e+00,-7.161132535e-02,1.624932719e-01
22.860000,2.107145045e+01,8.501000947e+00,2.008362805e+00,1.001519828e+00,-7.161126932e-02,1.624932399e-01
22.870000,2.106784768e+01,8.510373087e+00,2.009987737e+00,1.001519877e+00,-7.161121374e-02,1.624932083e-01
22.880000,2.106422967e+01,8.519739360e+00,2.011612669e+00,1.001519925e+00,-7.161115861e-02,1.624931769e-01
22.890000,2.106059646e+01,8.529099742e+00,2.013237600e+00,1.001519973e+00,-7.161110393e-02,1.624931457e-01
22.900000,2.105694804e+01,8.538454208e+00,2.014862532e+00,1.001520021e+00,-7.161104968e-02,1.624931149e-01
22.910000,2.105328442e+01,8.547802734e+00,2.016487463e+00,1.001520069e+00,-7.161099588e-02,1.624930842e-01
22.920000,2.104960561e+01,8.557145294e+00,2.018112393e+00,1.001520117e+00,-7.161094251e-02,1.624930538e-01
22.930000,2.104591163e+01,8.566481864e+00,2.019737324e+00,1.001520165e+00,-7.161088958e-02,1.624930237e-01
22.940000,2.104220248e+01,8.575812420e+00,2.021362254e+00,1.001520212e+00,-7.161083707e-02,1.624929939e-01
22.950000,2.103847817e+01,8.585136937e+00,2.022987184e+00,1.001520259e+00,-7.161078499e-02,1.624929642e-01
22.960000,2.103473872e+01,8.594455390e+00,2.024612113e+00,1.001520307e+00,-7.161073333e-02,1.624929349e-01
22.970000,2.103098413e+01,8.603767754e+00,2.026237042e+00,1.001520353e+00,-7.161068209e-02,1.624929057e-01
22.980000,2.102721441e+01,8.613074005e+00,2.027861971e+00,1.001520400e+00,-7.161063127e-02,1.624928768e-01
22.990000,2.102342957e+01,8.622374119e+00,2.029486900e+00,1.001520447e+00,-7.161058086e-02,1.624928482e-01
23.000000,2.101962963e+01,8.631668070e+00,2.031111828e+00,1.001520493e+00,-7.161053086e-02,1.624928198e-01
23.010000,2.101581459e+01,8.640955835e+00,2.032736756e+00,1.001520539e+00,-7.161048127e-02,1.624927916e-01
23.020000,2.101198446e+01,8.650237388e+00,2.034361684e+00,1.001520585e+00,-7.161043207e-02,1.624927637e-01
23.030000,2.100813925e+01,8.659512706e+00,2.035986612e+00,1.001520631e+00,-7.161038328e-02,1.624927360e-01
23.040000,2.100427898e+01,8.668781764e+00,2.037611539e+00,1.001520677e+00,-7.161033489e-02,1.624927085e-01
23.050000,2.100040365e+01,8.678044536e+00,2.039236466e+00,1.001520722e+00,-7.161028689e-02,1.624926812e-01
23.060000,2.099651327e+01,8.687301000e+00,2.040861392e+00,1.001520768e+00,-7.161023928e-02,1.624926542e-01
23.070000,2.099260785e+01,8.696551130e+00,2.042486319e+00,1.001520813e+00,-7.161019206e-02,1.624926274e-01
23.080000,2.098868741e+01,8.705794902e+00,2.044111245e+00,1.001520858e+00,-7.161014522e-02,1.624926009e-01
23.090000,2.098475196e+01,8.715032292e+00,2.045736171e+00,1.001520902e+00,-7.161009877e-02,1.624925745e-01
23.100000,2.098080149e+01,8.724263274e+00,2.047361097e+00,1.001520947e+00,-7.161005269e-02,1.624925484e-01
23.110000,2.097683604e+01,8.733487826e+00,2.048986022e+00,1.001520991e+00,-7.161000699e-02,1.624925225e-01
23.120000,2.097285559e+01,8.742705922e+00,2.050610947e+00,1.001521036e+00,-7.160996167e-02,1.624924968e-01
23.130000,2.096886018e+01,8.751917538e+00,2.052235872e+00,1.001521080e+00,-7.160991671e-02,1.624924713e-01
23.140000,2.096484980e+01,8.761122650e+00,2.053860796e+00,1.001521123e+00,-7.160987212e-02,1.624924460e-01
23.150000,2.096082447e+01,8.770321233e+00,2.055485721e+00,1.001521167e+00,-7.160982790e-02,1.624924210e-01
23.160000,2.095678419e+01,8.779513264e+00,2.057110645e+00,1.001521211e+00,-7.160978404e-02,1.624923961e-01
23.170000,2.095272899e+01,8.788698717e+00,2.058735569e+00,1.001521254e+00,-7.160974053e-02,1.624923715e-01
23.180000,2.094865886e+01,8.797877569e+00,2.060360492e+00,1.001521297e+00,-7.160969738e-02,1.624923471e-01
23.190000,2.094457382e+01,8.807049795e+00,2.061985416e+00,1.001521340e+00,-7.160965459e-02,1.624923229e-01
23.200000,2.094047388e+01,8.816215372e+00,2.063610339e+00,1.001521383e+00,-7.160961215e-02,1.624922989e-01
23.210000,2.093635906e+01,8.825374275e+00,2.065235262e+00,1.001521425e+00,-7.160957005e-02,1.624922750e-01
23.220000,2.093222936e+01,8.834526479e+00,2.066860184e+00,1.001521468e+00,-7.160952830e-02,1.624922514e-01
23.230000,2.092808479e+01,8.843671961e+00,2.068485107e+00,1.001521510e+00,-7.160948689e-02,1.624922280e-01
23.240000,2.092392536e+01,8.852810697e+00,2.070110029e+00,1.001521552e+00,-7.160944582e-02,1.624922048e-01
23.250000,2.091975109e+01,8.861942662e+00,2.071734951e+00,1.001521594e+00,-7.160940509e-02,1.624921818e-01
23.260000,2.091556199e+01,8.871067832e+00,2.073359872e+00,1.001521636e+00,-7.160936469e-02,1.624921589e-01
23.270000,2.091135806e+01,8.880186184e+00,2.074984794e+00,1.001521677e+00,-7.160932463e-02,1.624921363e-01
23.280000,2.090713932e+01,8.889297692e+00,2.076609715e+00,1.001521718e+00,-7.160928489e-02,1.624921138e-01
23.290000,2.090290578e+01,8.898402334e+00,2.078234636e+00,1.001521760e+00,-7.160924548e-02,1.624920916e-01
23.300000,2.089865746e+01,8.907500084e+00,2.079859557e+00,1.001521800e+00,-7.160920640e-02,1.624920695e-01
23.310000,2.089439435e+01,8.916590920e+00,2.081484478e+00,1.001521841e+00,-7.160916764e-02,1.624920476e-01
23.320000,2.089011648e+01,8.925674816e+00,2.083109398e+00,1.001521882e+00,-7.160912919e-02,1.624920259e-01
23.330000,2.088582385e+01,8.934751749e+00,2.084734318e+00,1.001521922e+00,-7.160909106e-02,1.624920044e-01
23.340000,2.088151648e+01,8.943821696e+00,2.086359238e+00,1.001521963e+00,-7.160905325e-02,1.624919831e-01
23.350000,2.087719437e+01,8.952884631e+00,2.087984158e+00,1.001522003e+00,-7.160901575e-02,1.624919619e-01
23.360000,2.087285755e+01,8.961940532e+00,2.089609077e+00,1.001522042e+00,-7.160897855e-02,1.624919409e-01
23.370000,2.086850601e+01,8.970989374e+00,2.091233997e+00,1.001522082e+00,-7.160894167e-02,1.624919201e-01
23.380000,2.086413978e+01,8.980031133e+00,2.092858916e+00,1.001522122e+00,-7.160890509e-02,1.624918995e-01
23.390000,2.085975885e+01,8.989065785e+00,2.094483835e+00,1.001522161e+00,-7.160886881e-02,1.624918791e-01
23.400000,2.085536326e+01,8.998093307e+00,2.096108753e+00,1.001522200e+00,-7.160883283e-02,1.624918588e-01
23.410000,2.085095300e+01,9.007113675e+00,2.097733672e+00,1.001522239e+00,-7.160879714e-02,1.624918387e-01
23.420000,2.084652808e+01,9.016126865e+00,2.099358590e+00,1.001522278e+00,-7.160876176e-02,1.624918188e-01
23.430000,2.084208853e+01,9.025132853e+00,2.100983508e+00,1.001522317e+00,-7.160872666e-02,1.624917990e-01
23.440000,2.083763435e+01,9.034131616e+00,2.102608426e+00,1.001522355e+00,-7.160869186e-02,1.624917794e-01
23.450000,2.083316555e+01,9.043123128e+00,2.104233344e+00,1.001522393e+00,-7.160865734e-02,1.624917600e-01
23.460000,2.082868215e+01,9.052107368e+00,2.105858261e+00,1.001522431e+00,-7.160862311e-02,1.624917407e-01
23.470000,2.082418415e+01,9.061084311e+00,2.107483178e+00,1.001522469e+00,-7.160858916e-02,1.624917216e-01
23.480000,2.081967157e+01,9.070053934e+00,2.109108096e+00,1.001522507e+00,-7.160855550e-02,1.624917027e-01
23.490000,2.081514443e+01,9.079016212e+00,2.110733013e+00,1.001522545e+00,-7.160852211e-02,1.624916839e-01
23.500000,2.081060272e+01,9.087971122e+00,2.112357929e+00,1.001522582e+00,-7.160848900e-02,1.624916653e-01
23.510000,2.080604647e+01,9.096918641e+00,2.113982846e+00,1.001522619e+00,-7.160845616e-02,1.624916468e-01
23.520000,2.080147569e+01,9.105858744e+00,2.115607762e+00,1.001522656e+00,-7.160842360e-02,1.624916285e-01
23.530000,2.079689038e+01,9.114791409e+00,2.117232678e+00,1.001522693e+00,-7.160839131e-02,1.624916104e-01
23.540000,2.079229057e+01,9.123716611e+00,2.118857594e+00,1.001522730e+00,-7.160835928e-02,1.624915924e-01
23.550000,2.078767626e+01,9.132634327e+00,2.120482510e+00,1.001522766e+00,-7.160832752e-02,1.624915745e-01
23.560000,2.078304746e+01,9.141544534e+00,2.122107426e+00,1.001522803e+00,-7.160829603e-02,1.624915568e-01
23.570000,2.077840419e+01,9.150447208e+00,2.123732341e+00,1.001522839e+00,-7.160826480e-02,1.624915393e-01
23.580000,2.077374646e+01,9.159342325e+00,2.125357257e+00,1.001522875e+00,-7.160823383e-02,1.624915219e-01
23.590000,2.076907428e+01,9.168229863e+00,2.126982172e+00,1.001522910e+00,-7.160820311e-02,1.624915047e-01
23.600000,2.076438767e+01,9.177109796e+00,2.128607087e+00,1.001522946e+00,-7.160817265e-02,1.624914876e-01
23.610000,2.075968663e+01,9.185982103e+00,2.130232002e+00,1.001522982e+00,-7.160814245e-02,1.624914706e-01
23.620000,2.075497119e+01,9.194846760e+00,2.131856916e+00,1.001523017e+00,-7.160811249e-02,1.624914538e-01
23.630000,2.075024134e+01,9.203703743e+00,2.133481831e+00,1.001523052e+00,-7.160808279e-02,1.624914372e-01
23.640000,2.074549711e+01,9.212553028e+00,2.135106745e+00,1.001523087e+00,-7.160805333e-02,1.624914207e-01
23.650000,2.074073850e+01,9.221394593e+00,2.136731659e+00,1.001523122e+00,-7.160802412e-02,1.624914043e-01
23.660000,2.073596553e+01,9.230228415e+00,2.138356573e+00,1.001523156e+00,-7.160799516e-02,1.624913881e-01
23.670000,2.073117822e+01,9.239054469e+00,2.139981487e+00,1.001523191e+00,-7.160796643e-02,1.624913720e-01
23.680000,2.072637657e+01,9.247872732e+00,2.141606400e+00,1.001523225e+00,-7.160793795e-02,1.624913560e-01
23.690000,2.072156060e+01,9.256683182e+00,2.143231314e+00,1.001523259e+00,-7.160790970e-02,1.624913402e-01
23.700000,2.071673031e+01,9.265485795e+00,2.144856227e+00,1.001523293e+00,-7.160788169e-02,1.624913245e-01
23.710000,2.071188573e+01,9.274280547e+00,2.146481140e+00,1.001523327e+00,-7.160785391e-02,1.624913090e-01
23.720000,2.070702686e+01,9.283067416e+00,2.148106053e+00,1.001523360e+00,-7.160782637e-02,1.624912935e-01
23.730000,2.070215373e+01,9.291846379e+00,2.149730966e+00,1.001523394e+00,-7.160779906e-02,1.624912783e-01
23.740000,2.069726633e+01,9.300617411e+00,2.151355879e+00,1.001523427e+00,-7.160777197e-02,1.624912631e-01
23.750000,2.069236469e+01,9.309380490e+00,2.152980792e+00,1.001523460e+00,-7.160774512e-02,1.624912481e-01
23.760000,2.068744881e+01,9.318135594e+00,2.154605704e+00,1.001523493e+00,-7.160771848e-02,1.624912332e-01
23.770000,2.068251871e+01,9.326882698e+00,2.156230616e+00,1.001523525e+00,-7.160769207e-02,1.624912184e-01
23.780000,2.067757441e+01,9.335621779e+00,2.157855528e+00,1.001523558e+00,-7.160766589e-02,1.624912038e-01
23.790000,2.067261591e+01,9.344352815e+00,2.159480440e+00,1.001523590e+00,-7.160763992e-02,1.624911893e-01
23.800000,2.066764323e+01,9.353075783e+00,2.161105352e+00,1.001523623e+00,-7.160761417e-02,1.624911749e-01
23.810000,2.066265639e+01,9.361790659e+00,2.162730264e+00,1.001523655e+00,-7.160758864e-02,1.624911606e-01
23.820000,2.065765538e+01,9.370497420e+00,2.164355175e+00,1.001523687e+00,-7.160756332e-02,1.624911465e-01
23.830000,2.065264024e+01,9.379196044e+00,2.165980087e+00,1.001523718e+00,-7.160753821e-02,1.624911325e-01
23.840000,2.064761097e+01,9.387886507e+00,2.167604998e+00,1.001523750e+00,-7.160751332e-02,1.624911186e-01
23.850000,2.064256759e+01,9.396568787e+00,2.169229909e+00,1.001523781e+00,-7.160748863e-02,1.624911048e-01
23.860000,2.063751010e+01,9.405242861e+00,2.170854820e+00,1.001523813e+00,-7.160746415e-02,1.624910911e-01
23.870000,2.063243852e+01,9.413908705e+00,2.172479731e+00,1.001523844e+00,-7.160743988e-02,1.624910776e-01
23.880000,2.062735287e+01,9.422566297e+00,2.174104642e+00,1.001523875e+00,-7.160741582e-02,1.624910642e-01
23.890000,2.062225316e+01,9.431215614e+00,2.175729552e+00,1.001523905e+00,-7.160739195e-02,1.624910509e-01
23.900000,2.061713940e+01,9.439856633e+00,2.177354463e+00,1.001523936e+00,-7.160736829e-02,1.624910377e-01
23.910000,2.061201160e+01,9.448489331e+00,2.178979373e+00,1.001523966e+00,-7.160734482e-02,1.624910246e-01
23.920000,2.060686979e+01,9.457113686e+00,2.180604283e+00,1.001523997e+00,-7.160732156e-02,1.624910116e-01
23.930000,2.060171396e+01,9.465729675e+00,2.182229193e+00,1.001524027e+00,-7.160729849e-02,1.624909988e-01
23.940000,2.059654415e+01,9.474337274e+00,2.183854103e+00,1.001524057e+00,-7.160727562e-02,1.624909860e-01
23.950000,2.059136035e+01,9.482936462e+00,2.185479013e+00,1.001524087e+00,-7.160725293e-02,1.624909734e-01
23.960000,2.058616259e+01,9.491527216e+00,2.187103923e+00,1.001524116e+00,-7.160723044e-02,1.624909609e-01
23.970000,2.058095087e+01,9.500109512e+00,2.188728832e+00,1.001524146e+00,-7.160720814e-02,1.624909485e-01
23.980000,2.057572522e+01,9.508683329e+00,2.190353742e+00,1.001524175e+00,-7.160718603e-02,1.624909361e-01
23.990000,2.057048564e+01,9.517248643e+00,2.191978651e+00,1.001524204e+00,-7.160716411e-02,1.624909239e-01
24.000000,2.056523214e+01,9.525805432e+00,2.193603560e+00,1.001524233e+00,-7.160714237e-02,1.624909119e-01
24.010000,2.055996476e+01,9.534353674e+00,2.195228469e+00,1.001524262e+00,-7.160712082e-02,1.624908999e-01
24.020000,2.055468348e+01,9.542893345e+00,2.196853378e+00,1.001524291e+00,-7.160709945e-02,1.624908880e-01
24.030000,2.054938834e+01,9.551424423e+00,2.198478287e+00,1.001524319e+00,-7.160707826e-02,1.624908762e-01
24.040000,2.054407934e+01,9.559946887e+00,2.200103196e+00,1.001524348e+00,-7.160705725e-02,1.624908645e-01
24.050000,2.053875650e+01,9.568460712e+00,2.201728104e+00,1.001524376e+00,-7.160703641e-02,1.624908529e-01
24.060000,2.053341984e+01,9.576965877e+00,2.203353013e+00,1.001524404e+00,-7.160701576e-02,1.624908415e-01
24.070000,2.052806936e+01,9.585462360e+00,2.204977921e+00,1.001524432e+00,-7.160699528e-02,1.624908301e-01
24.080000,2.052270508e+01,9.593950137e+00,2.206602829e+00,1.001524460e+00,-7.160697497e-02,1.624908188e-01
24.090000,2.051732701e+01,9.602429187e+00,2.208227737e+00,1.001524487e+00,-7.160695484e-02,1.624908076e-01
24.100000,2.051193518e+01,9.610899487e+00,2.209852645e+00,1.001524515e+00,-7.160693487e-02,1.624907966e-01
24.110000,2.050652959e+01,9.619361015e+00,2.211477553e+00,1.001524542e+00,-7.160691508e-02,1.624907856e-01
24.120000,2.050111025e+01,9.627813748e+00,2.213102461e+00,1.001524569e+00,-7.160689546e-02,1.624907747e-01
24.130000,2.049567719e+01,9.636257663e+00,2.214727369e+00,1.001524596e+00,-7.160687600e-02,1.624907639e-01
24.140000,2.049023042e+01,9.644692740e+00,2.216352276e+00,1.001524623e+00,-7.160685671e-02,1.624907532e-01
24.150000,2.048476994e+01,9.653118955e+00,2.217977184e+00,1.001524650e+00,-7.160683758e-02,1.624907426e-01
24.160000,2.047929578e+01,9.661536287e+00,2.219602091e+00,1.001524677e+00,-7.160681862e-02,1.624907321e-01
24.170000,2.047380795e+01,9.669944712e+00,2.221226999e+00,1.001524703e+00,-7.160679981e-02,1.624907217e-01
24.180000,2.046830646e+01,9.678344209e+00,2.222851906e+00,1.001524729e+00,-7.160678117e-02,1.624907113e-01
24.190000,2.046279133e+01,9.686734756e+00,2.224476813e+00,1.001524755e+00,-7.160676269e-02,1.624907011e-01
24.200000,2.045726258e+01,9.695116330e+00,2.226101720e+00,1.001524781e+00,-7.160674436e-02,1.624906909e-01
24.210000,2.045172021e+01,9.703488909e+00,2.227726627e+00,1.001524807e+00,-7.160672619e-02,1.624906809e-01
24.220000,2.044616425e+01,9.711852472e+00,2.229351533e+00,1.001524833e+00,-7.160670818e-02,1.624906709e-01
24.230000,2.044059470e+01,9.720206996e+00,2.230976440e+00,1.001524859e+00,-7.160669032e-02,1.624906610e-01
24.240000,2.043501158e+01,9.728552459e+00,2.232601347e+00,1.001524884e+00,-7.160667261e-02,1.624906512e-01
24.250000,2.042941491e+01,9.736888839e+00,2.234226253e+00,1.001524909e+00,-7.160665506e-02,1.624906415e-01
24.260000,2.042380471e+01,9.745216114e+00,2.235851159e+00,1.001524935e+00,-7.160663765e-02,1.624906319e-01
24.270000,2.041818097e+01,9.753534262e+00,2.237476066e+00,1.001524960e+00,-7.160662039e-02,1.624906223e-01
24.280000,2.041254373e+01,9.761843261e+00,2.239100972e+00,1.001524984e+00,-7.160660328e-02,1.624906129e-01
24.290000,2.040689300e+01,9.770143089e+00,2.240725878e+00,1.001525009e+00,-7.160658632e-02,1.624906035e-01
24.300000,2.040122878e+01,9.778433724e+00,2.242350784e+00,1.001525034e+00,-7.160656951e-02,1.624905942e-01
24.310000,2.039555110e+01,9.786715145e+00,2.243975690e+00,1.001525058e+00,-7.160655283e-02,1.624905850e-01
24.320000,2.038985997e+01,9.794987329e+00,2.245600596e+00,1.001525082e+00,-7.160653630e-02,1.624905759e-01
24.330000,2.038415541e+01,9.803250255e+00,2.247225501e+00,1.001525107e+00,-7.160651992e-02,1.624905668e-01
24.340000,2.037843743e+01,9.811503901e+00,2.248850407e+00,1.001525131e+00,-7.160650367e-02,1.624905578e-01
24.350000,2.037270604e+01,9.819748244e+00,2.250475312e+00,1.001525155e+00,-7.160648756e-02,1.624905490e-01
24.360000,2.036696127e+01,9.827983264e+00,2.252100218e+00,1.001525178e+00,-7.160647159e-02,1.624905401e-01
24.370000,2.036120312e+01,9.836208939e+00,2.253725123e+00,1.001525202e+00,-7.160645576e-02,1.624905314e-01
24.380000,2.035543161e+01,9.844425246e+00,2.255350029e+00,1.001525225e+00,-7.160644006e-02,1.624905227e-01
24.390000,2.034964676e+01,9.852632164e+00,2.256974934e+00,1.001525249e+00,-7.160642450e-02,1.624905142e-01
24.400000,2.034384858e+01,9.860829672e+00,2.258599839e+00,1.001525272e+00,-7.160640908e-02,1.624905057e-01
24.410000,2.033803709e+01,9.869017747e+00,2.260224744e+00,1.001525295e+00,-7.160639378e-02,1.624904972e-01
24.420000,2.033221230e+01,9.877196369e+00,2.261849649e+00,1.001525318e+00,-7.160637862e-02,1.624904889e-01
24.430000,2.032637423e+01,9.885365515e+00,2.263474554e+00,1.001525341e+00,-7.160636359e-02,1.624904806e-01
24.440000,2.032052289e+01,9.893525164e+00,2.265099458e+00,1.001525363e+00,-7.160634869e-02,1.624904724e-01
24.450000,2.031465830e+01,9.901675295e+00,2.266724363e+00,1.001525386e+00,-7.160633391e-02,1.624904642e-01
24.460000,2.030878048e+01,9.909815885e+00,2.268349268e+00,1.001525408e+00,-7.160631927e-02,1.624904562e-01
24.470000,2.030288943e+01,9.917946914e+00,2.269974172e+00,1.001525431e+00,-7.160630475e-02,1.624904482e-01
24.480000,2.029698519e+01,9.926068360e+00,2.271599077e+00,1.001525453e+00,-7.160629035e-02,1.624904403e-01
24.490000,2.029106775e+01,9.934180202e+00,2.273223981e+00,1.001525475e+00,-7.160627608e-02,1.624904324e-01
24.500000,2.028513714e+01,9.942282417e+00,2.274848885e+00,1.001525497e+00,-7.160626194e-02,1.624904246e-01
24.510000,2.027919337e+01,9.950374985e+00,2.276473789e+00,1.001525519e+00,-7.160624791e-02,1.624904169e-01
24.520000,2.027323645e+01,9.958457885e+00,2.278098694e+00,1.001525540e+00,-7.160623401e-02,1.624904093e-01
24.530000,2.026726642e+01,9.966531095e+00,2.279723598e+00,1.001525562e+00,-7.160622023e-02,1.624904017e-01
24.540000,2.026128327e+01,9.974594593e+00,2.281348502e+00,1.001525583e+00,-7.160620657e-02,1.624903942e-01
24.550000,2.025528702e+01,9.982648359e+00,2.282973406e+00,1.001525605e+00,-7.160619302e-02,1.624903868e-01
24.560000,2.024927770e+01,9.990692370e+00,2.284598309e+00,1.001525626e+00,-7.160617959e-02,1.624903794e-01
24.570000,2.024325532e+01,9.998726607e+00,2.286223213e+00,1.001525647e+00,-7.160616628e-02,1.624903721e-01
24.580000,2.023721988e+01,1.000675105e+01,2.287848117e+00,1.001525668e+00,-7.160615309e-02,1.624903648e-01
24.590000,2.023117142e+01,1.001476567e+01,2.289473020e+00,1.001525688e+00,-7.160614001e-02,1.624903576e-01
24.600000,2.022510994e+01,1.002277045e+01,2.291097924e+00,1.001525709e+00,-7.160612704e-02,1.624903505e-01
24.610000,2.021903546e+01,1.003076538e+01,2.292722827e+00,1.001525730e+00,-7.160611419e-02,1.624903435e-01
24.620000,2.021294800e+01,1.003875042e+01,2.294347731e+00,1.001525750e+00,-7.160610144e-02,1.624903365e-01
24.630000,2.020684757e+01,1.004672556e+01,2.295972634e+00,1.001525770e+00,-7.160608881e-02,1.624903296e-01
24.640000,2.020073420e+01,1.005469078e+01,2.297597537e+00,1.001525790e+00,-7.160607629e-02,1.624903227e-01
24.650000,2.019460788e+01,1.006264606e+01,2.299222441e+00,1.001525810e+00,-7.160606387e-02,1.624903159e-01
24.660000,2.018846865e+01,1.007059137e+01,2.300847344e+00,1.001525830e+00,-7.160605157e-02,1.624903091e-01
24.670000,2.018231651e+01,1.007852669e+01,2.302472247e+00,1.001525850e+00,-7.160603937e-02,1.624903025e-01
24.680000,2.017615149e+01,1.008645200e+01,2.304097150e+00,1.001525870e+00,-7.160602728e-02,1.624902958e-01
24.690000,2.016997360e+01,1.009436729e+01,2.305722053e+00,1.001525889e+00,-7.160601529e-02,1.624902893e-01
24.700000,2.016378285e+01,1.010227253e+01,2.307346956e+00,1.001525909e+00,-7.160600341e-02,1.624902828e-01
24.710000,2.015757927e+01,1.011016770e+01,2.308971858e+00,1.001525928e+00,-7.160599163e-02,1.624902763e-01
24.720000,2.015136287e+01,1.011805278e+01,2.310596761e+00,1.001525947e+00,-7.160597995e-02,1.624902699e-01
24.730000,2.014513366e+01,1.012592775e+01,2.312221664e+00,1.001525967e+00,-7.160596838e-02,1.624902636e-01
24.740000,2.013889167e+01,1.013379258e+01,2.313846566e+00,1.001525986e+00,-7.160595691e-02,1.624902573e-01
24.750000,2.013263690e+01,1.014164727e+01,2.315471469e+00,1.001526004e+00,-7.160594554e-02,1.624902511e-01
24.760000,2.012636938e+01,1.014949177e+01,2.317096371e+00,1.001526023e+00,-7.160593426e-02,1.624902449e-01
24.770000,2.012008911e+01,1.015732609e+01,2.318721274e+00,1.001526042e+00,-7.160592309e-02,1.624902388e-01
24.780000,2.011379613e+01,1.016515019e+01,2.320346176e+00,1.001526060e+00,-7.160591201e-02,1.624902328e-01
24.790000,2.010749044e+01,1.017296405e+01,2.321971078e+00,1.001526079e+00,-7.160590103e-02,1.624902268e-01
24.800000,2.010117207e+01,1.018076766e+01,2.323595981e+00,1.001526097e+00,-7.160589015e-02,1.624902208e-01
24.810000,2.009484102e+01,1.018856099e+01,2.325220883e+00,1.001526115e+00,-7.160587936e-02,1.624902150e-01
24.820000,2.008849731e+01,1.019634402e+01,2.326845785e+00,1.001526133e+00,-7.160586866e-02,1.624902091e-01
24.830000,2.008214097e+01,1.020411674e+01,2.328470687e+00,1.001526151e+00,-7.160585806e-02,1.624902033e-01
24.840000,2.007577201e+01,1.021187911e+01,2.330095589e+00,1.001526169e+00,-7.160584756e-02,1.624901976e-01
24.850000,2.006939044e+01,1.021963113e+01,2.331720491e+00,1.001526187e+00,-7.160583714e-02,1.624901919e-01
24.860000,2.006299628e+01,1.022737277e+01,2.333345393e+00,1.001526205e+00,-7.160582682e-02,1.624901863e-01
24.870000,2.005658955e+01,1.023510400e+01,2.334970295e+00,1.001526222e+00,-7.160581659e-02,1.624901807e-01
24.880000,2.005017027e+01,1.024282482e+01,2.336595197e+00,1.001526240e+00,-7.160580644e-02,1.624901752e-01
24.890000,2.004373845e+01,1.025053519e+01,2.338220098e+00,1.001526257e+00,-7.160579639e-02,1.624901697e-01
24.900000,2.003729411e+01,1.025823511e+01,2.339845000e+00,1.001526274e+00,-7.160578642e-02,1.624901643e-01
24.910000,2.003083727e+01,1.026592454e+01,2.341469902e+00,1.001526291e+00,-7.160577655e-02,1.624901589e-01
24.920000,2.002436794e+01,1.027360347e+01,2.343094803e+00,1.001526308e+00,-7.160576676e-02,1.624901536e-01
24.930000,2.001788614e+01,1.028127188e+01,2.344719705e+00,1.001526325e+00,-7.160575705e-02,1.624901483e-01
24.940000,2.001139189e+01,1.028892975e+01,2.346344606e+00,1.001526342e+00,-7.160574743e-02,1.624901430e-01
24.950000,2.000488520e+01,1.029657705e+01,2.347969507e+00,1.001526359e+00,-7.160573790e-02,1.624901379e-01
24.960000,1.999836610e+01,1.030421377e+01,2.349594409e+00,1.001526375e+00,-7.160572845e-02,1.624901327e-01
24.970000,1.999183460e+01,1.031183989e+01,2.351219310e+00,1.001526392e+00,-7.160571908e-02,1.624901276e-01
24.980000,1.998529071e+01,1.031945539e+01,2.352844211e+00,1.001526408e+00,-7.160570980e-02,1.624901226e-01
24.990000,1.997873446e+01,1.032706024e+01,2.354469113e+00,1.001526425e+00,-7.160570059e-02,1.624901176e-01
25.000000,1.997216585e+01,1.033465443e+01,2.356094014e+00,1.001526441e+00,-7.160569147e-02,1.624901126e-01
25.010000,1.996558492e+01,1.034223794e+01,2.357718915e+00,1.001526457e+00,-7.160568243e-02,1.624901077e-01
25.020000,1.995899167e+01,1.034981074e+01,2.359343816e+00,1.001526473e+00,-7.160567347e-02,1.624901028e-01
25.030000,1.995238613e+01,1.035737282e+01,2.360968717e+00,1.001526489e+00,-7.160566459e-02,1.624900980e-01
25.040000,1.994576831e+01,1.036492415e+01,2.362593618e+00,1.001526505e+00,-7.160565579e-02,1.624900932e-01
25.050000,1.993913822e+01,1.037246473e+01,2.364218519e+00,1.001526520e+00,-7.160564706e-02,1.624900885e-01
25.060000,1.993249590e+01,1.037999452e+01,2.365843420e+00,1.001526536e+00,-7.160563842e-02,1.624900838e-01
25.070000,1.992584134e+01,1.038751350e+01,2.367468320e+00,1.001526551e+00,-7.160562985e-02,1.624900792e-01
25.080000,1.991917458e+01,1.039502167e+01,2.369093221e+00,1.001526567e+00,-7.160562135e-02,1.624900745e-01
25.090000,1.991249562e+01,1.040251899e+01,2.370718122e+00,1.001526582e+00,-7.160561293e-02,1.624900700e-01
25.100000,1.990580449e+01,1.041000544e+01,2.372343023e+00,1.001526597e+00,-7.160560459e-02,1.624900655e-01
25.110000,1.989910121e+01,1.041748102e+01,2.373967923e+00,1.001526612e+00,-7.160559632e-02,1.624900610e-01
25.120000,1.989238579e+01,1.042494569e+01,2.375592824e+00,1.001526627e+00,-7.160558812e-02,1.624900565e-01
25.130000,1.988565824e+01,1.043239945e+01,2.377217724e+00,1.001526642e+00,-7.160558000e-02,1.624900521e-01
25.140000,1.987891859e+01,1.043984226e+01,2.378842625e+00,1.001526657e+00,-7.160557194e-02,1.624900478e-01
25.150000,1.987216686e+01,1.044727411e+01,2.380467525e+00,1.001526672e+00,-7.160556396e-02,1.624900435e-01
25.160000,1.986540306e+01,1.045469498e+01,2.382092426e+00,1.001526686e+00,-7.160555605e-02,1.624900392e-01
25.170000,1.985862722e+01,1.046210485e+01,2.383717326e+00,1.001526701e+00,-7.160554821e-02,1.624900349e-01
25.180000,1.985183934e+01,1.046950370e+01,2.385342226e+00,1.001526715e+00,-7.160554044e-02,1.624900307e-01
25.190000,1.984503944e+01,1.047689151e+01,2.386967127e+00,1.001526730e+00,-7.160553274e-02,1.624900266e-01
25.200000,1.983822755e+01,1.048426826e+01,2.388592027e+00,1.001526744e+00,-7.160552511e-02,1.624900224e-01
25.210000,1.983140368e+01,1.049163393e+01,2.390216927e+00,1.001526758e+00,-7.160551755e-02,1.624900183e-01
25.220000,1.982456786e+01,1.049898851e+01,2.391841827e+00,1.001526772e+00,-7.160551005e-02,1.624900143e-01
25.230000,1.981772009e+01,1.050633196e+01,2.393466727e+00,1.001526786e+00,-7.160550262e-02,1.624900103e-01
25.240000,1.981086040e+01,1.051366428e+01,2.395091628e+00,1.001526800e+00,-7.160549526e-02,1.624900063e-01
25.250000,1.980398880e+01,1.052098545e+01,2.396716528e+00,1.001526814e+00,-7.160548796e-02,1.624900024e-01
25.260000,1.979710532e+01,1.052829544e+01,2.398341428e+00,1.001526828e+00,-7.160548073e-02,1.624899985e-01
25.270000,1.979020996e+01,1.053559424e+01,2.399966328e+00,1.001526842e+00,-7.160547357e-02,1.624899946e-01
25.280000,1.978330276e+01,1.054288182e+01,2.401591227e+00,1.001526855e+00,-7.160546646e-02,1.624899908e-01
25.290000,1.977638372e+01,1.055015817e+01,2.403216127e+00,1.001526869e+00,-7.160545942e-02,1.624899870e-01
25.300000,1.976945287e+01,1.055742326e+01,2.404841027e+00,1.001526882e+00,-7.160545245e-02,1.624899832e-01
25.310000,1.976251022e+01,1.056467709e+01,2.406465927e+00,1.001526895e+00,-7.160544553e-02,1.624899795e-01
25.320000,1.975555580e+01,1.057191962e+01,2.408090827e+00,1.001526908e+00,-7.160543868e-02,1.624899758e-01
25.330000,1.974858962e+01,1.057915084e+01,2.409715727e+00,1.001526922e+00,-7.160543189e-02,1.624899721e-01
25.340000,1.974161169e+01,1.058637074e+01,2.411340626e+00,1.001526935e+00,-7.160542516e-02,1.624899685e-01
25.350000,1.973462204e+01,1.059357929e+01,2.412965526e+00,1.001526948e+00,-7.160541849e-02,1.624899649e-01
25.360000,1.972762069e+01,1.060077647e+01,2.414590426e+00,1.001526960e+00,-7.160541188e-02,1.624899613e-01
25.370000,1.972060765e+01,1.060796226e+01,2.416215325e+00,1.001526973e+00,-7.160540533e-02,1.624899578e-01
25.380000,1.971358295e+01,1.061513665e+01,2.417840225e+00,1.001526986e+00,-7.160539884e-02,1.624899543e-01
25.390000,1.970654660e+01,1.062229962e+01,2.419465124e+00,1.001526999e+00,-7.160539241e-02,1.624899509e-01
25.400000,1.969949861e+01,1.062945114e+01,2.421090024e+00,1.001527011e+00,-7.160538603e-02,1.624899474e-01
25.410000,1.969243902e+01,1.063659120e+01,2.422714923e+00,1.001527024e+00,-7.160537972e-02,1.624899440e-01
25.420000,1.968536783e+01,1.064371978e+01,2.424339823e+00,1.001527036e+00,-7.160537346e-02,1.624899407e-01
25.430000,1.967828507e+01,1.065083686e+01,2.425964722e+00,1.001527048e+00,-7.160536725e-02,1.624899373e-01
25.440000,1.967119075e+01,1.065794243e+01,2.427589621e+00,1.001527061e+00,-7.160536110e-02,1.624899340e-01
25.450000,1.966408490e+01,1.066503645e+01,2.429214521e+00,1.001527073e+00,-7.160535501e-02,1.624899308e-01
25.460000,1.965696753e+01,1.067211893e+01,2.430839420e+00,1.001527085e+00,-7.160534897e-02,1.624899275e-01
25.470000,1.964983866e+01,1.067918982e+01,2.432464319e+00,1.001527097e+00,-7.160534299e-02,1.624899243e-01
25.480000,1.964269831e+01,1.068624913e+01,2.434089218e+00,1.001527109e+00,-7.160533706e-02,1.624899211e-01
25.490000,1.963554650e+01,1.069329682e+01,2.435714118e+00,1.001527121e+00,-7.160533118e-02,1.624899180e-01
25.500000,1.962838325e+01,1.070033288e+01,2.437339017e+00,1.001527132e+00,-7.160532536e-02,1.624899149e-01
25.510000,1.962120857e+01,1.070735729e+01,2.438963916e+00,1.001527144e+00,-7.160531959e-02,1.624899118e-01
25.520000,1.961402249e+01,1.071437004e+01,2.440588815e+00,1.001527156e+00,-7.160531387e-02,1.624899087e-01
25.530000,1.960682502e+01,1.072137110e+01,2.442213714e+00,1.001527167e+00,-7.160530821e-02,1.624899057e-01
25.540000,1.959961618e+01,1.072836045e+01,2.443838613e+00,1.001527179e+00,-7.160530259e-02,1.624899027e-01
25.550000,1.959239600e+01,1.073533808e+01,2.445463512e+00,1.001527190e+00,-7.160529703e-02,1.624898997e-01
25.560000,1.958516449e+01,1.074230398e+01,2.447088411e+00,1.001527201e+00,-7.160529151e-02,1.624898967e-01
25.570000,1.957792167e+01,1.074925811e+01,2.448713310e+00,1.001527212e+00,-7.160528605e-02,1.624898938e-01
25.580000,1.957066756e+01,1.075620046e+01,2.450338209e+00,1.001527224e+00,-7.160528064e-02,1.624898909e-01
25.590000,1.956340218e+01,1.076313102e+01,2.451963108e+00,1.001527235e+00,-7.160527527e-02,1.624898880e-01
25.600000,1.955612555e+01,1.077004976e+01,2.453588007e+00,1.001527246e+00,-7.160526995e-02,1.624898852e-01
25.610000,1.954883768e+01,1.077695667e+01,2.455212906e+00,1.001527257e+00,-7.160526469e-02,1.624898824e-01
25.620000,1.954153860e+01,1.078385173e+01,2.456837804e+00,1.001527268e+00,-7.160525947e-02,1.624898796e-01
25.630000,1.953422833e+01,1.079073492e+01,2.458462703e+00,1.001527278e+00,-7.160525429e-02,1.624898768e-01
25.640000,1.952690688e+01,1.079760622e+01,2.460087602e+00,1.001527289e+00,-7.160524917e-02,1.624898741e-01
25.650000,1.951957428e+01,1.080446562e+01,2.461712501e+00,1.001527300e+00,-7.160524409e-02,1.624898714e-01
25.660000,1.951223054e+01,1.081131309e+01,2.463337399e+00,1.001527310e+00,-7.160523906e-02,1.624898687e-01
25.670000,1.950487568e+01,1.081814862e+01,2.464962298e+00,1.001527321e+00,-7.160523407e-02,1.624898660e-01
25.680000,1.949750972e+01,1.082497219e+01,2.466587197e+00,1.001527331e+00,-7.160522913e-02,1.624898634e-01
25.690000,1.949013269e+01,1.083178378e+01,2.468212095e+00,1.001527342e+00,-7.160522423e-02,1.624898608e-01
25.700000,1.948274460e+01,1.083858338e+01,2.469836994e+00,1.001527352e+00,-7.160521938e-02,1.624898582e-01
25.710000,1.947534547e+01,1.084537096e+01,2.471461893e+00,1.001527362e+00,-7.160521457e-02,1.624898556e-01
25.720000,1.946793532e+01,1.085214651e+01,2.473086791e+00,1.001527372e+00,-7.160520981e-02,1.624898531e-01
25.730000,1.946051417e+01,1.085891001e+01,2.474711690e+00,1.001527382e+00,-7.160520509e-02,1.624898506e-01
25.740000,1.945308204e+01,1.086566145e+01,2.476336588e+00,1.001527392e+00,-7.160520041e-02,1.624898481e-01
25.750000,1.944563895e+01,1.087240080e+01,2.477961487e+00,1.001527402e+00,-7.160519578e-02,1.624898456e-01
25.760000,1.943818492e+01,1.087912804e+01,2.479586385e+00,1.001527412e+00,-7.160519119e-02,1.624898432e-01
25.770000,1.943071996e+01,1.088584317e+01,2.481211283e+00,1.001527422e+00,-7.160518664e-02,1.624898407e-01
25.780000,1.942324411e+01,1.089254615e+01,2.482836182e+00,1.001527432e+00,-7.160518213e-02,1.624898383e-01
25.790000,1.941575737e+01,1.089923698e+01,2.484461080e+00,1.001527442e+00,-7.160517766e-02,1.624898360e-01
25.800000,1.940825977e+01,1.090591564e+01,2.486085979e+00,1.001527451e+00,-7.160517324e-02,1.624898336e-01
25.810000,1.940075133e+01,1.091258210e+01,2.487710877e+00,1.001527461e+00,-7.160516885e-02,1.624898313e-01
25.820000,1.939323207e+01,1.091923636e+01,2.489335775e+00,1.001527470e+00,-7.160516451e-02,1.624898290e-01
25.830000,1.938570200e+01,1.092587839e+01,2.490960673e+00,1.001527480e+00,-7.160516020e-02,1.624898267e-01
25.840000,1.937816115e+01,1.093250817e+01,2.492585572e+00,1.001527489e+00,-7.160515594e-02,1.624898244e-01
25.850000,1.937060954e+01,1.093912569e+01,2.494210470e+00,1.001527498e+00,-7.160515171e-02,1.624898222e-01
25.860000,1.936304719e+01,1.094573093e+01,2.495835368e+00,1.001527508e+00,-7.160514753e-02,1.624898200e-01
25.870000,1.935547411e+01,1.095232388e+01,2.497460266e+00,1.001527517e+00,-7.160514338e-02,1.624898178e-01
25.880000,1.934789033e+01,1.095890451e+01,2.499085164e+00,1.001527526e+00,-7.160513927e-02,1.624898156e-01
25.890000,1.934029586e+01,1.096547281e+01,2.500710063e+00,1.001527535e+00,-7.160513519e-02,1.624898134e-01
25.900000,1.933269074e+01,1.097202876e+01,2.502334961e+00,1.001527544e+00,-7.160513116e-02,1.624898113e-01
25.910000,1.932507497e+01,1.097857235e+01,2.503959859e+00,1.001527553e+00,-7.160512716e-02,1.624898092e-01
25.920000,1.931744857e+01,1.098510355e+01,2.505584757e+00,1.001527562e+00,-7.160512320e-02,1.624898071e-01
25.930000,1.930981158e+01,1.099162235e+01,2.507209655e+00,1.001527571e+00,-7.160511928e-02,1.624898050e-01
25.940000,1.930216400e+01,1.099812873e+01,2.508834553e+00,1.001527579e+00,-7.160511539e-02,1.624898029e-01
25.950000,1.929450586e+01,1.100462268e+01,2.510459451e+00,1.001527588e+00,-7.160511154e-02,1.624898009e-01
25.960000,1.928683718e+01,1.101110418e+01,2.512084349e+00,1.001527597e+00,-7.160510772e-02,1.624897989e-01
25.970000,1.927915798e+01,1.101757320e+01,2.513709247e+00,1.001527605e+00,-7.160510394e-02,1.624897969e-01
25.980000,1.927146827e+01,1.102402974e+01,2.515334145e+00,1.001527614e+00,-7.160510019e-02,1.624897949e-01
25.990000,1.926376809e+01,1.103047378e+01,2.516959043e+00,1.001527622e+00,-7.160509648e-02,1.624897929e-01
26.000000,1.925605744e+01,1.103690530e+01,2.518583941e+00,1.001527631e+00,-7.160509280e-02,1.624897910e-01
26.010000,1.924833636e+01,1.104332427e+01,2.520208839e+00,1.001527639e+00,-7.160508916e-02,1.624897891e-01
26.020000,1.924060485e+01,1.104973070e+01,2.521833737e+00,1.001527647e+00,-7.160508555e-02,1.624897871e-01
26.030000,1.923286294e+01,1.105612455e+01,2.523458634e+00,1.001527656e+00,-7.160508197e-02,1.624897853e-01
26.040000,1.922511066e+01,1.106250582e+01,2.525083532e+00,1.001527664e+00,-7.160507843e-02,1.624897834e-01
26.050000,1.921734801e+01,1.106887447e+01,2.526708430e+00,1.001527672e+00,-7.160507492e-02,1.624897815e-01
26.060000,1.920957503e+01,1.107523051e+01,2.528333328e+00,1.001527680e+00,-7.160507144e-02,1.624897797e-01
26.070000,1.920179173e+01,1.108157391e+01,2.529958226e+00,1.001527688e+00,-7.160506800e-02,1.624897779e-01
26.080000,1.919399813e+01,1.108790465e+01,2.531583124e+00,1.001527696e+00,-7.160506458e-02,1.624897761e-01
26.090000,1.918619426e+01,1.109422273e+01,2.533208021e+00,1.001527704e+00,-7.160506120e-02,1.624897743e-01
26.100000,1.917838013e+01,1.110052811e+01,2.534832919e+00,1.001527712e+00,-7.160505785e-02,1.624897725e-01
26.110000,1.917055576e+01,1.110682079e+01,2.536457817e+00,1.001527720e+00,-7.160505454e-02,1.624897708e-01
26.120000,1.916272118e+01,1.111310074e+01,2.538082714e+00,1.001527727e+00,-7.160505125e-02,1.624897691e-01
26.130000,1.915487640e+01,1.111936796e+01,2.539707612e+00,1.001527735e+00,-7.160504799e-02,1.624897674e-01
26.140000,1.914702146e+01,1.112562242e+01,2.541332510e+00,1.001527743e+00,-7.160504476e-02,1.624897657e-01
26.150000,1.913915636e+01,1.113186411e+01,2.542957407e+00,1.001527750e+00,-7.160504157e-02,1.624897640e-01
26.160000,1.913128112e+01,1.113809301e+01,2.544582305e+00,1.001527758e+00,-7.160503840e-02,1.624897623e-01
26.170000,1.912339578e+01,1.114430910e+01,2.546207203e+00,1.001527765e+00,-7.160503526e-02,1.624897607e-01
26.180000,1.911550035e+01,1.115051238e+01,2.547832100e+00,1.001527773e+00,-7.160503216e-02,1.624897590e-01
26.190000,1.910759485e+01,1.115670282e+01,2.549456998e+00,1.001527780e+00,-7.160502908e-02,1.624897574e-01
26.200000,1.909967929e+01,1.116288040e+01,2.551081895e+00,1.001527788e+00,-7.160502603e-02,1.624897558e-01
26.210000,1.909175372e+01,1.116904512e+01,2.552706793e+00,1.001527795e+00,-7.160502301e-02,1.624897542e-01
26.220000,1.908381813e+01,1.117519694e+01,2.554331690e+00,1.001527802e+00,-7.160502001e-02,1.624897527e-01
26.230000,1.907587256e+01,1.118133587e+01,2.555956588e+00,1.001527809e+00,-7.160501705e-02,1.624897511e-01
26.240000,1.906791702e+01,1.118746187e+01,2.557581485e+00,1.001527816e+00,-7.160501411e-02,1.624897496e-01
26.250000,1.905995154e+01,1.119357495e+01,2.559206383e+00,1.001527823e+00,-7.160501120e-02,1.624897480e-01
26.260000,1.905197614e+01,1.119967507e+01,2.560831280e+00,1.001527831e+00,-7.160500832e-02,1.624897465e-01
26.270000,1.904399084e+01,1.120576222e+01,2.562456178e+00,1.001527838e+00,-7.160500546e-02,1.624897450e-01
26.280000,1.903599565e+01,1.121183639e+01,2.564081075e+00,1.001527844e+00,-7.160500264e-02,1.624897435e-01
26.290000,1.902799061e+01,1.121789756e+01,2.565705973e+00,1.001527851e+00,-7.160499983e-02,1.624897421e-01
26.300000,1.901997573e+01,1.122394571e+01,2.567330870e+00,1.001527858e+00,-7.160499706e-02,1.624897406e-01
26.310000,1.901195103e+01,1.122998084e+01,2.568955768e+00,1.001527865e+00,-7.160499431e-02,1.624897392e-01
26.320000,1.900391653e+01,1.123600291e+01,2.570580665e+00,1.001527872e+00,-7.160499159e-02,1.624897378e-01
26.330000,1.899587226e+01,1.124201193e+01,2.572205562e+00,1.001527878e+00,-7.160498889e-02,1.624897364e-01
26.340000,1.898781824e+01,1.124800786e+01,2.573830460e+00,1.001527885e+00,-7.160498622e-02,1.624897350e-01
26.350000,1.897975449e+01,1.125399070e+01,2.575455357e+00,1.001527892e+00,-7.160498357e-02,1.624897336e-01
26.360000,1.897168102e+01,1.125996043e+01,2.577080254e+00,1.001527898e+00,-7.160498095e-02,1.624897322e-01
26.370000,1.896359786e+01,1.126591703e+01,2.578705152e+00,1.001527905e+00,-7.160497835e-02,1.624897308e-01
26.380000,1.895550504e+01,1.127186049e+01,2.580330049e+00,1.001527911e+00,-7.160497578e-02,1.624897295e-01
26.390000,1.894740257e+01,1.127779079e+01,2.581954946e+00,1.001527918e+00,-7.160497323e-02,1.624897282e-01
26.400000,1.893929047e+01,1.128370792e+01,2.583579844e+00,1.001527924e+00,-7.160497071e-02,1.624897269e-01
26.410000,1.893116877e+01,1.128961186e+01,2.585204741e+00,1.001527930e+00,-7.160496821e-02,1.624897256e-01
26.420000,1.892303749e+01,1.129550260e+01,2.586829638e+00,1.001527937e+00,-7.160496573e-02,1.624897243e-01
26.430000,1.891489664e+01,1.130138011e+01,2.588454535e+00,1.001527943e+00,-7.160496328e-02,1.624897230e-01
26.440000,1.890674626e+01,1.130724439e+01,2.590079433e+00,1.001527949e+00,-7.160496085e-02,1.624897217e-01
26.450000,1.889858636e+01,1.131309542e+01,2.591704330e+00,1.001527955e+00,-7.160495844e-02,1.624897205e-01
26.460000,1.889041696e+01,1.131893318e+01,2.593329227e+00,1.001527961e+00,-7.160495605e-02,1.624897192e-01
26.470000,1.888223808e+01,1.132475766e+01,2.594954124e+00,1.001527967e+00,-7.160495369e-02,1.624897180e-01
26.480000,1.887404976e+01,1.133056884e+01,2.596579021e+00,1.001527973e+00,-7.160495135e-02,1.624897168e-01
26.490000,1.886585200e+01,1.133636671e+01,2.598203918e+00,1.001527979e+00,-7.160494904e-02,1.624897156e-01
26.500000,1.885764483e+01,1.134215125e+01,2.599828816e+00,1.001527985e+00,-7.160494674e-02,1.624897144e-01
26.510000,1.884942827e+01,1.134792244e+01,2.601453713e+00,1.001527991e+00,-7.160494447e-02,1.624897132e-01
26.520000,1.884120235e+01,1.135368028e+01,2.603078610e+00,1.001527997e+00,-7.160494222e-02,1.624897120e-01
26.530000,1.883296708e+01,1.135942475e+01,2.604703507e+00,1.001528003e+00,-7.160493999e-02,1.624897109e-01
26.540000,1.882472248e+01,1.136515582e+01,2.606328404e+00,1.001528009e+00,-7.160493778e-02,1.624897097e-01
26.550000,1.881646859e+01,1.137087349e+01,2.607953301e+00,1.001528015e+00,-7.160493559e-02,1.624897086e-01
26.560000,1.880820541e+01,1.137657774e+01,2.609578198e+00,1.001528020e+00,-7.160493343e-02,1.624897075e-01
26.570000,1.879993298e+01,1.138226856e+01,2.611203095e+00,1.001528026e+00,-7.160493128e-02,1.624897064e-01
26.580000,1.879165131e+01,1.138794593e+01,2.612827992e+00,1.001528031e+00,-7.160492916e-02,1.624897053e-01
26.590000,1.878336043e+01,1.139360983e+01,2.614452889e+00,1.001528037e+00,-7.160492705e-02,1.624897042e-01
26.600000,1.877506035e+01,1.139926026e+01,2.616077786e+00,1.001528043e+00,-7.160492497e-02,1.624897031e-01
26.610000,1.876675111e+01,1.140489719e+01,2.617702684e+00,1.001528048e+00,-7.160492290e-02,1.624897020e-01
26.620000,1.875843271e+01,1.141052061e+01,2.619327581e+00,1.001528054e+00,-7.160492086e-02,1.624897010e-01
26.630000,1.875010519e+01,1.141613051e+01,2.620952478e+00,1.001528059e+00,-7.160491883e-02,1.624896999e-01
26.640000,1.874176857e+01,1.142172687e+01,2.622577375e+00,1.001528064e+00,-7.160491682e-02,1.624896989e-01
26.650000,1.873342286e+01,1.142730967e+01,2.624202272e+00,1.001528070e+00,-7.160491484e-02,1.624896979e-01
26.660000,1.872506809e+01,1.143287891e+01,2.625827168e+00,1.001528075e+00,-7.160491287e-02,1.624896968e-01
26.670000,1.871670429e+01,1.143843456e+01,2.627452065e+00,1.001528080e+00,-7.160491092e-02,1.624896958e-01
26.680000,1.870833146e+01,1.144397662e+01,2.629076962e+00,1.001528086e+00,-7.160490899e-02,1.624896948e-01
26.690000,1.869994964e+01,1.144950506e+01,2.630701859e+00,1.001528091e+00,-7.160490708e-02,1.624896939e-01
26.700000,1.869155886e+01,1.145501988e+01,2.632326756e+00,1.001528096e+00,-7.160490519e-02,1.624896929e-01
26.710000,1.868315912e+01,1.146052105e+01,2.633951653e+00,1.001528101e+00,-7.160490331e-02,1.624896919e-01
26.720000,1.867475045e+01,1.146600857e+01,2.635576550e+00,1.001528106e+00,-7.160490146e-02,1.624896910e-01
26.730000,1.866633288e+01,1.147148242e+01,2.637201447e+00,1.001528111e+00,-7.160489962e-02,1.624896900e-01
26.740000,1.865790642e+01,1.147694259e+01,2.638826344e+00,1.001528116e+00,-7.160489780e-02,1.624896891e-01
26.750000,1.864947110e+01,1.148238905e+01,2.640451241e+00,1.001528121e+00,-7.160489599e-02,1.624896881e-01
26.760000,1.864102695e+01,1.148782180e+01,2.642076138e+00,1.001528126e+00,-7.160489421e-02,1.624896872e-01
26.770000,1.863257397e+01,1.149324083e+01,2.643701035e+00,1.001528131e+00,-7.160489244e-02,1.624896863e-01
26.780000,1.862411220e+01,1.149864611e+01,2.645325931e+00,1.001528136e+00,-7.160489068e-02,1.624896854e-01
26.790000,1.861564167e+01,1.150403763e+01,2.646950828e+00,1.001528141e+00,-7.160488895e-02,1.624896845e-01
26.800000,1.860716238e+01,1.150941538e+01,2.648575725e+00,1.001528145e+00,-7.160488723e-02,1.624896836e-01
26.810000,1.859867436e+01,1.151477935e+01,2.650200622e+00,1.001528150e+00,-7.160488553e-02,1.624896828e-01
26.820000,1.859017764e+01,1.152012952e+01,2.651825519e+00,1.001528155e+00,-7.160488385e-02,1.624896819e-01
26.830000,1.858167224e+01,1.152546588e+01,2.653450416e+00,1.001528160e+00,-7.160488218e-02,1.624896810e-01
26.840000,1.857315818e+01,1.153078840e+01,2.655075312e+00,1.001528164e+00,-7.160488052e-02,1.624896802e-01
26.850000,1.856463548e+01,1.153609709e+01,2.656700209e+00,1.001528169e+00,-7.160487889e-02,1.624896794e-01
26.860000,1.855610416e+01,1.154139192e+01,2.658325106e+00,1.001528174e+00,-7.160487727e-02,1.624896785e-01
26.870000,1.854756425e+01,1.154667288e+01,2.659950003e+00,1.001528178e+00,-7.160487566e-02,1.624896777e-01
26.880000,1.853901578e+01,1.155193996e+01,2.661574900e+00,1.001528183e+00,-7.160487407e-02,1.624896769e-01
26.890000,1.853045875e+01,1.155719314e+01,2.663199796e+00,1.001528187e+00,-7.160487250e-02,1.624896761e-01
26.900000,1.852189320e+01,1.156243241e+01,2.664824693e+00,1.001528192e+00,-7.160487094e-02,1.624896753e-01
26.910000,1.851331915e+01,1.156765776e+01,2.666449590e+00,1.001528196e+00,-7.160486940e-02,1.624896745e-01
26.920000,1.850473662e+01,1.157286916e+01,2.668074487e+00,1.001528200e+00,-7.160486787e-02,1.624896737e-01
26.930000,1.849614564e+01,1.157806662e+01,2.669699383e+00,1.001528205e+00,-7.160486636e-02,1.624896729e-01
26.940000,1.848754621e+01,1.158325011e+01,2.671324280e+00,1.001528209e+00,-7.160486486e-02,1.624896722e-01
26.950000,1.847893838e+01,1.158841961e+01,2.672949177e+00,1.001528214e+00,-7.160486338e-02,1.624896714e-01
26.960000,1.847032216e+01,1.159357513e+01,2.674574073e+00,1.001528218e+00,-7.160486191e-02,1.624896707e-01
26.970000,1.846169758e+01,1.159871663e+01,2.676198970e+00,1.001528222e+00,-7.160486045e-02,1.624896699e-01
26.980000,1.845306465e+01,1.160384412e+01,2.677823867e+00,1.001528226e+00,-7.160485901e-02,1.624896692e-01
26.990000,1.844442340e+01,1.160895757e+01,2.679448763e+00,1.001528230e+00,-7.160485759e-02,1.624896685e-01
27.000000,1.843577385e+01,1.161405697e+01,2.681073660e+00,1.001528235e+00,-7.160485617e-02,1.624896678e-01
27.010000,1.842711603e+01,1.161914231e+01,2.682698557e+00,1.001528239e+00,-7.160485478e-02,1.624896670e-01
27.020000,1.841844995e+01,1.162421358e+01,2.684323454e+00,1.001528243e+00,-7.160485339e-02,1.624896663e-01
27.030000,1.840977565e+01,1.162927076e+01,2.685948350e+00,1.001528247e+00,-7.160485202e-02,1.624896656e-01
27.040000,1.840109314e+01,1.163431384e+01,2.687573247e+00,1.001528251e+00,-7.160485066e-02,1.624896649e-01
27.050000,1.839240245e+01,1.163934280e+01,2.689198143e+00,1.001528255e+00,-7.160484932e-02,1.624896643e-01
27.060000,1.838370360e+01,1.164435763e+01,2.690823040e+00,1.001528259e+00,-7.160484799e-02,1.624896636e-01
27.070000,1.837499661e+01,1.164935833e+01,2.692447937e+00,1.001528263e+00,-7.160484667e-02,1.624896629e-01
27.080000,1.836628150e+01,1.165434486e+01,2.694072833e+00,1.001528267e+00,-7.160484536e-02,1.624896623e-01
27.090000,1.835755831e+01,1.165931723e+01,2.695697730e+00,1.001528271e+00,-7.160484407e-02,1.624896616e-01
27.100000,1.834882705e+01,1.166427542e+01,2.697322627e+00,1.001528275e+00,-7.160484279e-02,1.624896610e-01
27.110000,1.834008774e+01,1.166921942e+01,2.698947523e+00,1.001528278e+00,-7.160484153e-02,1.624896603e-01
27.120000,1.833134041e+01,1.167414921e+01,2.700572420e+00,1.001528282e+00,-7.160484027e-02,1.624896597e-01
27.130000,1.832258508e+01,1.167906478e+01,2.702197316e+00,1.001528286e+00,-7.160483903e-02,1.624896590e-01
27.140000,1.831382178e+01,1.168396611e+01,2.703822213e+00,1.001528290e+00,-7.160483780e-02,1.624896584e-01
27.150000,1.830505052e+01,1.168885320e+01,2.705447110e+00,1.001528293e+00,-7.160483658e-02,1.624896578e-01
27.160000,1.829627133e+01,1.169372604e+01,2.707072006e+00,1.001528297e+00,-7.160483538e-02,1.624896572e-01
27.170000,1.828748424e+01,1.169858460e+01,2.708696903e+00,1.001528301e+00,-7.160483418e-02,1.624896566e-01
27.180000,1.827868927e+01,1.170342887e+01,2.710321799e+00,1.001528304e+00,-7.160483300e-02,1.624896560e-01
27.190000,1.826988643e+01,1.170825885e+01,2.711946696e+00,1.001528308e+00,-7.160483183e-02,1.624896554e-01
27.200000,1.826107576e+01,1.171307452e+01,2.713571592e+00,1.001528312e+00,-7.160483068e-02,1.624896548e-01
27.210000,1.825225727e+01,1.171787586e+01,2.715196489e+00,1.001528315e+00,-7.160482953e-02,1.624896542e-01
27.220000,1.824343100e+01,1.172266287e+01,2.716821385e+00,1.001528319e+00,-7.160482839e-02,1.624896537e-01
27.230000,1.823459696e+01,1.172743553e+01,2.718446282e+00,1.001528322e+00,-7.160482727e-02,1.624896531e-01
27.240000,1.822575517e+01,1.173219383e+01,2.720071179e+00,1.001528326e+00,-7.160482616e-02,1.624896525e-01
27.250000,1.821690566e+01,1.173693776e+01,2.721696075e+00,1.001528329e+00,-7.160482506e-02,1.624896520e-01
27.260000,1.820804846e+01,1.174166730e+01,2.723320972e+00,1.001528333e+00,-7.160482397e-02,1.624896514e-01
27.270000,1.819918359e+01,1.174638244e+01,2.724945868e+00,1.001528336e+00,-7.160482289e-02,1.624896509e-01
27.280000,1.819031106e+01,1.175108318e+01,2.726570765e+00,1.001528339e+00,-7.160482182e-02,1.624896504e-01
27.290000,1.818143091e+01,1.175576949e+01,2.728195661e+00,1.001528343e+00,-7.160482076e-02,1.624896498e-01
27.300000,1.817254315e+01,1.176044136e+01,2.729820558e+00,1.001528346e+00,-7.160481971e-02,1.624896493e-01
27.310000,1.816364782e+01,1.176509879e+01,2.731445454e+00,1.001528349e+00,-7.160481867e-02,1.624896488e-01
27.320000,1.815474492e+01,1.176974175e+01,2.733070351e+00,1.001528353e+00,-7.160481765e-02,1.624896483e-01
27.330000,1.814583450e+01,1.177437025e+01,2.734695247e+00,1.001528356e+00,-7.160481663e-02,1.624896478e-01
27.340000,1.813691657e+01,1.177898426e+01,2.736320144e+00,1.001528359e+00,-7.160481562e-02,1.624896473e-01
27.350000,1.812799115e+01,1.178358377e+01,2.737945040e+00,1.001528362e+00,-7.160481463e-02,1.624896468e-01
27.360000,1.811905827e+01,1.178816877e+01,2.739569936e+00,1.001528366e+00,-7.160481364e-02,1.624896463e-01
27.370000,1.811011795e+01,1.179273925e+01,2.741194833e+00,1.001528369e+00,-7.160481267e-02,1.624896458e-01
27.380000,1.810117022e+01,1.179729520e+01,2.742819729e+00,1.001528372e+00,-7.160481170e-02,1.624896453e-01
27.390000,1.809221509e+01,1.180183661e+01,2.744444626e+00,1.001528375e+00,-7.160481074e-02,1.624896448e-01
27.400000,1.808325260e+01,1.180636345e+01,2.746069522e+00,1.001528378e+00,-7.160480980e-02,1.624896443e-01
27.410000,1.807428276e+01,1.181087573e+01,2.747694419e+00,1.001528381e+00,-7.160480886e-02,1.624896439e-01
27.420000,1.806530561e+01,1.181537343e+01,2.749319315e+00,1.001528384e+00,-7.160480793e-02,1.624896434e-01
27.430000,1.805632115e+01,1.181985653e+01,2.750944212e+00,1.001528387e+00,-7.160480701e-02,1.624896429e-01
27.440000,1.804732943e+01,1.182432503e+01,2.752569108e+00,1.001528390e+00,-7.160480610e-02,1.624896425e-01
27.450000,1.803833045e+01,1.182877891e+01,2.754194004e+00,1.001528393e+00,-7.160480520e-02,1.624896420e-01
27.460000,1.802932425e+01,1.183321817e+01,2.755818901e+00,1.001528396e+00,-7.160480431e-02,1.624896416e-01
27.470000,1.802031085e+01,1.183764278e+01,2.757443797e+00,1.001528399e+00,-7.160480343e-02,1.624896412e-01
27.480000,1.801129027e+01,1.184205274e+01,2.759068694e+00,1.001528402e+00,-7.160480256e-02,1.624896407e-01
27.490000,1.800226254e+01,1.184644804e+01,2.760693590e+00,1.001528405e+00,-7.160480169e-02,1.624896403e-01
27.500000,1.799322768e+01,1.185082867e+01,2.762318486e+00,1.001528408e+00,-7.160480084e-02,1.624896399e-01
27.510000,1.798418571e+01,1.185519461e+01,2.763943383e+00,1.001528411e+00,-7.160479999e-02,1.624896394e-01
27.520000,1.797513666e+01,1.185954585e+01,2.765568279e+00,1.001528414e+00,-7.160479915e-02,1.624896390e-01
27.530000,1.796608055e+01,1.186388238e+01,2.767193176e+00,1.001528416e+00,-7.160479832e-02,1.624896386e-01
27.540000,1.795701740e+01,1.186820419e+01,2.768818072e+00,1.001528419e+00,-7.160479750e-02,1.624896382e-01
27.550000,1.794794725e+01,1.187251126e+01,2.770442968e+00,1.001528422e+00,-7.160479669e-02,1.624896378e-01
27.560000,1.793887011e+01,1.187680360e+01,2.772067865e+00,1.001528425e+00,-7.160479588e-02,1.624896374e-01
27.570000,1.792978600e+01,1.188108117e+01,2.773692761e+00,1.001528427e+00,-7.160479509e-02,1.624896370e-01
27.580000,1.792069496e+01,1.188534399e+01,2.775317658e+00,1.001528430e+00,-7.160479430e-02,1.624896366e-01
27.590000,1.791159700e+01,1.188959202e+01,2.776942554e+00,1.001528433e+00,-7.160479352e-02,1.624896362e-01
27.600000,1.790249216e+01,1.189382527e+01,2.778567450e+00,1.001528435e+00,-7.160479275e-02,1.624896359e-01
27.610000,1.789338044e+01,1.189804371e+01,2.780192347e+00,1.001528438e+00,-7.160479198e-02,1.624896355e-01
27.620000,1.788426188e+01,1.190224735e+01,2.781817243e+00,1.001528441e+00,-7.160479123e-02,1.624896351e-01
27.630000,1.787513651e+01,1.190643616e+01,2.783442139e+00,1.001528443e+00,-7.160479048e-02,1.624896347e-01
27.640000,1.786600434e+01,1.191061014e+01,2.785067036e+00,1.001528446e+00,-7.160478974e-02,1.624896344e-01
27.650000,1.785686540e+01,1.191476927e+01,2.786691932e+00,1.001528448e+00,-7.160478901e-02,1.624896340e-01
27.660000,1.784771971e+01,1.191891355e+01,2.788316828e+00,1.001528451e+00,-7.160478828e-02,1.624896337e-01
27.670000,1.783856730e+01,1.192304296e+01,2.789941725e+00,1.001528454e+00,-7.160478756e-02,1.624896333e-01
27.680000,1.782940820e+01,1.192715750e+01,2.791566621e+00,1.001528456e+00,-7.160478685e-02,1.624896330e-01
27.690000,1.782024242e+01,1.193125715e+01,2.793191517e+00,1.001528459e+00,-7.160478615e-02,1.624896326e-01
27.700000,1.781106999e+01,1.193534190e+01,2.794816414e+00,1.001528461e+00,-7.160478545e-02,1.624896323e-01
27.710000,1.780189093e+01,1.193941173e+01,2.796441310e+00,1.001528463e+00,-7.160478476e-02,1.624896319e-01
27.720000,1.779270528e+01,1.194346665e+01,2.798066206e+00,1.001528466e+00,-7.160478408e-02,1.624896316e-01
27.730000,1.778351305e+01,1.194750664e+01,2.799691103e+00,1.001528468e+00,-7.160478340e-02,1.624896313e-01
27.740000,1.777431426e+01,1.195153169e+01,2.801315999e+00,1.001528471e+00,-7.160478274e-02,1.624896309e-01
27.750000,1.776510895e+01,1.195554178e+01,2.802940895e+00,1.001528473e+00,-7.160478208e-02,1.624896306e-01
27.760000,1.775589713e+01,1.195953691e+01,2.804565792e+00,1.001528475e+00,-7.160478142e-02,1.624896303e-01
27.770000,1.774667884e+01,1.196351707e+01,2.806190688e+00,1.001528478e+00,-7.160478077e-02,1.624896300e-01
27.780000,1.773745409e+01,1.196748224e+01,2.807815584e+00,1.001528480e+00,-7.160478013e-02,1.624896297e-01
27.790000,1.772822290e+01,1.197143242e+01,2.809440480e+00,1.001528482e+00,-7.160477950e-02,1.624896293e-01
27.800000,1.771898532e+01,1.197536759e+01,2.811065377e+00,1.001528485e+00,-7.160477887e-02,1.624896290e-01
27.810000,1.770974135e+01,1.197928775e+01,2.812690273e+00,1.001528487e+00,-7.160477825e-02,1.624896287e-01
27.820000,1.770049102e+01,1.198319288e+01,2.814315169e+00,1.001528489e+00,-7.160477764e-02,1.624896284e-01
27.830000,1.769123436e+01,1.198708298e+01,2.815940066e+00,1.001528491e+00,-7.160477703e-02,1.624896281e-01
27.840000,1.768197139e+01,1.199095803e+01,2.817564962e+00,1.001528494e+00,-7.160477643e-02,1.624896278e-01
27.850000,1.767270213e+01,1.199481803e+01,2.819189858e+00,1.001528496e+00,-7.160477583e-02,1.624896276e-01
27.860000,1.766342662e+01,1.199866295e+01,2.820814754e+00,1.001528498e+00,-7.160477524e-02,1.624896273e-01
27.870000,1.765414487e+01,1.200249280e+01,2.822439651e+00,1.001528500e+00,-7.160477466e-02,1.624896270e-01
27.880000,1.764485691e+01,1.200630757e+01,2.824064547e+00,1.001528502e+00,-7.160477408e-02,1.624896267e-01
27.890000,1.763556276e+01,1.201010723e+01,2.825689443e+00,1.001528505e+00,-7.160477351e-02,1.624896264e-01
27.900000,1.762626245e+01,1.201389179e+01,2.827314339e+00,1.001528507e+00,-7.160477295e-02,1.624896262e-01
27.910000,1.761695600e+01,1.201766124e+01,2.828939236e+00,1.001528509e+00,-7.160477239e-02,1.624896259e-01
27.920000,1.760764345e+01,1.202141555e+01,2.830564132e+00,1.001528511e+00,-7.160477183e-02,1.624896256e-01
27.930000,1.759832480e+01,1.202515473e+01,2.832189028e+00,1.001528513e+00,-7.160477129e-02,1.624896253e-01
27.940000,1.758900009e+01,1.202887876e+01,2.833813924e+00,1.001528515e+00,-7.160477075e-02,1.624896251e-01
27.950000,1.757966934e+01,1.203258764e+01,2.835438821e+00,1.001528517e+00,-7.160477021e-02,1.624896248e-01
27.960000,1.757033258e+01,1.203628135e+01,2.837063717e+00,1.001528519e+00,-7.160476968e-02,1.624896246e-01
27.970000,1.756098982e+01,1.203995988e+01,2.838688613e+00,1.001528521e+00,-7.160476916e-02,1.624896243e-01
27.980000,1.755164110e+01,1.204362323e+01,2.840313509e+00,1.001528523e+00,-7.160476864e-02,1.624896241e-01
27.990000,1.754228645e+01,1.204727138e+01,2.841938406e+00,1.001528525e+00,-7.160476812e-02,1.624896238e-01
28.000000,1.753292587e+01,1.205090432e+01,2.843563302e+00,1.001528527e+00,-7.160476762e-02,1.624896236e-01
28.010000,1.752355941e+01,1.205452206e+01,2.845188198e+00,1.001528529e+00,-7.160476711e-02,1.624896233e-01
28.020000,1.751418708e+01,1.205812456e+01,2.846813094e+00,1.001528531e+00,-7.160476662e-02,1.624896231e-01
28.030000,1.750480890e+01,1.206171184e+01,2.848437991e+00,1.001528533e+00,-7.160476612e-02,1.624896229e-01
28.040000,1.749542492e+01,1.206528387e+01,2.850062887e+00,1.001528535e+00,-7.160476564e-02,1.624896226e-01
28.050000,1.748603514e+01,1.206884064e+01,2.851687783e+00,1.001528537e+00,-7.160476515e-02,1.624896224e-01
28.060000,1.747663959e+01,1.207238216e+01,2.853312679e+00,1.001528539e+00,-7.160476468e-02,1.624896222e-01
28.070000,1.746723830e+01,1.207590840e+01,2.854937576e+00,1.001528540e+00,-7.160476421e-02,1.624896219e-01
28.080000,1.745783129e+01,1.207941937e+01,2.856562472e+00,1.001528542e+00,-7.160476374e-02,1.624896217e-01
28.090000,1.744841859e+01,1.208291504e+01,2.858187368e+00,1.001528544e+00,-7.160476328e-02,1.624896215e-01
28.100000,1.743900022e+01,1.208639541e+01,2.859812264e+00,1.001528546e+00,-7.160476282e-02,1.624896213e-01
28.110000,1.742957621e+01,1.208986048e+01,2.861437160e+00,1.001528548e+00,-7.160476237e-02,1.624896211e-01
28.120000,1.742014659e+01,1.209331023e+01,2.863062057e+00,1.001528550e+00,-7.160476192e-02,1.624896208e-01
28.130000,1.741071136e+01,1.209674465e+01,2.864686953e+00,1.001528551e+00,-7.160476148e-02,1.624896206e-01
28.140000,1.740127058e+01,1.210016373e+01,2.866311849e+00,1.001528553e+00,-7.160476104e-02,1.624896204e-01
28.150000,1.739182424e+01,1.210356747e+01,2.867936745e+00,1.001528555e+00,-7.160476061e-02,1.624896202e-01
28.160000,1.738237239e+01,1.210695586e+01,2.869561641e+00,1.001528557e+00,-7.160476018e-02,1.624896200e-01
28.170000,1.737291505e+01,1.211032888e+01,2.871186538e+00,1.001528558e+00,-7.160475976e-02,1.624896198e-01
28.180000,1.736345224e+01,1.211368654e+01,2.872811434e+00,1.001528560e+00,-7.160475934e-02,1.624896196e-01
28.190000,1.735398398e+01,1.211702881e+01,2.874436330e+00,1.001528562e+00,-7.160475893e-02,1.624896194e-01
28.200000,1.734451031e+01,1.212035569e+01,2.876061226e+00,1.001528563e+00,-7.160475852e-02,1.624896192e-01
28.210000,1.733503124e+01,1.212366717e+01,2.877686122e+00,1.001528565e+00,-7.160475811e-02,1.624896190e-01
28.220000,1.732554680e+01,1.212696325e+01,2.879311019e+00,1.001528567e+00,-7.160475771e-02,1.624896188e-01
28.230000,1.731605702e+01,1.213024391e+01,2.880935915e+00,1.001528568e+00,-7.160475732e-02,1.624896187e-01
28.240000,1.730656193e+01,1.213350915e+01,2.882560811e+00,1.001528570e+00,-7.160475692e-02,1.624896185e-01
28.250000,1.729706154e+01,1.213675895e+01,2.884185707e+00,1.001528572e+00,-7.160475653e-02,1.624896183e-01
28.260000,1.728755588e+01,1.213999332e+01,2.885810603e+00,1.001528573e+00,-7.160475615e-02,1.624896181e-01
28.270000,1.727804498e+01,1.214321223e+01,2.887435500e+00,1.001528575e+00,-7.160475577e-02,1.624896179e-01
28.280000,1.726852886e+01,1.214641569e+01,2.889060396e+00,1.001528576e+00,-7.160475540e-02,1.624896177e-01
28.290000,1.725900754e+01,1.214960367e+01,2.890685292e+00,1.001528578e+00,-7.160475502e-02,1.624896176e-01
28.300000,1.724948106e+01,1.215277619e+01,2.892310188e+00,1.001528580e+00,-7.160475466e-02,1.624896174e-01
28.310000,1.723994944e+01,1.215593322e+01,2.893935084e+00,1.001528581e+00,-7.160475429e-02,1.624896172e-01
28.320000,1.723041270e+01,1.215907475e+01,2.895559980e+00,1.001528583e+00,-7.160475393e-02,1.624896171e-01
28.330000,1.722087087e+01,1.216220079e+01,2.897184877e+00,1.001528584e+00,-7.160475358e-02,1.624896169e-01
28.340000,1.721132397e+01,1.216531132e+01,2.898809773e+00,1.001528586e+00,-7.160475323e-02,1.624896167e-01
28.350000,1.720177203e+01,1.216840633e+01,2.900434669e+00,1.001528587e+00,-7.160475288e-02,1.624896166e-01
28.360000,1.719221508e+01,1.217148581e+01,2.902059565e+00,1.001528589e+00,-7.160475253e-02,1.624896164e-01
28.370000,1.718265313e+01,1.217454977e+01,2.903684461e+00,1.001528590e+00,-7.160475219e-02,1.624896162e-01
28.380000,1.717308621e+01,1.217759818e+01,2.905309357e+00,1.001528592e+00,-7.160475186e-02,1.624896161e-01
28.390000,1.716351436e+01,1.218063104e+01,2.906934254e+00,1.001528593e+00,-7.160475153e-02,1.624896159e-01
28.400000,1.715393759e+01,1.218364835e+01,2.908559150e+00,1.001528595e+00,-7.160475120e-02,1.624896158e-01
28.410000,1.714435593e+01,1.218665009e+01,2.910184046e+00,1.001528596e+00,-7.160475087e-02,1.624896156e-01
28.420000,1.713476940e+01,1.218963625e+01,2.911808942e+00,1.001528597e+00,-7.160475055e-02,1.624896155e-01
28.430000,1.712517804e+01,1.219260684e+01,2.913433838e+00,1.001528599e+00,-7.160475023e-02,1.624896153e-01
28.440000,1.711558186e+01,1.219556184e+01,2.915058734e+00,1.001528600e+00,-7.160474992e-02,1.624896152e-01
28.450000,1.710598089e+01,1.219850124e+01,2.916683630e+00,1.001528602e+00,-7.160474960e-02,1.624896150e-01
28.460000,1.709637516e+01,1.220142503e+01,2.918308527e+00,1.001528603e+00,-7.160474930e-02,1.624896149e-01
28.470000,1.708676469e+01,1.220433321e+01,2.919933423e+00,1.001528604e+00,-7.160474899e-02,1.624896147e-01
28.480000,1.707714951e+01,1.220722578e+01,2.921558319e+00,1.001528606e+00,-7.160474869e-02,1.624896146e-01
28.490000,1.706752964e+01,1.221010271e+01,2.923183215e+00,1.001528607e+00,-7.160474839e-02,1.624896145e-01
28.500000,1.705790511e+01,1.221296402e+01,2.924808111e+00,1.001528608e+00,-7.160474810e-02,1.624896143e-01
28.510000,1.704827594e+01,1.221580967e+01,2.926433007e+00,1.001528610e+00,-7.160474781e-02,1.624896142e-01
28.520000,1.703864216e+01,1.221863968e+01,2.928057903e+00,1.001528611e+00,-7.160474752e-02,1.624896141e-01
28.530000,1.702900379e+01,1.222145403e+01,2.929682800e+00,1.001528612e+00,-7.160474724e-02,1.624896139e-01
28.540000,1.701936087e+01,1.222425272e+01,2.931307696e+00,1.001528614e+00,-7.160474695e-02,1.624896138e-01
28.550000,1.700971341e+01,1.222703573e+01,2.932932592e+00,1.001528615e+00,-7.160474668e-02,1.624896137e-01
28.560000,1.700006144e+01,1.222980307e+01,2.934557488e+00,1.001528616e+00,-7.160474640e-02,1.624896135e-01
28.570000,1.699040498e+01,1.223255471e+01,2.936182384e+00,1.001528617e+00,-7.160474613e-02,1.624896134e-01
28.580000,1.698074407e+01,1.223529066e+01,2.937807280e+00,1.001528619e+00,-7.160474586e-02,1.624896133e-01
28.590000,1.697107873e+01,1.223801091e+01,2.939432176e+00,1.001528620e+00,-7.160474559e-02,1.624896132e-01
28.600000,1.696140897e+01,1.224071546e+01,2.941057073e+00,1.001528621e+00,-7.160474533e-02,1.624896131e-01
28.610000,1.695173484e+01,1.224340428e+01,2.942681969e+00,1.001528622e+00,-7.160474507e-02,1.624896129e-01
28.620000,1.694205635e+01,1.224607738e+01,2.944306865e+00,1.001528624e+00,-7.160474481e-02,1.624896128e-01
28.630000,1.693237353e+01,1.224873476e+01,2.945931761e+00,1.001528625e+00,-7.160474456e-02,1.624896127e-01
28.640000,1.692268640e+01,1.225137639e+01,2.947556657e+00,1.001528626e+00,-7.160474431e-02,1.624896126e-01
28.650000,1.691299500e+01,1.225400228e+01,2.949181553e+00,1.001528627e+00,-7.160474406e-02,1.624896125e-01
28.660000,1.690329934e+01,1.225661243e+01,2.950806449e+00,1.001528628e+00,-7.160474381e-02,1.624896124e-01
28.670000,1.689359945e+01,1.225920681e+01,2.952431345e+00,1.001528630e+00,-7.160474357e-02,1.624896123e-01
28.680000,1.688389536e+01,1.226178543e+01,2.954056242e+00,1.001528631e+00,-7.160474333e-02,1.624896121e-01
28.690000,1.687418709e+01,1.226434827e+01,2.955681138e+00,1.001528632e+00,-7.160474309e-02,1.624896120e-01
28.700000,1.686447467e+01,1.226689534e+01,2.957306034e+00,1.001528633e+00,-7.160474286e-02,1.624896119e-01
28.710000,1.685475812e+01,1.226942662e+01,2.958930930e+00,1.001528634e+00,-7.160474263e-02,1.624896118e-01
28.720000,1.684503747e+01,1.227194211e+01,2.960555826e+00,1.001528635e+00,-7.160474240e-02,1.624896117e-01
28.730000,1.683531275e+01,1.227444181e+01,2.962180722e+00,1.001528636e+00,-7.160474217e-02,1.624896116e-01
28.740000,1.682558398e+01,1.227692570e+01,2.963805618e+00,1.001528638e+00,-7.160474195e-02,1.624896115e-01
28.750000,1.681585119e+01,1.227939377e+01,2.965430514e+00,1.001528639e+00,-7.160474172e-02,1.624896114e-01
28.760000,1.680611440e+01,1.228184603e+01,2.967055411e+00,1.001528640e+00,-7.160474151e-02,1.624896113e-01
28.770000,1.679637364e+01,1.228428246e+01,2.968680307e+00,1.001528641e+00,-7.160474129e-02,1.624896112e-01
28.780000,1.678662893e+01,1.228670307e+01,2.970305203e+00,1.001528642e+00,-7.160474108e-02,1.624896111e-01
28.790000,1.677688030e+01,1.228910783e+01,2.971930099e+00,1.001528643e+00,-7.160474086e-02,1.624896110e-01
28.800000,1.676712778e+01,1.229149676e+01,2.973554995e+00,1.001528644e+00,-7.160474065e-02,1.624896109e-01
28.810000,1.675737138e+01,1.229386983e+01,2.975179891e+00,1.001528645e+00,-7.160474045e-02,1.624896108e-01
28.820000,1.674761115e+01,1.229622704e+01,2.976804787e+00,1.001528646e+00,-7.160474024e-02,1.624896108e-01
28.830000,1.673784710e+01,1.229856840e+01,2.978429683e+00,1.001528647e+00,-7.160474004e-02,1.624896107e-01
28.840000,1.672807925e+01,1.230089388e+01,2.980054579e+00,1.001528648e+00,-7.160473984e-02,1.624896106e-01
28.850000,1.671830764e+01,1.230320349e+01,2.981679476e+00,1.001528649e+00,-7.160473965e-02,1.624896105e-01
28.860000,1.670853229e+01,1.230549722e+01,2.983304372e+00,1.001528650e+00,-7.160473945e-02,1.624896104e-01
28.870000,1.669875323e+01,1.230777506e+01,2.984929268e+00,1.001528651e+00,-7.160473926e-02,1.624896103e-01
28.880000,1.668897047e+01,1.231003701e+01,2.986554164e+00,1.001528652e+00,-7.160473907e-02,1.624896102e-01
28.890000,1.667918406e+01,1.231228306e+01,2.988179060e+00,1.001528653e+00,-7.160473888e-02,1.624896102e-01
28.900000,1.666939401e+01,1.231451321e+01,2.989803956e+00,1.001528654e+00,-7.160473869e-02,1.624896101e-01
28.910000,1.665960034e+01,1.231672744e+01,2.991428852e+00,1.001528655e+00,-7.160473851e-02,1.624896100e-01
28.920000,1.664980309e+01,1.231892576e+01,2.993053748e+00,1.001528656e+00,-7.160473833e-02,1.624896099e-01
28.930000,1.664000229e+01,1.232110816e+01,2.994678644e+00,1.001528657e+00,-7.160473815e-02,1.624896098e-01
28.940000,1.663019795e+01,1.232327462e+01,2.996303540e+00,1.001528658e+00,-7.160473797e-02,1.624896097e-01
28.950000,1.662039010e+01,1.232542516e+01,2.997928437e+00,1.001528659e+00,-7.160473780e-02,1.624896097e-01
28.960000,1.661057877e+01,1.232755975e+01,2.999553333e+00,1.001528660e+00,-7.160473762e-02,1.624896096e-01
28.970000,1.660076399e+01,1.232967840e+01,3.001178229e+00,1.001528661e+00,-7.160473745e-02,1.624896095e-01
28.980000,1.659094577e+01,1.233178110e+01,3.002803125e+00,1.001528662e+00,-7.160473728e-02,1.624896094e-01
28.990000,1.658112415e+01,1.233386784e+01,3.004428021e+00,1.001528663e+00,-7.160473712e-02,1.624896094e-01
29.000000,1.657129916e+01,1.233593862e+01,3.006052917e+00,1.001528663e+00,-7.160473695e-02,1.624896093e-01
29.010000,1.656147081e+01,1.233799343e+01,3.007677813e+00,1.001528664e+00,-7.160473679e-02,1.624896092e-01
29.020000,1.655163914e+01,1.234003227e+01,3.009302709e+00,1.001528665e+00,-7.160473663e-02,1.624896092e-01
29.030000,1.654180417e+01,1.234205513e+01,3.010927605e+00,1.001528666e+00,-7.160473647e-02,1.624896091e-01
29.040000,1.653196592e+01,1.234406201e+01,3.012552501e+00,1.001528667e+00,-7.160473631e-02,1.624896090e-01
29.050000,1.652212442e+01,1.234605290e+01,3.014177397e+00,1.001528668e+00,-7.160473615e-02,1.624896090e-01
29.060000,1.651227971e+01,1.234802779e+01,3.015802294e+00,1.001528669e+00,-7.160473600e-02,1.624896089e-01
29.070000,1.650243179e+01,1.234998669e+01,3.017427190e+00,1.001528670e+00,-7.160473585e-02,1.624896088e-01
29.080000,1.649258071e+01,1.235192958e+01,3.019052086e+00,1.001528670e+00,-7.160473570e-02,1.624896088e-01
29.090000,1.648272648e+01,1.235385646e+01,3.020676982e+00,1.001528671e+00,-7.160473555e-02,1.624896087e-01
29.100000,1.647286914e+01,1.235576733e+01,3.022301878e+00,1.001528672e+00,-7.160473540e-02,1.624896086e-01
29.110000,1.646300870e+01,1.235766218e+01,3.023926774e+00,1.001528673e+00,-7.160473526e-02,1.624896086e-01
29.120000,1.645314520e+01,1.235954100e+01,3.025551670e+00,1.001528674e+00,-7.160473512e-02,1.624896085e-01
29.130000,1.644327865e+01,1.236140379e+01,3.027176566e+00,1.001528674e+00,-7.160473498e-02,1.624896085e-01
29.140000,1.643340910e+01,1.236325055e+01,3.028801462e+00,1.001528675e+00,-7.160473484e-02,1.624896084e-01
29.150000,1.642353655e+01,1.236508127e+01,3.030426358e+00,1.001528676e+00,-7.160473470e-02,1.624896083e-01
29.160000,1.641366105e+01,1.236689595e+01,3.032051254e+00,1.001528677e+00,-7.160473456e-02,1.624896083e-01
29.170000,1.640378260e+01,1.236869457e+01,3.033676150e+00,1.001528678e+00,-7.160473443e-02,1.624896082e-01
29.180000,1.639390125e+01,1.237047715e+01,3.035301047e+00,1.001528678e+00,-7.160473430e-02,1.624896082e-01
29.190000,1.638401702e+01,1.237224366e+01,3.036925943e+00,1.001528679e+00,-7.160473416e-02,1.624896081e-01
29.200000,1.637412992e+01,1.237399411e+01,3.038550839e+00,1.001528680e+00,-7.160473403e-02,1.624896081e-01
29.210000,1.636424000e+01,1.237572849e+01,3.040175735e+00,1.001528681e+00,-7.160473391e-02,1.624896080e-01
29.220000,1.635434727e+01,1.237744680e+01,3.041800631e+00,1.001528681e+00,-7.160473378e-02,1.624896079e-01
29.230000,1.634445176e+01,1.237914904e+01,3.043425527e+00,1.001528682e+00,-7.160473366e-02,1.624896079e-01
29.240000,1.633455350e+01,1.238083519e+01,3.045050423e+00,1.001528683e+00,-7.160473353e-02,1.624896078e-01
29.250000,1.632465252e+01,1.238250526e+01,3.046675319e+00,1.001528684e+00,-7.160473341e-02,1.624896078e-01
29.260000,1.631474883e+01,1.238415923e+01,3.048300215e+00,1.001528684e+00,-7.160473329e-02,1.624896077e-01
29.270000,1.630484247e+01,1.238579711e+01,3.049925111e+00,1.001528685e+00,-7.160473317e-02,1.624896077e-01
29.280000,1.629493346e+01,1.238741890e+01,3.051550007e+00,1.001528686e+00,-7.160473306e-02,1.624896076e-01
29.290000,1.628502182e+01,1.238902457e+01,3.053174903e+00,1.001528687e+00,-7.160473294e-02,1.624896076e-01
29.300000,1.627510759e+01,1.239061415e+01,3.054799799e+00,1.001528687e+00,-7.160473283e-02,1.624896075e-01
29.310000,1.626519079e+01,1.239218761e+01,3.056424696e+00,1.001528688e+00,-7.160473271e-02,1.624896075e-01
29.320000,1.625527145e+01,1.239374495e+01,3.058049592e+00,1.001528689e+00,-7.160473260e-02,1.624896075e-01
29.330000,1.624534959e+01,1.239528617e+01,3.059674488e+00,1.001528689e+00,-7.160473249e-02,1.624896074e-01
29.340000,1.623542524e+01,1.239681127e+01,3.061299384e+00,1.001528690e+00,-7.160473238e-02,1.624896074e-01
29.350000,1.622549843e+01,1.239832025e+01,3.062924280e+00,1.001528691e+00,-7.160473228e-02,1.624896073e-01
29.360000,1.621556917e+01,1.239981309e+01,3.064549176e+00,1.001528691e+00,-7.160473217e-02,1.624896073e-01
29.370000,1.620563750e+01,1.240128979e+01,3.066174072e+00,1.001528692e+00,-7.160473206e-02,1.624896072e-01
29.380000,1.619570345e+01,1.240275035e+01,3.067798968e+00,1.001528693e+00,-7.160473196e-02,1.624896072e-01
29.390000,1.618576704e+01,1.240419477e+01,3.069423864e+00,1.001528693e+00,-7.160473186e-02,1.624896071e-01
29.400000,1.617582829e+01,1.240562305e+01,3.071048760e+00,1.001528694e+00,-7.160473176e-02,1.624896071e-01
29.410000,1.616588723e+01,1.240703517e+01,3.072673656e+00,1.001528695e+00,-7.160473166e-02,1.624896071e-01
29.420000,1.615594389e+01,1.240843114e+01,3.074298552e+00,1.001528695e+00,-7.160473156e-02,1.624896070e-01
29.430000,1.614599830e+01,1.240981094e+01,3.075923448e+00,1.001528696e+00,-7.160473146e-02,1.624896070e-01
29.440000,1.613605048e+01,1.241117459e+01,3.077548345e+00,1.001528697e+00,-7.160473137e-02,1.624896069e-01
29.450000,1.612610046e+01,1.241252207e+01,3.079173241e+00,1.001528697e+00,-7.160473127e-02,1.624896069e-01
29.460000,1.611614826e+01,1.241385338e+01,3.080798137e+00,1.001528698e+00,-7.160473118e-02,1.624896069e-01
29.470000,1.610619391e+01,1.241516852e+01,3.082423033e+00,1.001528698e+00,-7.160473109e-02,1.624896068e-01
29.480000,1.609623743e+01,1.241646748e+01,3.084047929e+00,1.001528699e+00,-7.160473100e-02,1.624896068e-01
29.490000,1.608627886e+01,1.241775026e+01,3.085672825e+00,1.001528700e+00,-7.160473091e-02,1.624896068e-01
29.500000,1.607631822e+01,1.241901685e+01,3.087297721e+00,1.001528700e+00,-7.160473082e-02,1.624896067e-01
29.510000,1.606635553e+01,1.242026726e+01,3.088922617e+00,1.001528701e+00,-7.160473073e-02,1.624896067e-01
29.520000,1.605639082e+01,1.242150148e+01,3.090547513e+00,1.001528701e+00,-7.160473065e-02,1.624896067e-01
29.530000,1.604642413e+01,1.242271951e+01,3.092172409e+00,1.001528702e+00,-7.160473056e-02,1.624896066e-01
29.540000,1.603645546e+01,1.242392134e+01,3.093797305e+00,1.001528703e+00,-7.160473048e-02,1.624896066e-01
29.550000,1.602648486e+01,1.242510697e+01,3.095422201e+00,1.001528703e+00,-7.160473040e-02,1.624896066e-01
29.560000,1.601651234e+01,1.242627640e+01,3.097047097e+00,1.001528704e+00,-7.160473031e-02,1.624896065e-01
29.570000,1.600653793e+01,1.242742962e+01,3.098671993e+00,1.001528704e+00,-7.160473023e-02,1.624896065e-01
29.580000,1.599656167e+01,1.242856664e+01,3.100296889e+00,1.001528705e+00,-7.160473015e-02,1.624896065e-01
29.590000,1.598658357e+01,1.242968744e+01,3.101921786e+00,1.001528705e+00,-7.160473008e-02,1.624896064e-01
29.600000,1.597660366e+01,1.243079203e+01,3.103546682e+00,1.001528706e+00,-7.160473000e-02,1.624896064e-01
29.610000,1.596662197e+01,1.243188040e+01,3.105171578e+00,1.001528707e+00,-7.160472992e-02,1.624896064e-01
29.620000,1.595663852e+01,1.243295254e+01,3.106796474e+00,1.001528707e+00,-7.160472985e-02,1.624896064e-01
29.630000,1.594665335e+01,1.243400847e+01,3.108421370e+00,1.001528708e+00,-7.160472977e-02,1.624896063e-01
29.640000,1.593666647e+01,1.243504817e+01,3.110046266e+00,1.001528708e+00,-7.160472970e-02,1.624896063e-01
29.650000,1.592667792e+01,1.243607164e+01,3.111671162e+00,1.001528709e+00,-7.160472963e-02,1.624896063e-01
29.660000,1.591668772e+01,1.243707888e+01,3.113296058e+00,1.001528709e+00,-7.160472956e-02,1.624896062e-01
29.670000,1.590669589e+01,1.243806988e+01,3.114920954e+00,1.001528710e+00,-7.160472948e-02,1.624896062e-01
29.680000,1.589670247e+01,1.243904465e+01,3.116545850e+00,1.001528710e+00,-7.160472942e-02,1.624896062e-01
29.690000,1.588670748e+01,1.244000317e+01,3.118170746e+00,1.001528711e+00,-7.160472935e-02,1.624896062e-01
29.700000,1.587671094e+01,1.244094546e+01,3.119795642e+00,1.001528711e+00,-7.160472928e-02,1.624896061e-01
29.710000,1.586671288e+01,1.244187150e+01,3.121420538e+00,1.001528712e+00,-7.160472921e-02,1.624896061e-01
29.720000,1.585671333e+01,1.244278129e+01,3.123045434e+00,1.001528712e+00,-7.160472915e-02,1.624896061e-01
29.730000,1.584671232e+01,1.244367484e+01,3.124670330e+00,1.001528713e+00,-7.160472908e-02,1.624896061e-01
29.740000,1.583670987e+01,1.244455213e+01,3.126295226e+00,1.001528713e+00,-7.160472902e-02,1.624896060e-01
29.750000,1.582670601e+01,1.244541317e+01,3.127920123e+00,1.001528714e+00,-7.160472895e-02,1.624896060e-01
29.760000,1.581670076e+01,1.244625795e+01,3.129545019e+00,1.001528714e+00,-7.160472889e-02,1.624896060e-01
29.770000,1.580669415e+01,1.244708647e+01,3.131169915e+00,1.001528715e+00,-7.160472883e-02,1.624896060e-01
29.780000,1.579668620e+01,1.244789874e+01,3.132794811e+00,1.001528715e+00,-7.160472877e-02,1.624896059e-01
29.790000,1.578667696e+01,1.244869473e+01,3.134419707e+00,1.001528716e+00,-7.160472871e-02,1.624896059e-01
29.800000,1.577666643e+01,1.244947447e+01,3.136044603e+00,1.001528716e+00,-7.160472865e-02,1.624896059e-01
29.810000,1.576665464e+01,1.245023794e+01,3.137669499e+00,1.001528717e+00,-7.160472859e-02,1.624896059e-01
29.820000,1.575664163e+01,1.245098514e+01,3.139294395e+00,1.001528717e+00,-7.160472854e-02,1.624896059e-01
29.830000,1.574662742e+01,1.245171606e+01,3.140919291e+00,1.001528718e+00,-7.160472848e-02,1.624896058e-01
29.840000,1.573661204e+01,1.245243072e+01,3.142544187e+00,1.001528718e+00,-7.160472843e-02,1.624896058e-01
29.850000,1.572659550e+01,1.245312910e+01,3.144169083e+00,1.001528718e+00,-7.160472837e-02,1.624896058e-01
29.860000,1.571657785e+01,1.245381120e+01,3.145793979e+00,1.001528719e+00,-7.160472832e-02,1.624896058e-01
29.870000,1.570655910e+01,1.245447702e+01,3.147418875e+00,1.001528719e+00,-7.160472826e-02,1.624896058e-01
29.880000,1.569653928e+01,1.245512657e+01,3.149043771e+00,1.001528720e+00,-7.160472821e-02,1.624896057e-01
29.890000,1.568651842e+01,1.245575983e+01,3.150668667e+00,1.001528720e+00,-7.160472816e-02,1.624896057e-01
29.900000,1.567649654e+01,1.245637681e+01,3.152293563e+00,1.001528721e+00,-7.160472811e-02,1.624896057e-01
29.910000,1.566647367e+01,1.245697750e+01,3.153918459e+00,1.001528721e+00,-7.160472806e-02,1.624896057e-01
29.920000,1.565644985e+01,1.245756190e+01,3.155543356e+00,1.001528721e+00,-7.160472801e-02,1.624896057e-01
29.930000,1.564642508e+01,1.245813002e+01,3.157168252e+00,1.001528722e+00,-7.160472796e-02,1.624896057e-01
29.940000,1.563639940e+01,1.245868185e+01,3.158793148e+00,1.001528722e+00,-7.160472791e-02,1.624896056e-01
29.950000,1.562637285e+01,1.245921739e+01,3.160418044e+00,1.001528723e+00,-7.160472786e-02,1.624896056e-01
29.960000,1.561634543e+01,1.245973663e+01,3.162042940e+00,1.001528723e+00,-7.160472782e-02,1.624896056e-01
29.970000,1.560631718e+01,1.246023958e+01,3.163667836e+00,1.001528724e+00,-7.160472777e-02,1.624896056e-01
29.980000,1.559628813e+01,1.246072623e+01,3.165292732e+00,1.001528724e+00,-7.160472773e-02,1.624896056e-01
29.990000,1.558625831e+01,1.246119659e+01,3.166917628e+00,1.001528724e+00,-7.160472768e-02,1.624896056e-01
30.000000,1.557622773e+01,1.246165065e+01,3.168542524e+00,1.001528725e+00,-7.160472764e-02,1.624896056e-01
